sample_id,smiles,Tg,split
698ddbe96c00d07d5428b9b5,[*]C[*],219.14999999999998,train
698ddbe96c00d07d5428b9b6,[*]CC[*]C,270.15,train
698ddbe96c00d07d5428b9b7,[*]CC[*]CC,249.04999999999998,test
698ddbe96c00d07d5428b9b8,[*]CC[*]CCC,236.14999999999998,train
698ddbe96c00d07d5428b9b9,[*]CC[*]C(C)C,333.15,train
698ddbe96c00d07d5428b9ba,[*]CC[*]CCCC,223.14999999999998,train
698ddbe96c00d07d5428b9bb,[*]CC[*]CC(C)C,308.34999999999997,test
698ddbe96c00d07d5428b9bc,[*]CC[*]CCCCC,227.64999999999998,test
698ddbe96c00d07d5428b9bd,[*]CC[*]CCCCCCC,226.14999999999998,val
698ddbe96c00d07d5428b9be,[*]CC[*]CCCCCCCC,238.14999999999998,train
698ddbe96c00d07d5428b9bf,[*]CC[*](C)C,201.14999999999998,train
698ddbe96c00d07d5428b9c0,[*]CC[*](C)CC,268.15,train
698ddbe96c00d07d5428b9c1,[*]CCC[*](C)C,261.15,train
698ddbe96c00d07d5428b9c2,[*]CC(C)C[*](C)C,310.15,train
698ddbe96c00d07d5428b9c3,[*]CCCC[*](C)C,253.14999999999998,train
698ddbe96c00d07d5428b9c4,[*]CCCC[*](C)CC,250.14999999999998,train
698ddbe96c00d07d5428b9c5,[*]CCCCCCCC[*]C,215.14999999999998,train
698ddbe96c00d07d5428b9c6,[*]CC[*]C1CCCC1,348.15,test
698ddbe96c00d07d5428b9c7,[*]CC[*]CC1CCCC1,333.15,train
698ddbe96c00d07d5428b9c8,[*]CC[*]C1CCCCC1,392.84999999999997,train
698ddbe96c00d07d5428b9c9,[*]CC[*]CC1CCCCC1,348.15,train
698ddbe96c00d07d5428b9ca,[*]CC[*]Cc1ccccc1,343.15,test
698ddbe96c00d07d5428b9cb,[*]CC[*]CCc1ccccc1,283.15,train
698ddbe96c00d07d5428b9cc,[*]CC[*]CCCCCC,219.14999999999998,test
698ddbe96c00d07d5428b9cd,[*]CC[*]CCCCCCCCCC,267.15,val
698ddbe96c00d07d5428b9ce,[*]CC[*]CCCCCCCCCCCC,283.15,train
698ddbe96c00d07d5428b9cf,[*]CC[*]CCCCCCCCCCCCCCCC,328.15,train
698ddbe96c00d07d5428b9d0,[*]CC[*]CC(C)(C)C,463.15,train
698ddbe96c00d07d5428b9d1,[*]CC[*]CCC1CCCCC1,313.15,train
698ddbe96c00d07d5428b9d2,[*]CC[*](C)CCC,300.15,val
698ddbe96c00d07d5428b9d3,[*]/C=C/CCC[*],173.54999999999998,train
698ddbe96c00d07d5428b9d4,[*]/C=C/CCC[*],173.54999999999998,test
698ddbe96c00d07d5428b9d5,[*]/C=C/CCC[*],173.54999999999998,val
698ddbe96c00d07d5428b9d6,[*]/C=C/CC[*],204.14999999999998,train
698ddbe96c00d07d5428b9d7,[*]/C=C/CC[*],204.14999999999998,train
698ddbe96c00d07d5428b9d8,[*]/C=C/CC[*],204.14999999999998,val
698ddbe96c00d07d5428b9d9,[*]/C=C/CC[*],170.14999999999998,val
698ddbe96c00d07d5428b9da,[*]/C=C/CC[*],170.14999999999998,test
698ddbe96c00d07d5428b9db,[*]/C=C/CC[*],170.14999999999998,test
698ddbe96c00d07d5428b9dc,[*]/C=C/CC[*],182.14999999999998,train
698ddbe96c00d07d5428b9dd,[*]/C=C/CC[*],182.14999999999998,train
698ddbe96c00d07d5428b9de,[*]/C=C/CC[*],182.14999999999998,train
698ddbe96c00d07d5428b9df,[*]CCC(C)C[*]C,247.14999999999998,val
698ddbe96c00d07d5428b9e0,[*]CC[*]CCCCCCCCCCCCCC,249.14999999999998,train
698ddbe96c00d07d5428b9e1,[*]/C=C/CCCCCC[*],195.14999999999998,train
698ddbe96c00d07d5428b9e2,[*]/C=C/CCC[*],180.64999999999998,val
698ddbe96c00d07d5428b9e3,[*]/C=C/CCC[*],180.64999999999998,train
698ddbe96c00d07d5428b9e4,[*]/C=C/CCC[*],180.64999999999998,test
698ddbe96c00d07d5428b9e5,[*]CC[*]C1CCCC(C)C1,414.15,test
698ddbe96c00d07d5428b9e6,[*]CC[*]C1CCC(C)CC1,405.15,train
698ddbe96c00d07d5428b9e7,[*]CC/C=C(/[*])CCCCCCC,190.14999999999998,train
698ddbe96c00d07d5428b9e8,[*]CC/C=C(/[*])C(C)C,226.14999999999998,val
698ddbe96c00d07d5428b9e9,[*]/C=C/CCC[*],168.14999999999998,val
698ddbe96c00d07d5428b9ea,[*]/C=C/CCC[*],168.14999999999998,train
698ddbe96c00d07d5428b9eb,[*]/C=C/CCC[*],168.14999999999998,train
698ddbe96c00d07d5428b9ec,[*]/C=C/C1CCC[*]C1,304.15,train
698ddbe96c00d07d5428b9ed,[*]/C=C/CCCCCCCCCC[*],220.14999999999998,train
698ddbe96c00d07d5428b9ee,[*]/C=C/[*],269.15,train
698ddbe96c00d07d5428b9ef,[*]CC1[*]CCCCC1,373.15,train
698ddbe96c00d07d5428b9f0,[*]CC/C=C(/[*])C(C)(C)C,298.15,train
698ddbe96c00d07d5428b9f1,[*]CC/C=C(/[*])C(C)(C)C,298.15,train
698ddbe96c00d07d5428b9f2,[*]CC[*]c1ccccc1,371.15,train
698ddbe96c00d07d5428b9f3,[*]CC[*]c1ccccc1,371.15,test
698ddbe96c00d07d5428b9f4,[*]CC[*]c1ccccc1C,404.15,train
698ddbe96c00d07d5428b9f5,[*]CC[*]c1ccccc1COC,362.15,test
698ddbe96c00d07d5428b9f6,[*]CC[*]c1ccccc1COCC,347.15,train
698ddbe96c00d07d5428b9f7,[*]CC[*]c1ccccc1COCCC,370.15,val
698ddbe96c00d07d5428b9f8,[*]CC[*]c1ccccc1COC(C)C,361.15,test
698ddbe96c00d07d5428b9f9,[*]CC[*]c1ccccc1COCCCC,340.15,train
698ddbe96c00d07d5428b9fa,[*]CC[*]c1ccccc1COCCCCC,320.15,train
698ddbe96c00d07d5428b9fb,[*]CC[*]c1ccccc1COCCC(C)C,351.15,train
698ddbe96c00d07d5428b9fc,[*]CC[*]c1ccccc1COCc1ccccc1,345.15,train
698ddbe96c00d07d5428b9fd,[*]CC[*]c1ccccc1COCCc1ccccc1,336.15,train
698ddbe96c00d07d5428b9fe,[*]CC[*]c1ccccc1C(=O)NC,462.15,test
698ddbe96c00d07d5428b9ff,[*]CC[*]c1ccccc1C(=O)N(C)C,463.15,test
698ddbe96c00d07d5428ba00,[*]CC[*]c1ccccc1C(=O)Nc1ccccc1,464.15,test
698ddbe96c00d07d5428ba01,[*]CC[*]c1ccccc1C(=O)O,450.15,train
698ddbe96c00d07d5428ba02,[*]CC[*]c1ccccc1C(=O)OC,403.15,train
698ddbe96c00d07d5428ba03,[*]CC[*]c1ccccc1C(=O)OCC,391.15,train
698ddbe96c00d07d5428ba04,[*]CC[*]c1ccccc1C(=O)OCCC,381.15,test
698ddbe96c00d07d5428ba05,[*]CC[*]c1ccccc1C(=O)OC(C)C,419.15,train
698ddbe96c00d07d5428ba06,[*]CC[*]c1ccccc1C(=O)OCCCC,339.15,test
698ddbe96c00d07d5428ba07,[*]CC[*]c1ccccc1C(=O)OCC(C)C,400.15,train
698ddbe96c00d07d5428ba08,[*]CC[*]c1ccccc1C(=O)OCCCCC,365.15,train
698ddbe96c00d07d5428ba09,[*]CC[*]c1ccccc1C(=O)OCCC(C)C,341.15,train
698ddbe96c00d07d5428ba0a,[*]CC[*]c1ccccc1C(=O)OCCCCCC,318.15,train
698ddbe96c00d07d5428ba0b,[*]CC[*]c1ccccc1C(=O)Oc1ccccc1,397.15,val
698ddbe96c00d07d5428ba0c,[*]CC[*]c1ccccc1C(=O)OCCN(C)C,342.15,train
698ddbe96c00d07d5428ba0d,[*]CC[*]c1ccc(C(=O)OCCN(C)C)cc1,364.15,train
698ddbe96c00d07d5428ba0e,[*]CC[*]c1ccccc1Cl,392.15,train
698ddbe96c00d07d5428ba0f,[*]CC[*]c1ccccc1F,433.65,train
698ddbe96c00d07d5428ba10,[*]CC[*]c1cccc(C)c1,348.15,train
698ddbe96c00d07d5428ba11,[*]CC[*]c1cccc(Cl)c1,363.15,test
698ddbe96c00d07d5428ba12,[*]CC[*]c1cccc(F)c1,359.15,val
698ddbe96c00d07d5428ba13,[*]CC[*]c1ccc(C)cc1,376.15,test
698ddbe96c00d07d5428ba14,[*]CC[*]c1ccc(CC)cc1,344.54999999999995,test
698ddbe96c00d07d5428ba15,[*]CC[*]c1ccc(C(C)C)cc1,335.54999999999995,train
698ddbe96c00d07d5428ba16,[*]CC[*]c1ccc(CCCC)cc1,279.15,train
698ddbe96c00d07d5428ba17,[*]CC[*]c1ccc(C(C)(C)C)cc1,411.15,train
698ddbe96c00d07d5428ba18,[*]CC[*]c1ccc(CCCCCC)cc1,246.14999999999998,test
698ddbe96c00d07d5428ba19,[*]CC[*]c1ccc(CCCCCCCC)cc1,228.14999999999998,train
698ddbe96c00d07d5428ba1a,[*]CC[*]c1ccc(CCCCCCCCC)cc1,220.14999999999998,train
698ddbe96c00d07d5428ba1b,[*]CC[*]c1ccc(CCCCCCCCCC)cc1,208.14999999999998,val
698ddbe96c00d07d5428ba1c,[*]CC[*]c1ccc(CCCCCCCCCCCC)cc1,221.14999999999998,test
698ddbe96c00d07d5428ba1d,[*]CC[*]c1ccc(CCCCCCCCCCCCCC)cc1,237.14999999999998,test
698ddbe96c00d07d5428ba1e,[*]CC[*]c1ccc(CCCCCCCCCCCCCCCC)cc1,277.65,test
698ddbe96c00d07d5428ba1f,[*]CC[*]c1ccc(CCCCCCCCCCCCCCCCCC)cc1,305.15,train
698ddbe96c00d07d5428ba20,[*]CC[*]c1ccc(-c2ccccc2)cc1,434.65,train
698ddbe96c00d07d5428ba21,[*]CC[*]c1ccc(COCCOCC)cc1,273.15,train
698ddbe96c00d07d5428ba22,[*]CC[*]c1ccc(C#N)cc1,453.15,train
698ddbe96c00d07d5428ba23,[*]CC[*]c1ccc(Cl)cc1,397.15,train
698ddbe96c00d07d5428ba24,[*]CC[*]c1ccc(Br)cc1,405.15,val
698ddbe96c00d07d5428ba25,[*]CC[*]c1ccc(C(F)(F)C(F)(F)C(F)(F)C(F)(F)C(F)(F)C(F)(F)C(F)(F)F)cc1,315.15,train
698ddbe96c00d07d5428ba26,[*]CC[*]c1ccc(/C(C)=N/O)cc1,407.15,train
698ddbe96c00d07d5428ba27,[*]CC[*]c1ccc(C(C)(C)O)cc1,443.15,val
698ddbe96c00d07d5428ba28,[*]CC[*]c1ccc(C(C)(O)CC)cc1,463.15,train
698ddbe96c00d07d5428ba29,[*]CC[*]c1ccc(C(C)(O)CCC)cc1,408.15,train
698ddbe96c00d07d5428ba2a,[*]CC[*]c1ccc(C(C)(O)CCCC)cc1,363.15,test
698ddbe96c00d07d5428ba2b,[*]CC[*]c1ccc(C(C)(O)CCCCC)cc1,373.15,test
698ddbe96c00d07d5428ba2c,[*]CC[*]c1ccc(C(O)CCN(C)C)cc1,316.15,test
698ddbe96c00d07d5428ba2d,[*]CC[*]c1ccc(C(O)CCN2CCCCC2)cc1,327.15,train
698ddbe96c00d07d5428ba2e,[*]CC[*]c1ccc(C(O)CCN2CCOCC2)cc1,323.15,train
698ddbe96c00d07d5428ba2f,[*]CC[*]c1ccc(COC)cc1,350.15,test
698ddbe96c00d07d5428ba30,[*]CC[*]c1ccc(COCCO)cc1,319.15,train
698ddbe96c00d07d5428ba31,[*]CC[*]c1ccc(COCCC)cc1,295.15,val
698ddbe96c00d07d5428ba32,[*]CC[*]c1ccc(COCCCC)cc1,283.15,test
698ddbe96c00d07d5428ba33,[*]CC[*]c1ccc(COCCCCO)cc1,293.15,train
698ddbe96c00d07d5428ba34,[*]CC[*]c1ccc(COC(C)CC)cc1,313.15,train
698ddbe96c00d07d5428ba35,[*]CC[*]c1ccc(COCCCCCC)cc1,253.14999999999998,train
698ddbe96c00d07d5428ba36,[*]CC[*]c1ccc(COCCOCCCC)cc1,235.14999999999998,train
698ddbe96c00d07d5428ba37,[*]CC[*]c1ccc(C(=O)N(C)C)cc1,398.15,train
698ddbe96c00d07d5428ba38,[*]CC[*]c1ccc(C(=O)N(CC)CC)cc1,375.15,test
698ddbe96c00d07d5428ba39,[*]CC[*]c1ccc(C(=O)N2CCCCC2)cc1,387.15,train
698ddbe96c00d07d5428ba3a,[*]CC[*]c1ccc(C(=O)CCN2CCCCC2)cc1,311.15,train
698ddbe96c00d07d5428ba3b,[*]CC[*]c1ccc(C(=O)N2CCOCC2)cc1,400.15,val
698ddbe96c00d07d5428ba3c,[*]CC[*]c1ccc(C(=O)OC)cc1,395.15,train
698ddbe96c00d07d5428ba3d,[*]CC[*]c1ccc(C(=O)OCC)cc1,367.15,train
698ddbe96c00d07d5428ba3e,[*]CC[*]c1ccc(C(=O)OCCC)cc1,365.15,train
698ddbe96c00d07d5428ba3f,[*]CC[*]c1ccc(C(=O)OC(C)C)cc1,368.15,train
698ddbe96c00d07d5428ba40,[*]CC[*]c1ccc(C(=O)OCCCC)cc1,349.15,test
698ddbe96c00d07d5428ba41,[*]CC[*]c1ccc(C(=O)OCC(C)C)cc1,363.15,test
698ddbe96c00d07d5428ba42,[*]CC[*]c1ccc(C(=O)OCCCCCC)cc1,339.15,test
698ddbe96c00d07d5428ba43,[*]CC[*]c1ccc(C(=O)CC)cc1,375.15,test
698ddbe96c00d07d5428ba44,[*]CC[*]c1ccc(C(=O)CCC)cc1,347.15,train
698ddbe96c00d07d5428ba45,[*]CC[*]c1ccc(C(=O)CCCC)cc1,343.15,train
698ddbe96c00d07d5428ba46,[*]CC[*]c1ccc(C(=O)CCCCC)cc1,339.15,train
698ddbe96c00d07d5428ba47,[*]CC[*]c1ccc(C(=O)CCCCCCC)cc1,323.15,train
698ddbe96c00d07d5428ba48,[*]CC[*]c1ccc(C(=O)Cc2ccccc2)cc1,351.15,train
698ddbe96c00d07d5428ba49,[*]CC[*]c1ccc(C(=O)c2ccccc2)cc1,371.15,val
698ddbe96c00d07d5428ba4a,[*]CC[*]c1ccc(C(=O)c2ccc(C)cc2)cc1,372.15,train
698ddbe96c00d07d5428ba4b,[*]CC[*]c1ccc(F)cc1,368.15,train
698ddbe96c00d07d5428ba4c,[*]CC[*]c1ccc(I)cc1,431.15,test
698ddbe96c00d07d5428ba4d,[*]CC[*]c1ccc(OC)cc1,381.54999999999995,train
698ddbe96c00d07d5428ba4e,[*]CC[*]c1ccc(OCC)cc1,359.15,train
698ddbe96c00d07d5428ba4f,[*]CC[*]c1ccc(OCCC)cc1,343.15,train
698ddbe96c00d07d5428ba50,[*]CC[*]c1ccc(OCCCC)cc1,325.15,test
698ddbe96c00d07d5428ba51,[*]CC[*]c1ccc(OCCC(C)C)cc1,330.15,test
698ddbe96c00d07d5428ba52,[*]CC[*]c1ccc(Oc2ccccc2)cc1,358.15,train
698ddbe96c00d07d5428ba53,[*]CC[*]c1ccc(S(=O)(=O)OCCC)cc1,490.15,test
698ddbe96c00d07d5428ba54,[*]CC[*]c1ccc([Si](C)(C)C)cc1,409.15,train
698ddbe96c00d07d5428ba55,[*]CC[*]c1c(Cl)cccc1Cl,438.15,val
698ddbe96c00d07d5428ba56,[*]CC[*]c1ccc(C)cc1C,385.15,train
698ddbe96c00d07d5428ba57,[*]CC[*]c1ccc(Cl)cc1C,418.15,train
698ddbe96c00d07d5428ba58,[*]CC[*]c1ccc(Cl)cc1Cl,408.15,train
698ddbe96c00d07d5428ba59,[*]CC[*]c1cc(C)ccc1C,416.15,train
698ddbe96c00d07d5428ba5a,[*]CC[*]c1cc(C(C)(C)C)ccc1C,360.15,train
698ddbe96c00d07d5428ba5b,[*]CC[*]c1cc(Cl)ccc1Cl,381.15,train
698ddbe96c00d07d5428ba5c,[*]CC[*]c1cc(Br)ccc1OCCCC,320.15,train
698ddbe96c00d07d5428ba5d,[*]CC[*]c1cc(Br)ccc1OCC,353.15,train
698ddbe96c00d07d5428ba5e,[*]CC[*]c1cc(Br)ccc1OC,359.15,train
698ddbe96c00d07d5428ba5f,[*]CC[*]c1cc(Br)ccc1OCCC,327.15,val
698ddbe96c00d07d5428ba60,[*]CC[*]c1cc(Br)ccc1OC(C)C,308.15,train
698ddbe96c00d07d5428ba61,[*]CC[*]c1cc(Br)ccc1OCCCCC,322.15,train
698ddbe96c00d07d5428ba62,[*]CC[*]c1cc(Br)ccc1OCCC(C)C,310.15,train
698ddbe96c00d07d5428ba63,[*]CC[*]c1cc(C)cc(C)c1,385.15,train
698ddbe96c00d07d5428ba64,[*]CC[*]c1ccc(C)c(C)c1,384.15,train
698ddbe96c00d07d5428ba65,[*]CC[*]c1ccc(Cl)c(C)c1,387.15,train
698ddbe96c00d07d5428ba66,[*]CC[*]c1ccc(Cl)c(Cl)c1,401.15,test
698ddbe96c00d07d5428ba67,[*]CC[*]c1ccc(Cl)c(F)c1,395.15,val
698ddbe96c00d07d5428ba68,[*]CC[*]c1c(C)cc(C)cc1C,399.15,test
698ddbe96c00d07d5428ba69,[*]CC[*]c1cc(C)c(C)cc1C,377.15,test
698ddbe96c00d07d5428ba6a,[*]CC[*](C)c1ccccc1,441.15,test
698ddbe96c00d07d5428ba6b,[*]CC[*](C)c1ccc(C(C)C)cc1,413.15,train
698ddbe96c00d07d5428ba6c,[*]C(F)(F)C[*](F)c1ccccc1,479.15,train
698ddbe96c00d07d5428ba6d,[*]C(F)(F)C[*](F)c1c(F)c(F)c(F)c(F)c1F,467.15,val
698ddbe96c00d07d5428ba6e,[*]CC[*]c1cccc2ccccc12,433.15,train
698ddbe96c00d07d5428ba6f,[*]CC[*]c1ccc(C(C)=O)cc1,388.65,train
698ddbe96c00d07d5428ba70,[*]CC[*]c1ccc(C(=O)CCN2CCOCC2)cc1,314.15,train
698ddbe96c00d07d5428ba71,[*]CC[*](C(=O)OC)c1ccccc1,394.15,val
698ddbe96c00d07d5428ba72,[*]CC[*](C)c1ccc(C)cc1,449.15,test
698ddbe96c00d07d5428ba73,[*]CC[*]c1ccc(C(=O)C(F)(F)F)cc1,368.15,test
698ddbe96c00d07d5428ba74,[*]CC[*]c1ccc(C(=O)c2ccc(OC)cc2)cc1,376.15,train
698ddbe96c00d07d5428ba75,[*]CC[*]c1ccc(B(O[Si](C)(C)C)O[Si](C)(C)C)cc1,357.15,train
698ddbe96c00d07d5428ba76,[*]CC[*]c1cccc(B(O[Si](C)(C)C)O[Si](C)(C)C)c1,308.15,train
698ddbe96c00d07d5428ba77,[*]CC[*]c1ccc2ccccc2c1,419.65,val
698ddbe96c00d07d5428ba78,[*]CC[*]c1ccncc1,423.15,val
698ddbe96c00d07d5428ba79,[*]CC[*]c1cccc(C)n1,365.15,test
698ddbe96c00d07d5428ba7a,[*]CC[*]c1ccc(C)nc1,409.15,train
698ddbe96c00d07d5428ba7b,[*]CC[*]n1cc2ccccc2n1,314.65,train
698ddbe96c00d07d5428ba7c,[*]CC(c1ccccn1)C(c1ccccc1)C[*]c1ccccn1,423.15,test
698ddbe96c00d07d5428ba7d,[*]CC[*]c1ccc(O)cc1,431.15,train
698ddbe96c00d07d5428ba7e,[*]CC[*]c1ccc(OC(C)=O)cc1,386.15,train
698ddbe96c00d07d5428ba7f,[*]CC[*]c1ccc(CCC)cc1,319.9,train
698ddbe96c00d07d5428ba80,[*]CC[*]c1ccc(COCC(CC)CCCC)cc1,250.14999999999998,train
698ddbe96c00d07d5428ba81,[*]CC[*]c1ccc(COCCOCCCCCCCC)cc1,231.14999999999998,val
698ddbe96c00d07d5428ba82,[*]C([2H])([2H])C[*]([2H])c1c([2H])c([2H])c([2H])c([2H])c1[2H],370.15,train
698ddbe96c00d07d5428ba83,[*]CC[*]O,349.65,train
698ddbe96c00d07d5428ba84,[*]CC[*]C(C)=O,388.15,train
698ddbe96c00d07d5428ba85,[*]CC[*]C#N,368.15,train
698ddbe96c00d07d5428ba86,[*]CC[*](C)C#N,361.65,train
698ddbe96c00d07d5428ba87,[*]CC[*]c1ccccn1,373.15,test
698ddbe96c00d07d5428ba88,[*]CC[*]c1ccccn1,373.15,train
698ddbe96c00d07d5428ba89,[*]CC[*]n1c2ccccc2c2ccccc21,498.15,train
698ddbe96c00d07d5428ba8a,[*]CC[*]C[Si](C)(C)C,387.15,test
698ddbe96c00d07d5428ba8b,[*]CC[*]OC,247.34999999999997,test
698ddbe96c00d07d5428ba8c,[*]CC[*]OCC,240.14999999999998,test
698ddbe96c00d07d5428ba8d,[*]CC[*]OCCCC,222.14999999999998,val
698ddbe96c00d07d5428ba8e,[*]CC[*]OCCCCC,207.14999999999998,train
698ddbe96c00d07d5428ba8f,[*]CC[*]OCCCCCC,199.14999999999998,train
698ddbe96c00d07d5428ba90,[*]CC[*]OCCCCCCCCCC,211.14999999999998,train
698ddbe96c00d07d5428ba91,[*]CC[*]OC(C)=O,305.15,train
698ddbe96c00d07d5428ba92,[*]CC[*]OC(=O)CC,285.04999999999995,val
698ddbe96c00d07d5428ba93,[*]CC[*]OC(=O)c1ccccc1,343.54999999999995,train
698ddbe96c00d07d5428ba94,[*]CC[*]OCC(C)C,251.14999999999998,train
698ddbe96c00d07d5428ba95,[*]CC[*]O[N+](=O)[O-],310.65,train
698ddbe96c00d07d5428ba96,[*]/C=C/C(C)C[*]C(=O)OC,326.15,val
698ddbe96c00d07d5428ba97,[*]C#C/C(COS(=O)(=O)c1ccc(C)cc1)=C(/[*])COS(=O)(=O)c1ccc(C)cc1,200.14999999999998,val
698ddbe96c00d07d5428ba98,[*]CC[*]CC[Si](C)(C)C,405.15,train
698ddbe96c00d07d5428ba99,[*]CC[*]OC=O,310.15,train
698ddbe96c00d07d5428ba9a,[*]CC[*]OC(C)C,265.65,test
698ddbe96c00d07d5428ba9b,[*]CC[*](C)OC,340.15,test
698ddbe96c00d07d5428ba9c,[*]CC[*]OC(C)CC,247.14999999999998,train
698ddbe96c00d07d5428ba9d,[*]CC[*]OC(=O)C(F)(F)F,328.15,test
698ddbe96c00d07d5428ba9e,[*]C1CC[*](C#N)C1,493.15,train
698ddbe96c00d07d5428ba9f,[*]CC[*]Cc1cccc(C)c1,313.15,val
698ddbe96c00d07d5428baa0,[*]CC[*]Cc1ccccc1C,353.15,train
698ddbe96c00d07d5428baa1,[*]CC[*]Cc1ccc(C)cc1,338.15,train
698ddbe96c00d07d5428baa2,[*]CC[*]OC(=O)c1ccc(C(C)(C)C)cc1,394.15,train
698ddbe96c00d07d5428baa3,[*]/C=C/C(C[*])OC,262.65,train
698ddbe96c00d07d5428baa4,[*]CC/C=C(/[*])c1ccccc1,312.65,train
698ddbe96c00d07d5428baa5,[*]C[*]O,407.15,train
698ddbe96c00d07d5428baa6,[*]CC[*]OCC(CC)CCCC,207.14999999999998,train
698ddbe96c00d07d5428baa7,[*]CC[*]SCCCC,253.14999999999998,train
698ddbe96c00d07d5428baa8,[*]CC[*]SCC,266.15,train
698ddbe96c00d07d5428baa9,[*]C(F)(F)C[*](F)OC(F)(F)C(F)(F)C(F)(F)C(F)(F)F,263.15,train
698ddbe96c00d07d5428baaa,[*]C(F)(F)C[*](F)OC(F)(F)C(F)(F)F,302.15,val
698ddbe96c00d07d5428baab,[*]C(F)(F)C[*](OC(F)(F)F)OC(F)(F)F,213.14999999999998,train
698ddbe96c00d07d5428baac,[*]C(OC(F)(F)F)C[*](F)F,263.15,train
698ddbe96c00d07d5428baad,[*]C(F)C[*](F)OC(F)(F)F,263.15,train
698ddbe96c00d07d5428baae,[*]C(F)(F)C[*](F)OC(F)(F)F,268.15,train
698ddbe96c00d07d5428baaf,[*]CC[*]OCC(C)(C)CC,282.15,train
698ddbe96c00d07d5428bab0,[*]CC[*]SC,272.15,val
698ddbe96c00d07d5428bab1,[*]CC[*]OCCCCCCCC,193.64999999999998,test
698ddbe96c00d07d5428bab2,[*]CC[*](F)C(C)=O,415.15,train
698ddbe96c00d07d5428bab3,[*]CC[*]C(=O)c1ccccc1,345.9,train
698ddbe96c00d07d5428bab4,[*]CC[*]C(=O)c1ccc(Br)c(OC)c1,317.15,val
698ddbe96c00d07d5428bab5,[*]CC[*]C(=O)c1ccc(C(C)(C)C)cc1,376.65,train
698ddbe96c00d07d5428bab6,[*]CC[*]C(=O)c1ccc(Cl)cc1,336.15,train
698ddbe96c00d07d5428bab7,[*]CC[*]C(=O)c1ccc(CC)cc1,322.4,train
698ddbe96c00d07d5428bab8,[*]CC[*]C(=O)c1ccc(C(C)C)cc1,335.65,train
698ddbe96c00d07d5428bab9,[*]CC[*]C(=O)c1ccc(OC)cc1,319.15,train
698ddbe96c00d07d5428baba,[*]CC[*]C(=O)c1ccc(C)c(C)c1,315.15,test
698ddbe96c00d07d5428babb,[*]CC[*]C(=O)c1ccc(CCC)cc1,317.15,train
698ddbe96c00d07d5428babc,[*]CC[*]C(=O)c1ccc(C)cc1,332.65,train
698ddbe96c00d07d5428babd,[*]CC[*]OC(=O)c1ccccc1OC(C)=O,332.65,train
698ddbe96c00d07d5428babe,[*]CC[*]OC(=O)c1ccc(OC(C)=O)cc1,349.15,train
698ddbe96c00d07d5428babf,[*]CC[*]OC(=O)CCCC(=O)c1ccccc1,318.15,train
698ddbe96c00d07d5428bac0,[*]CC[*]OC(=O)c1cccc(Br)c1,330.65,train
698ddbe96c00d07d5428bac1,[*]CC[*]OC(=O)c1ccc(Br)cc1,358.65,train
698ddbe96c00d07d5428bac2,[*]CC[*]OC(=O)c1ccc(OC(=O)CCC)cc1,334.15,test
698ddbe96c00d07d5428bac3,[*]CC[*]OC(=O)c1ccccc1Cl,328.9,train
698ddbe96c00d07d5428bac4,[*]CC[*]OC(=O)c1cccc(Cl)c1,334.9,val
698ddbe96c00d07d5428bac5,[*]CC[*]OC(=O)c1ccc(Cl)cc1,343.4,val
698ddbe96c00d07d5428bac6,[*]CC[*]OC(=O)C1CCCCC1,339.15,train
698ddbe96c00d07d5428bac7,[*]CC[*]OC(=O)CC1CCCCC1,298.15,test
698ddbe96c00d07d5428bac8,[*]CC[*]OC(=O)CCCC1CCCCC1,263.15,train
698ddbe96c00d07d5428bac9,[*]CC[*]OC(=O)c1ccc(OCC)cc1,343.15,train
698ddbe96c00d07d5428baca,[*]CC[*]OC(=O)c1ccc(CC)cc1,330.15,val
698ddbe96c00d07d5428bacb,[*]CC[*]OC(=O)C(C)(CC)C(C)(C)C,393.15,train
698ddbe96c00d07d5428bacc,[*]CC[*]OC(=O)C(F)(F)C(F)(F)C(F)(F)F,300.15,test
698ddbe96c00d07d5428bacd,[*]CC[*]OC(=O)C1(F)C(F)(F)C(F)(F)C(F)(F)C(F)(F)C1(F)F,327.15,train
698ddbe96c00d07d5428bace,[*]CC[*]NC(=O)OC(C)(C)C,393.15,train
698ddbe96c00d07d5428bacf,[*]CC[*]OC(=O)C(F)(F)C(F)(F)C(F)(F)C(F)(F)C(F)(F)C(F)(F)C(F)(F)C(F)(F)C(F)(F)F,255.14999999999998,train
698ddbe96c00d07d5428bad0,[*]CC[*]OC(=O)C(F)(F)C(F)(F)C(F)(F)C(F)(F)C(F)(F)F,264.15,test
698ddbe96c00d07d5428bad1,[*]CC[*]OC(=O)C(F)(F)C(F)(F)C(F)(F)C(F)(F)C(F)(F)C(F)(F)C(F)(F)F,263.15,train
698ddbe96c00d07d5428bad2,[*]CC[*]OC(=O)C(F)(F)C(F)(F)F,315.15,train
698ddbe96c00d07d5428bad3,[*]CC[*]OC(=O)C(F)(F)C(F)(F)C(F)(F)C(F)(F)F,293.15,train
698ddbe96c00d07d5428bad4,[*]CC[*]OC(=O)c1ccncc1,371.65,train
698ddbe96c00d07d5428bad5,[*]CC[*]OC(=O)c1ccc(C(C)C)cc1,340.84999999999997,test
698ddbe96c00d07d5428bad6,[*]CC[*]OC(=O)C(C)(C(C)C)C(C)C,393.15,train
698ddbe96c00d07d5428bad7,[*]CC[*]OC(=O)c1ccccc1OC,338.15,train
698ddbe96c00d07d5428bad8,[*]CC[*]OC(=O)c1cccc(OC)c1,317.15,train
698ddbe96c00d07d5428bad9,[*]CC[*]OC(=O)c1ccc(OC)cc1,359.65,train
698ddbe96c00d07d5428bada,[*]CC[*]OC(=O)c1ccccc1C,315.65,train
698ddbe96c00d07d5428badb,[*]CC[*]OC(=O)c1cccc(C)c1,322.15,train
698ddbe96c00d07d5428badc,[*]CC[*]OC(=O)c1ccc(C)cc1,346.65,train
698ddbe96c00d07d5428badd,[*]CC[*]OC(=O)CC(C)(C)c1ccccc1,293.15,train
698ddbe96c00d07d5428bade,[*]CC[*]OC(=O)c1cccc([Si](C)(C)C)c1,353.15,test
698ddbe96c00d07d5428badf,[*]CC[*]OC(=O)c1ccc([Si](C)(C)C)cc1,403.65,train
698ddbe96c00d07d5428bae0,[*]CC[*]OC(=O)C(C)(C)CCC,283.15,test
698ddbe96c00d07d5428bae1,[*]CC[*]OC(=O)C(C)(C)C(C)(C)CC,363.15,train
698ddbe96c00d07d5428bae2,[*]CC[*]OC(=O)C(C)(C)C(C)C(C)C,328.15,train
698ddbe96c00d07d5428bae3,[*]CC[*]OC(=O)C(C)(C)CC(C)(C)C,328.15,train
698ddbe96c00d07d5428bae4,[*]CC[*]OC(=O)c1cccnc1,359.65,train
698ddbe96c00d07d5428bae5,[*]CC[*]OC(=O)c1cccc([N+](=O)[O-])c1,366.15,train
698ddbe96c00d07d5428bae6,[*]CC[*]OC(F)(C(F)(F)F)C(F)(F)F,338.15,train
698ddbe96c00d07d5428bae7,[*]CC[*]OC(=O)CCl,293.59999999999997,train
698ddbe96c00d07d5428bae8,[*]CC[*]c1cccs1,344.15,test
698ddbe96c00d07d5428bae9,[*]CC[*](CC(=O)OCCCCCCC)C(=O)OCCCCCCC,250.14999999999998,test
698ddbe96c00d07d5428baea,[*]CC[*]OC(=O)C1CCCC1,309.15,val
698ddbe96c00d07d5428baeb,[*]CC[*]OC(=O)C1(C)CCCCC1,359.15,train
698ddbe96c00d07d5428baec,[*]CC[*]P(=O)(c1ccccc1)c1ccccc1,400.65,train
698ddbe96c00d07d5428baed,[*]CC[*]P(=O)(OCC)N(C)C,305.15,test
698ddbe96c00d07d5428baee,[*]CC[*]P(=O)(Oc1ccccc1)N(C)C,300.15,test
698ddbe96c00d07d5428baef,[*]CC[*]c1nc(C)nc(C)n1,343.15,train
698ddbe96c00d07d5428baf0,[*]C1Cc2ccccc2C1[*],461.65,train
698ddbe96c00d07d5428baf1,[*]CC(OC)C1C(=O)OC(=O)C1[*],426.65,train
698ddbe96c00d07d5428baf2,[*]CC(OC)C(C(=O)O)C[*]C(=O)O,417.15,train
698ddbe96c00d07d5428baf3,[*]CCC/C=C(/[*])c1ccc(OC)cc1,284.15,train
698ddbe96c00d07d5428baf4,[*]CCC/C=C(/[*])c1ccccc1,273.15,test
698ddbe96c00d07d5428baf5,[*]CCC/C=C(/[*])c1ccc(Cl)cc1,289.15,test
698ddbe96c00d07d5428baf6,[*]/C(C)=C(/[*])[Si](C)(C)C,348.15,test
698ddbe96c00d07d5428baf7,[*]/C(C)=C(/[*])c1ccc([Si](C)(C)C)cc1,268.15,train
698ddbe96c00d07d5428baf8,[*]CC[*]CNc1ccc([N+](=O)[O-])cc1,417.15,train
698ddbe96c00d07d5428baf9,[*]CC[*]CNc1ccc([N+](=O)[O-])cn1,424.15,train
698ddbe96c00d07d5428bafa,[*]CC[*]CNc1ccc([N+](=O)[O-])cc1C,424.15,train
698ddbe96c00d07d5428bafb,[*]CC[*]CNc1ccc([N+](=O)[O-])c(C(F)(F)F)c1,426.15,train
698ddbe96c00d07d5428bafc,[*]CC[*]CNc1ccc([N+](=O)[O-])cc1[N+](=O)[O-],433.15,train
698ddbe96c00d07d5428bafd,[*]CC1CC[*]C(OC(=O)CCCCCCCCCCOc2ccc(-c3ccc(C#N)cc3)cc2)C1OC(=O)CCCCCCCCCCOc1ccc(-c2ccc(C#N)cc2)cc1,287.65,train
698ddbe96c00d07d5428bafe,[*]CC1CC[*]C(OC(=O)CCCCCCCCCCOc2ccc(-c3ccc(C#N)cc3)cc2)C1,303.65,test
698ddbe96c00d07d5428baff,[*]CCC1CC(OC(=O)CCCCCCCCCCOc2ccc(-c3ccc(C#N)cc3)cc2)CC1[*],297.15,train
698ddbe96c00d07d5428bb00,[*]CC[*]n1ccnc1,448.15,train
698ddbe96c00d07d5428bb01,[*]CC/C=C(/[*])[Sn](CCCC)(CCCC)CCCC,193.14999999999998,train
698ddbe96c00d07d5428bb02,[*]C(F)(F)C[*](F)OC(F)C(F)F,308.15,val
698ddbe96c00d07d5428bb03,[*]CC[*]C(=O)c1ccc(Br)cc1,374.65,test
698ddbe96c00d07d5428bb04,[*]CC[*]OC(=O)CC1CCCC1,270.15,test
698ddbe96c00d07d5428bb05,[*]CC[*]N1CCCC1=O,431.15,train
698ddbe96c00d07d5428bb06,[*]CCC1CC2C(CC[*]C2OC(=O)CCCCCCCCCCOc2ccc(-c3ccc(C#N)cc3)cc2)C1OC(=O)CCCCCCCCCCOc1ccc(-c2ccc(C#N)cc2)cc1,296.65,val
698ddbe96c00d07d5428bb07,[*]CC[*]C(=O)O,388.15,train
698ddbe96c00d07d5428bb08,[*]CC[*]C(=O)OC,283.15,train
698ddbe96c00d07d5428bb09,[*]CC[*]C(=O)OCC,253.14999999999998,train
698ddbe96c00d07d5428bb0a,[*]CC[*]C(=O)OCCC,234.64999999999998,test
698ddbe96c00d07d5428bb0b,[*]CC[*]C(=O)OC(C)C,268.15,test
698ddbe96c00d07d5428bb0c,[*]CC[*]C(=O)OCCCC,224.14999999999998,train
698ddbe96c00d07d5428bb0d,[*]CC[*]C(=O)OCC(C)C,298.15,train
698ddbe96c00d07d5428bb0e,[*]CC[*]C(=O)OC(C)CC,253.14999999999998,train
698ddbe96c00d07d5428bb0f,[*]CC[*]C(=O)OC(C)(C)C,313.15,train
698ddbe96c00d07d5428bb10,[*]CC[*]C(=O)OCCCCCC,216.14999999999998,train
698ddbe96c00d07d5428bb11,[*]CC[*]C(=O)OCCCCCCC,213.14999999999998,train
698ddbe96c00d07d5428bb12,[*]CC[*]C(=O)OCCCCCCCC,208.14999999999998,train
698ddbe96c00d07d5428bb13,[*]CC[*]C(=O)OCCCCCCCCCCCCCCCCCC,230.64999999999998,train
698ddbe96c00d07d5428bb14,[*]CC[*]C(=O)OC1CC2CCC1(C)C2(C)C,373.15,train
698ddbe96c00d07d5428bb15,[*]CC[*]C(=O)OCC(F)(F)F,276.25,train
698ddbe96c00d07d5428bb16,[*]CC[*]C(=O)OCC(F)(F)C(F)(F)F,247.14999999999998,train
698ddbe96c00d07d5428bb17,[*]CC[*]C(=O)OC(C(F)(F)F)C(F)(F)F,315.45,train
698ddbe96c00d07d5428bb18,[*]CC[*]C(=O)OC(F)(C(F)(F)F)C(F)(F)F,283.15,train
698ddbe96c00d07d5428bb19,[*]CC[*]C(=O)OCC(F)(F)C(F)C(F)(F)F,251.14999999999998,train
698ddbe96c00d07d5428bb1a,[*]CC[*]C(=O)OCC(F)(F)C(F)(F)C(F)(F)F,243.14999999999998,train
698ddbe96c00d07d5428bb1b,[*]CC[*]C(=O)OCC(F)(F)C(F)(F)C(F)(F)C(F)(F)F,236.14999999999998,val
698ddbe96c00d07d5428bb1c,[*]CC[*]C(=O)OCC(F)(F)C(F)(F)C(F)(F)C(F)(F)C(F)(F)F,234.14999999999998,train
698ddbe96c00d07d5428bb1d,[*]CC[*]C(=O)OCC(F)(F)C(F)(F)C(F)(F)C(F)(F)C(F)(F)C(F)(F)C(F)(F)F,256.15,train
698ddbe96c00d07d5428bb1e,[*]CC[*]C(=O)OCCOC,239.14999999999998,val
698ddbe96c00d07d5428bb1f,[*]CC[*]C(=O)OCCOCC,223.14999999999998,test
698ddbe96c00d07d5428bb20,[*]CC[*]C(=O)OCCCOC,206.64999999999998,test
698ddbe96c00d07d5428bb21,[*]CC[*]C(=O)OCCCOCC,211.64999999999998,train
698ddbe96c00d07d5428bb22,[*]CC[*]C(=O)OCCOCC(F)(F)F,235.14999999999998,train
698ddbe96c00d07d5428bb23,[*]CC[*]C(=O)OCCOC(F)(F)C(F)F,251.14999999999998,train
698ddbe96c00d07d5428bb24,[*]CC[*]C(=O)OCCOCC(F)(F)C(F)(F)C(F)(F)F,228.14999999999998,train
698ddbe96c00d07d5428bb25,[*]CC[*]C(=O)OCC(F)(F)C(F)(F)OC(F)(F)F,218.14999999999998,train
698ddbe96c00d07d5428bb26,[*]CC[*]C(=O)OCC(F)(F)C(F)(F)OC(F)(F)C(F)(F)F,224.14999999999998,train
698ddbe96c00d07d5428bb27,[*]CC[*]C(=O)OCC(F)(F)C(F)(F)OC(F)(F)C(F)(F)C(F)(F)F,205.14999999999998,train
698ddbe96c00d07d5428bb28,[*]CC[*](C)C(=O)O,434.84999999999997,train
698ddbe96c00d07d5428bb29,[*]CC[*](C)C(=O)OC,381.15,train
698ddbe96c00d07d5428bb2a,[*]CC[*](C)C(=O)OCC,339.15,test
698ddbe96c00d07d5428bb2b,[*]CC[*](C)C(=O)OCCC,316.15,train
698ddbe96c00d07d5428bb2c,[*]CC[*](C)C(=O)OC(C)C,358.15,train
698ddbe96c00d07d5428bb2d,[*]CC[*](C)C(=O)OCCCC,298.15,test
698ddbe96c00d07d5428bb2e,[*]CC[*](C)C(=O)OC(C)CC,333.15,train
698ddbe96c00d07d5428bb2f,[*]CC[*](C)C(=O)OC(C)(C)C,380.15,train
698ddbe96c00d07d5428bb30,[*]CC[*](C)C(=O)OCCCCCC,268.15,train
698ddbe96c00d07d5428bb31,[*]CC[*](C)C(=O)OCCCCCCCC,262.15,train
698ddbe96c00d07d5428bb32,[*]CC[*](C)C(=O)OCCCCCCCCCCCC,225.24999999999997,train
698ddbe96c00d07d5428bb33,[*]CC[*](C)C(=O)OCCCCCCCCCCCCCC,201.14999999999998,train
698ddbe96c00d07d5428bb34,[*]CC[*](C)C(=O)OCCCCCCCCCCCCCCCCCC,173.14999999999998,train
698ddbe96c00d07d5428bb35,[*]CC[*](C)C(=O)OC1CCCCC1,361.15,train
698ddbe96c00d07d5428bb36,[*]CC[*](C)C(=O)OC1CCCCC1C,358.15,train
698ddbe96c00d07d5428bb37,[*]CC[*](C)C(=O)OC1CCC(C)CC1,382.15,train
698ddbe96c00d07d5428bb38,[*]CC[*](C)C(=O)OC1CCCC(C)C1,362.15,train
698ddbe96c00d07d5428bb39,[*]CC[*](C)C(=O)OC1CC(C)CC(C)(C)C1,398.15,train
698ddbe96c00d07d5428bb3a,[*]CC[*](C)C(=O)Oc1ccccc1,383.15,test
698ddbe96c00d07d5428bb3b,[*]CC[*](C)C(=O)OCc1ccccc1,327.15,test
698ddbe96c00d07d5428bb3c,[*]CC[*](C)C(=O)OCCc1ccccc1,322.15,train
698ddbe96c00d07d5428bb3d,[*]CC[*](C)C(=O)OCCF,363.15,test
698ddbe96c00d07d5428bb3e,[*]CC[*](C)C(=O)OCCCl,336.15,val
698ddbe96c00d07d5428bb3f,[*]CC[*](C)C(=O)OCCBr,325.15,train
698ddbe96c00d07d5428bb40,[*]CC[*](C)C(=O)OCC(F)(F)F,348.15,train
698ddbe96c00d07d5428bb41,[*]CC[*](C)C(=O)OCC(F)(F)C(F)F,353.15,val
698ddbe96c00d07d5428bb42,[*]CC[*](C)C(=O)OC(C(F)(F)F)C(F)(F)F,348.15,test
698ddbe96c00d07d5428bb43,[*]CC[*](C)C(=O)Oc1c(Cl)c(Cl)c(Cl)c(Cl)c1Cl,383.15,train
698ddbe96c00d07d5428bb44,[*]CC[*](C)C(=O)OCc1ccccc1Cl,327.25,train
698ddbe96c00d07d5428bb45,[*]CC[*](C)C(=O)OCCO,364.34999999999997,train
698ddbe96c00d07d5428bb46,[*]CC[*](C)C(=O)OCCOCC,257.15,train
698ddbe96c00d07d5428bb47,[*]CC[*](C)C(=O)OCC1CCCO1,378.15,train
698ddbe96c00d07d5428bb48,[*]CC[*](C)C(=O)OCc1ccco1,384.15,test
698ddbe96c00d07d5428bb49,[*]CC[*](C)C(=O)OCCN(C)C,301.77,train
698ddbe96c00d07d5428bb4a,[*]CC[*](C)C(=O)OCCN(CC)CC,299.15,train
698ddbe96c00d07d5428bb4b,[*]CC[*](Cl)C(=O)OC,398.15,train
698ddbe96c00d07d5428bb4c,[*]CC[*](Cl)C(=O)OCC,357.15,train
698ddbe96c00d07d5428bb4d,[*]CC[*]C(N)=O,466.15,train
698ddbe96c00d07d5428bb4e,[*]CC[*]C(=O)NC(C)C,407.77,train
698ddbe96c00d07d5428bb4f,[*]CC[*]C(=O)OC(CC)CC,267.15,train
698ddbe96c00d07d5428bb50,[*]CC[*]C(=O)OCC(F)(F)C(F)(F)C(F)(F)C(F)F,238.14999999999998,test
698ddbe96c00d07d5428bb51,[*]CC[*]C(=O)OCC(CC)CCCC,211.14999999999998,train
698ddbe96c00d07d5428bb52,[*]CC[*]C(=O)OCCCCCCCCC,184.14999999999998,test
698ddbe96c00d07d5428bb53,[*]CC[*]C(=O)OC1CCCCC1,298.15,test
698ddbe96c00d07d5428bb54,[*]CC[*]C(=O)OC1CC(C)CC(C)(C)C1,288.15,val
698ddbe96c00d07d5428bb55,[*]CC[*](C)C(=O)OCCCCCCCCCC,208.64999999999998,train
698ddbe96c00d07d5428bb56,[*]CC[*](C)C(=O)OC1CC2CCC1(C)C2(C)C,453.65,test
698ddbe96c00d07d5428bb57,[*]CC[*](Cl)C(=O)OCCC,339.15,train
698ddbe96c00d07d5428bb58,[*]CC[*](Cl)C(=O)OCCCC,315.15,train
698ddbe96c00d07d5428bb59,[*]CC[*](C#N)C(=O)OC,420.65,train
698ddbe96c00d07d5428bb5a,[*]CC[*]C(=O)OCC(C)CC,241.14999999999998,train
698ddbe96c00d07d5428bb5b,[*]CC[*]C(=O)OCC(C)(C)C,295.15,train
698ddbe96c00d07d5428bb5c,[*]CC[*]C(=O)OCCC#N,277.15,test
698ddbe96c00d07d5428bb5d,[*]CC[*]C(=O)OCF,288.15,train
698ddbe96c00d07d5428bb5e,[*]CC[*]C(=O)OCCOCCOC(F)(F)C(F)F,233.14999999999998,test
698ddbe96c00d07d5428bb5f,[*]CC[*]C(=O)OCCSC,213.14999999999998,val
698ddbe96c00d07d5428bb60,[*]CC[*]C(=O)OCCCSC,208.14999999999998,train
698ddbe96c00d07d5428bb61,[*]CC[*]C(=O)OCCSCC,202.14999999999998,val
698ddbe96c00d07d5428bb62,[*]CC[*]C(=O)OCCCCSC,203.14999999999998,train
698ddbe96c00d07d5428bb63,[*]CC[*]C(=O)OCCCSCC,197.14999999999998,val
698ddbe96c00d07d5428bb64,[*]CC[*]C(=O)OCCSCC#N,249.14999999999998,train
698ddbe96c00d07d5428bb65,[*]CC[*]C(=O)OCCSCCC#N,223.14999999999998,train
698ddbe96c00d07d5428bb66,[*]CC[*]C(=O)OCCSCCCC#N,215.14999999999998,test
698ddbe96c00d07d5428bb67,[*]CC[*]C(=O)OCCCSCCC#N,215.14999999999998,train
698ddbe96c00d07d5428bb68,[*]CC[*]C(=O)OCCCCCCSCC#N,214.14999999999998,test
698ddbe96c00d07d5428bb69,[*]CC[*]C(=O)OC12CC3CC(C)(CC(C)(C3)C1)C2,377.15,train
698ddbe96c00d07d5428bb6a,[*]CC[*]C(=O)N1CCCCC1,381.15,train
698ddbe96c00d07d5428bb6b,[*]CC[*]C(=O)N1CCOCC1,423.15,train
698ddbe96c00d07d5428bb6c,[*]CC[*]C(=O)Oc1ccccc1,333.15,val
698ddbe96c00d07d5428bb6d,[*]CC[*]C(=O)Oc1ccccc1C,324.65,test
698ddbe96c00d07d5428bb6e,[*]CC[*]C(=O)Oc1cccc(C)c1,297.65,val
698ddbe96c00d07d5428bb6f,[*]CC[*]C(=O)Oc1ccc(C)cc1,315.65,train
698ddbe96c00d07d5428bb70,[*]CC[*]C(=O)Oc1ccccc1C(C)(C)C,345.15,train
698ddbe96c00d07d5428bb71,[*]CC[*]C(=O)Oc1ccc(C(C)(C)C)cc1,344.15,val
698ddbe96c00d07d5428bb72,[*]CC[*]C(=O)Oc1ccc(OC)cc1,323.65,train
698ddbe96c00d07d5428bb73,[*]CC[*]C(=O)Oc1ccccc1C(=O)OC,319.15,test
698ddbe96c00d07d5428bb74,[*]CC[*]C(=O)Oc1ccccc1C(=O)OCC,303.15,train
698ddbe96c00d07d5428bb75,[*]CC[*]C(=O)Oc1cccc(C(=O)OC)c1,311.15,train
698ddbe96c00d07d5428bb76,[*]CC[*]C(=O)Oc1cccc(C(=O)OCC)c1,297.15,test
698ddbe96c00d07d5428bb77,[*]CC[*]C(=O)Oc1ccc(C(=O)OC)cc1,340.15,test
698ddbe96c00d07d5428bb78,[*]CC[*]C(=O)Oc1ccc(C(=O)OCC)cc1,310.15,train
698ddbe96c00d07d5428bb79,[*]CC[*]C(=O)Oc1ccc(C(=O)OCCCC)cc1,286.15,train
698ddbe96c00d07d5428bb7a,[*]CC[*]C(=O)Oc1ccc(-c2ccccc2)cc1,383.15,test
698ddbe96c00d07d5428bb7b,[*]CC[*]C(=O)OCc1ccccc1,282.4,train
698ddbe96c00d07d5428bb7c,[*]CC[*]C(=O)OCCc1ccccc1,270.15,train
698ddbe96c00d07d5428bb7d,[*]CC[*]C(=O)Oc1cccc(N(C)C)c1,320.15,test
698ddbe96c00d07d5428bb7e,[*]CC[*]C(=O)Oc1ccc(C#N)cc1,365.15,train
698ddbe96c00d07d5428bb7f,[*]CC[*]C(=O)OCc1ccc(C#N)cc1,317.15,test
698ddbe96c00d07d5428bb80,[*]CC[*]C(=O)Oc1ccccc1Cl,591.15,train
698ddbe96c00d07d5428bb81,[*]CC[*]C(=O)Oc1ccc(Cl)cc1Cl,333.15,train
698ddbe96c00d07d5428bb82,[*]CC[*]C(=O)Oc1c(Cl)c(Cl)c(Cl)c(Cl)c1Cl,418.15,train
698ddbe96c00d07d5428bb83,[*]CC[*]C(=O)Oc1cccc2ccccc12,358.15,train
698ddbe96c00d07d5428bb84,[*]CC[*]C(=O)N(C)C,387.15,train
698ddbe96c00d07d5428bb85,[*]CC[*]C(=O)NC(C)(C)C,408.15,train
698ddbe96c00d07d5428bb86,[*]CC[*](C)C(=O)OCCCCC,283.15,train
698ddbe96c00d07d5428bb87,[*]CC[*](C)C(=O)OCC(CC)CCCC,263.15,train
698ddbe96c00d07d5428bb88,[*]CC[*](C)C(=O)OCCC(C)(C)C,318.15,train
698ddbe96c00d07d5428bb89,[*]CC[*](C)C(=O)OC(C)C(C)(C)C,381.15,train
698ddbe96c00d07d5428bb8a,[*]CC[*](C)C(=O)OCCC(C)CC(C)(C)C,274.15,test
698ddbe96c00d07d5428bb8b,[*]CC[*](C)C(=O)OCCOC,297.15,train
698ddbe96c00d07d5428bb8c,[*]CC[*](C)C(=O)OCCOCCO,293.15,val
698ddbe96c00d07d5428bb8d,[*]CC[*](C)C(=O)OCC(C)O,349.15,train
698ddbe96c00d07d5428bb8e,[*]CC[*](C)C(=O)OCC(O)CO,357.54999999999995,val
698ddbe96c00d07d5428bb8f,[*]CC[*](C)C(=O)OCCNC(C)(C)C,314.15,train
698ddbe96c00d07d5428bb90,[*]CC[*](C)C(=O)OCCC#N,364.15,test
698ddbe96c00d07d5428bb91,[*]CC[*](C)C(=O)OCCO[N+](=O)[O-],328.15,train
698ddbe96c00d07d5428bb92,[*]CC[*](C)C(=O)OCC(F)(F)C(F)(F)C(F)(F)C(F)F,320.15,train
698ddbe96c00d07d5428bb93,[*]CC[*](C)C(=O)OC(F)(F)C(F)(F)C(F)(F)C(F)(F)C(F)(F)C(F)(F)C(F)(F)C(F)(F)F,322.15,train
698ddbe96c00d07d5428bb94,[*]CC[*](C)C(=O)OCC(F)(F)C(F)(F)C(F)(F)C(F)(F)C(F)(F)C(F)(F)C(F)(F)C(F)F,258.15,train
698ddbe96c00d07d5428bb95,[*]CC[*](C)C(=O)OCCS(=O)CC,298.15,test
698ddbe96c00d07d5428bb96,[*]CC[*](C)C(=O)O[Si](C)(C)C,370.65,train
698ddbe96c00d07d5428bb97,[*]CC[*](C)C(=O)OCC1(C)COCOC1,415.15,train
698ddbe96c00d07d5428bb98,[*]CC[*](C)C(=O)OCC1(C)COC(C)(C)OC1,381.15,train
698ddbe96c00d07d5428bb99,[*]CC[*](C)C(=O)OCC(C)(C)C1OCC(C)(C)CO1,391.15,train
698ddbe96c00d07d5428bb9a,[*]CC[*](C)C(=O)OC12CC3CC(CC(C3)C1)C2,456.15,val
698ddbe96c00d07d5428bb9b,[*]CC[*](C)C(=O)OC12CC3CC(C)(CC(C)(C3)C1)C2,467.15,test
698ddbe96c00d07d5428bb9c,[*]CC[*](C)C(=O)Oc1ccc(CC#N)cc1,404.15,test
698ddbe96c00d07d5428bb9d,[*]CC[*](C)C(=O)Oc1ccc(C(=O)OC)cc1,382.15,test
698ddbe96c00d07d5428bb9e,[*]CC[*](CC)C(=O)OCC,300.15,train
698ddbe96c00d07d5428bb9f,[*]CC[*](CC(=O)OCC)C(=O)OCC,338.65,val
698ddbe96c00d07d5428bba0,[*]CC[*](CC(=O)OCCCC)C(=O)OCCCC,297.15,test
698ddbe96c00d07d5428bba1,[*]CC[*](C#N)C(=O)OCCCC,390.15,train
698ddbe96c00d07d5428bba2,[*]CC[*](F)C(=O)OC,415.15,train
698ddbe96c00d07d5428bba3,[*]CC[*](CF)C(=O)OCC,316.15,train
698ddbe96c00d07d5428bba4,[*]CC[*](CC(=O)OC1CCCCC1)C(=O)OC1CCCCC1,415.15,train
698ddbe96c00d07d5428bba5,[*]CC[*](CC(=O)OCC1CCCCC1)C(=O)OCC1CCCCC1,356.15,test
698ddbe96c00d07d5428bba6,[*]CC[*](CC(=O)OCCC1CCCCC1)C(=O)OCCC1CCCCC1,321.15,train
698ddbe96c00d07d5428bba7,[*]CC[*](CC(=O)OCCCC1CCCCC1)C(=O)OCCCC1CCCCC1,280.15,test
698ddbe96c00d07d5428bba8,[*]CC[*](CC(=O)Oc1ccccc1)C(=O)Oc1ccccc1,405.15,train
698ddbe96c00d07d5428bba9,[*]CC[*](CC(=O)OCc1ccccc1)C(=O)OCc1ccccc1,328.15,val
698ddbe96c00d07d5428bbaa,[*]CC[*](CC(=O)OCCc1ccccc1)C(=O)OCCc1ccccc1,318.15,val
698ddbe96c00d07d5428bbab,[*]CC[*](CC(=O)OCCCc1ccccc1)C(=O)OCCCc1ccccc1,265.15,train
698ddbe96c00d07d5428bbac,[*]CC[*]C(=O)Oc1ccc(Cl)cc1,603.15,train
698ddbe96c00d07d5428bbad,[*]CC[*](C)C(=O)Oc1ccc(C#N)cc1,428.15,test
698ddbe96c00d07d5428bbae,[*]CC[*]C(=O)OCC(F)(F)C(F)(F)OC(F)(F)C(F)(F)C(F)(F)C(F)(F)F,205.14999999999998,val
698ddbe96c00d07d5428bbaf,[*]CC[*]C(=O)OCCC(C)OC,217.14999999999998,test
698ddbe96c00d07d5428bbb0,[*]CC[*](C)C(=O)OC1CCC(C(C)(C)C)CC1,373.15,train
698ddbe96c00d07d5428bbb1,[*]CC[*](C)C(=O)OCC(F)(F)C(F)(F)C(F)(F)C(F)(F)C(F)(F)C(F)F,285.65,test
698ddbe96c00d07d5428bbb2,[*]CC[*](C)C(=O)OCC(C)(C)C,311.15,train
698ddbe96c00d07d5428bbb3,[*]CC[*](C)C(=O)Oc1ccc(C(C)(C)C)cc1,364.15,train
698ddbe96c00d07d5428bbb4,[*]CC[*](CC(=O)OC)C(=O)OC,368.15,train
698ddbe96c00d07d5428bbb5,[*]C[*]C(=O)OCC,286.65,test
698ddbe96c00d07d5428bbb6,[*]C[*]C(=O)OC,358.9,test
698ddbe96c00d07d5428bbb7,[*]C[*]C(=O)OCCC,258.15,train
698ddbe96c00d07d5428bbb8,[*]CC[*]C(=O)Oc1ccc(C(=O)O)cc1,398.15,train
698ddbe96c00d07d5428bbb9,[*]CC[*](C)C(N)=O,361.84999999999997,train
698ddbe96c00d07d5428bbba,[*]C1C(=O)N(C2CCCCC2)C(=O)C1[*],505.15,val
698ddbe96c00d07d5428bbbb,[*]CC[*](CC(=O)OCCCCC)C(=O)OCCCCC,275.15,train
698ddbe96c00d07d5428bbbc,[*]CC[*](CC(=O)OCCCCCC)C(=O)OCCCCCC,266.15,train
698ddbe96c00d07d5428bbbd,[*]CC[*](CC(=O)OCCC)C(=O)OCCC,319.65,test
698ddbe96c00d07d5428bbbe,[*]CC[*](C#N)C(=O)OCC,388.15,train
698ddbe96c00d07d5428bbbf,[*]CC[*]C(=O)OCCO,293.84999999999997,test
698ddbe96c00d07d5428bbc0,[*]CC[*](C)C(=O)Oc1ccc(C)cc1C,382.15,test
698ddbe96c00d07d5428bbc1,[*]CC[*](C)C(=O)Oc1cc(C)cc(C)c1,379.15,val
698ddbe96c00d07d5428bbc2,[*]CC[*](C#N)C(=O)OCCCCCC,359.15,val
698ddbe96c00d07d5428bbc3,[*]CC[*](C)C(=O)OCC1CO1,341.65,train
698ddbe96c00d07d5428bbc4,[*]CC[*](C)C(=O)OCCN(CC)c1ccc(/N=N/c2ccc([N+](=O)[O-])cc2)cc1,399.15,train
698ddbe96c00d07d5428bbc5,[*]CC[*]C(=O)OCCN(CC)c1ccc(/N=N/c2ccc([N+](=O)[O-])cc2)cc1,375.15,train
698ddbe96c00d07d5428bbc6,[*]CC[*]C(=O)OCCCCCC(=O)Oc1ccc(-c2ccc(C#N)cc2)cc1,311.15,val
698ddbe96c00d07d5428bbc7,[*]CCCC[*](C)C(=O)O,405.15,train
698ddbe96c00d07d5428bbc8,[*]CC[*](C)C(=O)NC(=O)Oc1ccc(S(=O)(=O)c2ccc(O)cc2)cc1,455.15,test
698ddbe96c00d07d5428bbc9,[*]CC[*](C)C(=O)NC(=O)OCCOc1ccc(S(=O)(=O)c2ccc(OCCO)cc2)cc1,404.15,test
698ddbe96c00d07d5428bbca,[*]CC[*](C)C(=O)NC(=O)OC(C)COc1ccc(S(=O)(=O)c2ccc(OCC(C)O)cc2)cc1,346.15,train
698ddbe96c00d07d5428bbcb,[*]CC[*](C)C(=O)NC(=O)Oc1c(Br)cc(S(=O)(=O)c2cc(Br)c(O)c(Br)c2)cc1Br,389.15,train
698ddbe96c00d07d5428bbcc,[*]CC[*](C)C(=O)NC(=O)OCCOc1c(Br)cc(S(=O)(=O)c2cc(Br)c(OCCO)c(Br)c2)cc1Br,383.15,test
698ddbe96c00d07d5428bbcd,[*]CC[*](C)C(=O)NC(=O)OC(C)COc1c(Br)cc(S(=O)(=O)c2cc(Br)c(OCC(C)O)c(Br)c2)cc1Br,318.15,test
698ddbe96c00d07d5428bbce,[*]CC[*](C)C(=O)OCCOC(=O)c1cc([N+](=O)[O-])cc([N+](=O)[O-])c1,365.15,train
698ddbe96c00d07d5428bbcf,[*]CC[*]C(=O)OCCCCCCOc1ccc(C(=O)Oc2ccc(C#N)cc2)cc1,292.65,train
698ddbe96c00d07d5428bbd0,[*]CC[*](C)C(=O)OCCCCn1c2ccccc2c2ccccc21,332.34999999999997,train
698ddbe96c00d07d5428bbd1,[*]CC[*]C(=O)OCCCOc1ccc(/N=N/c2ccc([N+](=O)[O-])cc2)cc1,318.75,train
698ddbe96c00d07d5428bbd2,[*]CC[*]C(=O)OCCCCOc1ccc(/N=N/c2ccc([N+](=O)[O-])cc2)cc1,309.84999999999997,train
698ddbe96c00d07d5428bbd3,[*]CC[*]C(=O)OCCCCCCOc1ccc(/N=N/c2ccc([N+](=O)[O-])cc2)cc1,308.95,train
698ddbe96c00d07d5428bbd4,[*]CC[*]C(=O)NCCCCCC(=O)O,341.15,train
698ddbe96c00d07d5428bbd5,[*]CC[*]C(=O)OCc1c(Br)c(Br)c(Br)c(Br)c1Br,454.15,train
698ddbe96c00d07d5428bbd6,[*]CC[*](CCC(C)C(=O)OC)C(=O)OC,307.15,train
698ddbe96c00d07d5428bbd7,[*]CC[*]C(=O)O[Na],387.54999999999995,train
698ddbe96c00d07d5428bbd8,[*]CCC(C(=O)OC)C[*]C(=O)OC,304.34999999999997,test
698ddbe96c00d07d5428bbd9,[*]CC[*](C)C(=O)OCC#C,331.15,train
698ddbe96c00d07d5428bbda,[*]CC[*](C#N)C(=O)OCC(C)C,324.15,train
698ddbe96c00d07d5428bbdb,[*]CC[*](C#N)C(=O)OC(C)C,339.15,test
698ddbe96c00d07d5428bbdc,[*]CC[*](C#N)C(=O)OCCCCCCC,375.15,test
698ddbe96c00d07d5428bbdd,[*]CC[*]C(=O)OC1CCCCCCCCCCC1,310.15,train
698ddbe96c00d07d5428bbde,[*]CC[*]F,314.15,test
698ddbe96c00d07d5428bbdf,[*]CC[*]Cl,353.15,test
698ddbe96c00d07d5428bbe0,[*]CC[*](F)F,238.74999999999997,train
698ddbe96c00d07d5428bbe1,[*]CC[*](Cl)Cl,256.65,train
698ddbe96c00d07d5428bbe2,[*]C(F)C[*](F)F,304.59999999999997,train
698ddbe96c00d07d5428bbe3,[*]C[*](F)F,393.15,train
698ddbe96c00d07d5428bbe4,[*]C(F)(F)C[*](F)Cl,325.25,train
698ddbe96c00d07d5428bbe5,[*]CC/C=C(/[*])Cl,228.14999999999998,train
698ddbe96c00d07d5428bbe6,[*]CC/C=C(/[*])Cl,228.14999999999998,train
698ddbe96c00d07d5428bbe7,[*]C[*]F,375.15,test
698ddbe96c00d07d5428bbe8,[*]CC[*](F)C(F)(F)F,322.15,train
698ddbe96c00d07d5428bbe9,[*]C(F)(F)C[*](F)C(F)(F)F,431.65,train
698ddbe96c00d07d5428bbea,[*]CC[*]C(F)(F)F,302.65,val
698ddbe96c00d07d5428bbeb,[*]CC[*]C(F)(F)C(F)(F)F,314.15,train
698ddbe96c00d07d5428bbec,[*]CC[*]C(F)(F)C(F)(F)C(F)(F)F,331.15,val
698ddbe96c00d07d5428bbed,[*]CCC(F)(F)C[*](F)F,165.14999999999998,train
698ddbe96c00d07d5428bbee,[*]CC(F)(F)CC[*](C(F)(F)F)C(F)(F)F,405.15,train
698ddbe96c00d07d5428bbef,[*]CCCCCCCCC(Cl)C[*]Cl,243.14999999999998,train
698ddbe96c00d07d5428bbf0,[*]CCCCCCCCCCC(Cl)C[*]Cl,241.14999999999998,train
698ddbe96c00d07d5428bbf1,[*]CCCC(Cl)C[*]Cl,315.15,test
698ddbe96c00d07d5428bbf2,[*]CC(F)(F)/C(F)=C(/[*])Cl,256.15,train
698ddbe96c00d07d5428bbf3,[*]/C=C(\F)C(F)(F)C[*],238.14999999999998,val
698ddbe96c00d07d5428bbf4,[*]/C(F)=C(\F)C(F)(C[*](F)F)C(F)(F)F,270.15,train
698ddbe96c00d07d5428bbf5,[*]C[*](F)Cl,350.15,val
698ddbe96c00d07d5428bbf6,[*]C(F)(F)C[*](F)C(F)(F)C(F)(F)C(F)(F)C(F)(F)C(F)(F)F,505.65,train
698ddbe96c00d07d5428bbf7,[*]CC[*]CCI,343.15,train
698ddbe96c00d07d5428bbf8,[*]CC[*]CCCCCCCCCI,267.15,val
698ddbe96c00d07d5428bbf9,[*]CC[*]CCCI,303.15,test
698ddbe96c00d07d5428bbfa,[*]C(F)(F)C1(F)C(F)(F)C[*](F)C(F)(F)C(F)(Cl)C1(F)F,420.15,train
698ddbe96c00d07d5428bbfb,[*]C(F)(F)C1(F)C(F)(F)C[*](F)C1(F)F,395.15,test
698ddbe96c00d07d5428bbfc,[*]C(F)(F)C1(F)C(F)(F)C[*](F)C(F)(F)C(F)(F)C1(F)F,374.15,train
698ddbe96c00d07d5428bbfd,[*]C(F)(F)C1(F)C(F)(F)C[*](F)C(F)(F)C1(F)F,390.15,train
698ddbe96c00d07d5428bbfe,[*]CCCCCC(Cl)C[*]Cl,256.15,train
698ddbe96c00d07d5428bbff,[*]CCC(Cl)C[*]Cl,343.15,train
698ddbe96c00d07d5428bc00,[*]CC/C=C(/[*])C,215.14999999999998,train
698ddbe96c00d07d5428bc01,[*]CC/C=C(/[*])C,215.14999999999998,test
698ddbe96c00d07d5428bc02,[*]CC/C=C(/[*])C,215.14999999999998,train
698ddbe96c00d07d5428bc03,[*]CC/C=C(/[*])C,208.14999999999998,train
698ddbe96c00d07d5428bc04,[*]CC/C=C(/[*])C,208.14999999999998,train
698ddbe96c00d07d5428bc05,[*]CC/C=C(/[*])C,208.14999999999998,train
698ddbe96c00d07d5428bc06,[*]/C=C/C(C)C[*],213.14999999999998,train
698ddbe96c00d07d5428bc07,[*]/C=C/C(C)C[*],213.14999999999998,train
698ddbe96c00d07d5428bc08,[*]/C=C/C(C)C[*],238.14999999999998,test
698ddbe96c00d07d5428bc09,[*]/C=C/C(C)C[*],238.14999999999998,train
698ddbe96c00d07d5428bc0a,[*]CC/C(C)=C(/[*])C,285.15,train
698ddbe96c00d07d5428bc0b,[*]CC/C(C)=C(/[*])C,285.15,test
698ddbe96c00d07d5428bc0c,[*]CC/C(C)=C(/[*])C,277.15,train
698ddbe96c00d07d5428bc0d,[*]CC/C(C)=C(/[*])C,277.15,train
698ddbe96c00d07d5428bc0e,[*]C1C=CC[*]CC1,398.65,val
698ddbe96c00d07d5428bc0f,[*]CC/C=C(/[*])Cl,253.14999999999998,train
698ddbe96c00d07d5428bc10,[*]CC/C=C(/[*])Cl,253.14999999999998,val
698ddbe96c00d07d5428bc11,[*]CC[*]C=C,266.15,train
698ddbe96c00d07d5428bc12,[*]CC/C=C(/[*])CCCCCCCCCC,220.14999999999998,train
698ddbe96c00d07d5428bc13,[*]CC/C=C(/[*])C(C)(C)C,293.15,test
698ddbe96c00d07d5428bc14,[*]CC/C=C(/[*])C(C)(C)C,293.15,train
698ddbe96c00d07d5428bc15,[*]CC/C=C(/[*])C,206.14999999999998,train
698ddbe96c00d07d5428bc16,[*]CC/C=C(/[*])C,206.14999999999998,train
698ddbe96c00d07d5428bc17,[*]CC/C=C(/[*])C,206.14999999999998,train
698ddbe96c00d07d5428bc18,[*]CO[*],202.14999999999998,train
698ddbe96c00d07d5428bc19,[*]OC[*]C,253.64999999999998,train
698ddbe96c00d07d5428bc1a,[*]OC[*]CCC,232.14999999999998,train
698ddbe96c00d07d5428bc1b,[*]CCO[*],217.14999999999998,val
698ddbe96c00d07d5428bc1c,[*]CC(C)O[*],202.95,train
698ddbe96c00d07d5428bc1d,[*]CC(CCl)O[*],249.84999999999997,train
698ddbe96c00d07d5428bc1e,[*]CC(CBr)O[*],259.15,test
698ddbe96c00d07d5428bc1f,[*]CC(CC)O[*],201.64999999999998,test
698ddbe96c00d07d5428bc20,[*]CC(COC)O[*],211.14999999999998,train
698ddbe96c00d07d5428bc21,[*]CC(C)(C)O[*],313.65,train
698ddbe96c00d07d5428bc22,[*]CC(CCCC)O[*],204.14999999999998,val
698ddbe96c00d07d5428bc23,[*]CC(O[*])C(C)(C)C,314.15,train
698ddbe96c00d07d5428bc24,[*]CC(COCC)O[*],212.14999999999998,train
698ddbe96c00d07d5428bc25,[*]CC(COCC=C)O[*],197.64999999999998,train
698ddbe96c00d07d5428bc26,[*]CC(COCCCC)O[*],194.14999999999998,train
698ddbe96c00d07d5428bc27,[*]CC(CCCCCC)O[*],206.14999999999998,train
698ddbe96c00d07d5428bc28,[*]CC(COCCCCCC)O[*],187.64999999999998,train
698ddbe96c00d07d5428bc29,[*]CC(O[*])c1ccccc1,307.15,train
698ddbe96c00d07d5428bc2a,[*]CC(COc1ccccc1)O[*],315.15,train
698ddbe96c00d07d5428bc2b,[*]OC(F)(F)C[*](F)F,225.14999999999998,train
698ddbe96c00d07d5428bc2c,[*]CCCO[*],199.54999999999998,train
698ddbe96c00d07d5428bc2d,[*]CC(C)(C)CO[*],223.14999999999998,train
698ddbe96c00d07d5428bc2e,[*]CC(CO)(CO)CO[*],372.15,train
698ddbe96c00d07d5428bc2f,[*]CC(CCl)(CCl)CO[*],279.65,test
698ddbe96c00d07d5428bc30,[*]CCCCO[*],193.14999999999998,train
698ddbe96c00d07d5428bc31,[*]CCCCCCCCO[*],260.15,train
698ddbe96c00d07d5428bc32,[*]Oc1ccc[*]cc1,358.15,train
698ddbe96c00d07d5428bc33,[*]Oc1cccc[*]c1,326.15,test
698ddbe96c00d07d5428bc34,[*]Oc1c(C)cc[*]cc1C,485.15,train
698ddbe96c00d07d5428bc35,[*]Oc1c(C)cc[*]cc1C(C)CCC,373.15,val
698ddbe96c00d07d5428bc36,[*]Oc1c(C)cc[*]cc1C(C)CCCC,358.15,train
698ddbe96c00d07d5428bc37,[*]Oc1c(OC)cc[*]cc1OC,447.25,val
698ddbe96c00d07d5428bc38,[*]Oc1c(-c2ccccc2)cc[*]cc1-c1ccccc1,493.15,val
698ddbe96c00d07d5428bc39,[*]CCOCO[*],209.14999999999998,val
698ddbe96c00d07d5428bc3a,[*]CCCCOCO[*],189.14999999999998,train
698ddbe96c00d07d5428bc3b,[*]CCCCCOCO[*],193.14999999999998,train
698ddbe96c00d07d5428bc3c,[*]CCCCSSCCCCO[*],197.14999999999998,val
698ddbe96c00d07d5428bc3d,[*]CCCCSSCCCCOCO[*],197.14999999999998,train
698ddbe96c00d07d5428bc3e,[*]CCSSCCOCO[*],215.64999999999998,test
698ddbe96c00d07d5428bc3f,[*]CCSSCCO[*],220.14999999999998,train
698ddbe96c00d07d5428bc40,[*]CCSSSSCCO[*],233.14999999999998,train
698ddbe96c00d07d5428bc41,[*]CCOCCOC(=O)CCCCCCCC(=O)O[*],202.14999999999998,train
698ddbe96c00d07d5428bc42,[*]CCOCCOC(=O)CCCCCCCCC(=O)O[*],198.64999999999998,val
698ddbe96c00d07d5428bc43,[*]C(=O)OCCOC(=O)c1ccc[*]o1,362.09999999999997,train
698ddbe96c00d07d5428bc44,[*]OC(C)COCC(C)OC(=O)c1ccccc1C[*]=O,298.15,test
698ddbe96c00d07d5428bc45,[*]CCOCCOC(=O)c1cccc(C(=O)O[*])c1,289.15,train
698ddbe96c00d07d5428bc46,[*]CCOC(=O)c1ccc(O[*])cc1,357.15,train
698ddbe96c00d07d5428bc47,[*]Oc1ccc(C(=O)OCCOC(=O)c2ccc[*]cc2)cc1,347.15,test
698ddbe96c00d07d5428bc48,[*]CCCCOc1ccc(C(=O)OCCOC(=O)c2ccc(O[*])cc2)cc1,326.15,train
698ddbe96c00d07d5428bc49,[*]Oc1ccc(C(=O)OCCCCCOC(=O)c2ccc[*]cc2)cc1,299.15,val
698ddbe96c00d07d5428bc4a,[*]Oc1ccc(C(=O)OCCCCCCOC(=O)c2ccc[*]cc2)cc1,288.15,train
698ddbe96c00d07d5428bc4b,[*]CC(=O)NCCCCCCNC(=O)CO[*],283.15,val
698ddbe96c00d07d5428bc4c,[*]CCCNC(=O)CCCCC(=O)NCCCO[*],307.15,test
698ddbe96c00d07d5428bc4d,[*]CC(=O)NCCCCCCNC(=O)Cc1ccc(O[*])cc1,342.65,train
698ddbe96c00d07d5428bc4e,[*]CC(=O)NCCCCCCNC(=O)CCc1ccc(O[*])cc1,345.15,train
698ddbe96c00d07d5428bc4f,[*]CC(=O)NCCCCCCNC(=O)COc1ccc(O[*])cc1,340.15,train
698ddbe96c00d07d5428bc50,[*]CCCNC(=O)c1ccc(C(=O)NCCCO[*])cc1,345.15,train
698ddbe96c00d07d5428bc51,[*]CCCCC(=O)NCc1ccc(CNC(=O)CCCCO[*])cc1,343.15,train
698ddbe96c00d07d5428bc52,[*]CCC(=O)NCc1cc(C)c(CNC(=O)CCO[*])cc1C,353.15,train
698ddbe96c00d07d5428bc53,[*]Oc1ccc(C(=O)NCC(C)(C)CCCNC(=O)c2ccc[*]cc2)cc1,428.15,train
698ddbe96c00d07d5428bc54,[*]Oc1ccc(NC(=O)c2cccc(C(=O)Nc3ccc[*]cc3)c2)cc1,537.15,train
698ddbe96c00d07d5428bc55,[*]Oc1ccc(NC(=O)c2ccc(C(=O)Nc3ccc[*]cc3)cc2)cc1,513.65,val
698ddbe96c00d07d5428bc56,[*]CCOCCOC(=O)NCCCCCCNC(=O)O[*],290.15,test
698ddbe96c00d07d5428bc57,[*]CCOCCOCCOC(=O)NCCCCCCNC(=O)O[*],266.65,train
698ddbe96c00d07d5428bc58,[*]CC(=O)OC(=O)COc1ccc(O[*])cc1,343.15,test
698ddbe96c00d07d5428bc59,[*]COc1ccc(C(=O)OC(=O)c2ccc(O[*])cc2)cc1,357.15,test
698ddbe96c00d07d5428bc5a,[*]CCOc1ccc(C(=O)OC(=O)c2ccc(O[*])cc2)cc1,318.15,val
698ddbe96c00d07d5428bc5b,[*]CCCOc1cccc(C(=O)OC(=O)c2cccc(O[*])c2)c1,326.15,test
698ddbe96c00d07d5428bc5c,[*]CCCOc1ccc(C(=O)OC(=O)c2ccc(O[*])cc2)cc1,368.15,train
698ddbe96c00d07d5428bc5d,[*]CCCCOc1cccc(C(=O)OC(=O)c2cccc(O[*])c2)c1,293.15,val
698ddbe96c00d07d5428bc5e,[*]CCCCOc1ccc(C(=O)OC(=O)c2ccc(O[*])cc2)cc1,318.15,train
698ddbe96c00d07d5428bc5f,[*]CCCCCOc1ccc(C(=O)OC(=O)c2ccc(O[*])cc2)cc1,326.15,train
698ddbe96c00d07d5428bc60,[*]CCCCCOc1cccc(C(=O)OC(=O)c2cccc(O[*])c2)c1,334.15,val
698ddbe96c00d07d5428bc61,[*]CCCCCCOc1ccc(C(=O)OC(=O)c2ccc(O[*])cc2)cc1,320.15,train
698ddbe96c00d07d5428bc62,[*]COCOc1ccc(C(=O)OC(=O)c2ccc(O[*])cc2)cc1,330.15,train
698ddbe96c00d07d5428bc63,[*]CCOCCOc1ccc(C(=O)OC(=O)c2ccc(O[*])cc2)cc1,314.15,train
698ddbe96c00d07d5428bc64,[*]CC(=O)OC(=O)COc1ccc(C(C)(C)c2ccc(O[*])cc2)cc1,378.15,train
698ddbe96c00d07d5428bc65,[*]Oc1ccc(Oc2ccc(OC[*]=O)cc2)cc1,391.15,train
698ddbe96c00d07d5428bc66,[*]c1ccc(-c2ccc3nc(Oc4cc(-c5ccccc5)c5cc[*]ccc5n4)cc(-c4ccccc4)c3c2)cc1,573.15,train
698ddbe96c00d07d5428bc67,[*]c1ccc(-c2ccc(-c3ccc4nc(Oc5cc(-c6ccccc6)c6cc[*]ccc6n5)cc(-c5ccccc5)c4c3)cc2)cc1,581.15,test
698ddbe96c00d07d5428bc68,[*]c1ccc(Oc2ccc(-c3ccc4nc(Oc5cc(-c6ccccc6)c6cc[*]ccc6n5)cc(-c5ccccc5)c4c3)cc2)cc1,541.65,val
698ddbe96c00d07d5428bc69,[*]Oc1ccc(C(C)(C)c2ccc(Oc3ccc[*]nn3)cc2)cc1,453.15,train
698ddbe96c00d07d5428bc6a,[*]c1ccc(Oc2ccc(-c3nc4ccc(-c5ccc6nc[*]c(-c7ccccc7)nc6c5)cc4nc3-c3ccccc3)cc2)cc1,579.15,train
698ddbe96c00d07d5428bc6b,[*]O[Si](C)(C)O[Si](C)(C)O[Si](C)(C)O[Si](C)(C)O[Si](C)(C)c1ccc(Oc2ccc([Si][*](C)C)cc2)cc1,208.14999999999998,test
698ddbe96c00d07d5428bc6c,[*]O[Si](C)(C)O[Si](C)(C)O[Si](C)(C)O[Si](C)(C)c1ccc(Oc2ccc([Si][*](C)C)cc2)cc1,221.14999999999998,train
698ddbe96c00d07d5428bc6d,[*]O[Si](C)(C)O[Si](C)(C)O[Si](C)(C)c1ccc(Oc2ccc([Si][*](C)C)cc2)cc1,236.14999999999998,train
698ddbe96c00d07d5428bc6e,[*]Oc1ccc(S(=O)(=O)c2ccc[*]cc2)cc1,498.15,train
698ddbe96c00d07d5428bc6f,[*]Oc1ccc(S(=O)(=O)c2ccc(Oc3ccc(C(C)(C)c4ccc[*]cc4)cc3)cc2)cc1,459.15,train
698ddbe96c00d07d5428bc70,[*]CCOCCOC(=O)c1ccccc1C(=O)O[*],223.14999999999998,train
698ddbe96c00d07d5428bc71,[*]OC[*]CCCCCC,157.14999999999998,train
698ddbe96c00d07d5428bc72,[*]CCOCCOC(=O)C(=O)O[*],245.14999999999998,test
698ddbe96c00d07d5428bc73,[*]CCOCCOC(=O)CC(=O)O[*],231.64999999999998,train
698ddbe96c00d07d5428bc74,[*]CCOCCOC(=O)C(C)C(=O)O[*],244.14999999999998,train
698ddbe96c00d07d5428bc75,[*]CCOCCOC(=O)C(CCC)C(=O)O[*],235.14999999999998,train
698ddbe96c00d07d5428bc76,[*]CCOCCOC(=O)C(CCCCC)C(=O)O[*],226.14999999999998,train
698ddbe96c00d07d5428bc77,[*]CCOCCOC(=O)C(CCCCCCC)C(=O)O[*],215.14999999999998,test
698ddbe96c00d07d5428bc78,[*]CCOCCOC(=O)C(CCCCCCCCC)C(=O)O[*],214.14999999999998,test
698ddbe96c00d07d5428bc79,[*]CCOCCOC(=O)CCC(=O)O[*],234.95,train
698ddbe96c00d07d5428bc7a,[*]CCOCCOC(=O)CCCC(=O)O[*],218.14999999999998,train
698ddbe96c00d07d5428bc7b,[*]CCOCCOC(=O)CCCCC(=O)O[*],222.14999999999998,train
698ddbe96c00d07d5428bc7c,[*]CCOCCOC(=O)CCCCCC(=O)O[*],231.64999999999998,train
698ddbe96c00d07d5428bc7d,[*]CCOCCOC(=O)CCCCCCC(=O)O[*],207.14999999999998,train
698ddbe96c00d07d5428bc7e,[*]CCOCCOC(=O)CCCCCCCCCCCCCCCCC(=O)O[*],205.14999999999998,train
698ddbe96c00d07d5428bc7f,[*]CCOC(=O)c1ccc(C(C)(CC)c2ccc(C(=O)O[*])cc2)cc1,368.15,train
698ddbe96c00d07d5428bc80,[*]c1ccc(Oc2ccc(-c3cnc4ccc(-c5ccc6nc[*]cnc6c5)cc4n3)cc2)cc1,553.15,train
698ddbe96c00d07d5428bc81,[*]c1ccc(Oc2ccc(Oc3ccc(-c4cnc5ccc(-c6ccc7ncc[*]nc7c6)cc5n4)cc3)cc2)cc1,508.15,train
698ddbe96c00d07d5428bc82,[*]c1ccc(Oc2ccc(Oc3ccc(Oc4ccc(-c5cnc6ccc(-c7ccc8ncc[*]nc8c7)cc6n5)cc4)cc3)cc2)cc1,489.15,train
698ddbe96c00d07d5428bc83,[*]c1ccc(-c2cnc3ccc(Oc4ccc5ncc[*]nc5c4)cc3n2)cc1,579.15,train
698ddbe96c00d07d5428bc84,[*]c1ccc(Oc2ccc(-c3cnc4ccc(Oc5ccc6nc[*]cnc6c5)cc4n3)cc2)cc1,543.15,train
698ddbe96c00d07d5428bc85,[*]c1ccc(-c2nc3cc(Oc4ccc5nc(-c6ccccc6)c[*]nc5c4)ccc3nc2-c2ccccc2)cc1,577.15,test
698ddbe96c00d07d5428bc86,[*]c1cccc(-c2nc3cc(Oc4ccc5nc(-c6ccccc6)c[*]nc5c4)ccc3nc2-c2ccccc2)c1,543.15,train
698ddbe96c00d07d5428bc87,[*]Oc1ccc(Oc2ccc(Oc3ccc(C(=O)c4ccc[*]cc4)cc3)cc2)cc1,423.65,train
698ddbe96c00d07d5428bc88,[*]Oc1ccc(S(=O)(=O)c2ccc(Oc3ccc(Cc4ccc[*]cc4)cc3)cc2)cc1,462.7,train
698ddbe96c00d07d5428bc89,[*]C(=O)c1ccc2nc(-c3ccccc3)c(-c3ccc(Oc4ccc(-c5nc6cc[*]ccc6nc5-c5ccccc5)cc4)cc3)nc2c1,544.15,train
698ddbe96c00d07d5428bc8a,[*]c1ccc(Oc2ccc(-c3nc4cc(S(=O)(=O)c5ccc6nc(-c7ccccc7)c[*]nc6c5)ccc4nc3-c3ccccc3)cc2)cc1,563.15,test
698ddbe96c00d07d5428bc8b,[*]c1ccc(Oc2ccc(Oc3ccc(Oc4ccc(-c5cnc6ccc(-c7ccc8nc[*]cnc8c7)cc6n5)cc4)cc3)cc2)cc1,489.15,test
698ddbe96c00d07d5428bc8c,[*]c1ccc(Oc2ccc(Oc3ccc(-c4cnc5ccc(-c6ccc7nc[*]cnc7c6)cc5n4)cc3)cc2)cc1,508.15,test
698ddbe96c00d07d5428bc8d,[*]c1ccc(Oc2ccc(-c3cnc4ccc(-c5ccc6ncc[*]nc6c5)cc4n3)cc2)cc1,578.15,train
698ddbe96c00d07d5428bc8e,[*]c1ccc(-c2cnc3cc(Oc4ccc5nc[*]cnc5c4)ccc3n2)cc1,579.15,train
698ddbe96c00d07d5428bc8f,[*]c1ccc(Oc2ccc(-c3cnc4cc5nc[*]cnc5cc4n3)cc2)cc1,626.15,train
698ddbe96c00d07d5428bc90,[*]c1ccc(Oc2ccc(-c3nc4cc(Oc5ccc6nc(-c7ccccc7)c[*]nc6c5)ccc4nc3-c3ccccc3)cc2)cc1,536.15,train
698ddbe96c00d07d5428bc91,[*]c1ccc(Oc2ccc(-c3nc4cc(-c5ccc6nc(-c7ccccc7)c[*]nc6c5)ccc4nc3-c3ccccc3)cc2)cc1,573.15,train
698ddbe96c00d07d5428bc92,[*]c1cccc(-c2nc3ccc(Oc4ccc5nc[*]c(-c6ccccc6)nc5c4)cc3nc2-c2ccccc2)c1,543.15,test
698ddbe96c00d07d5428bc93,[*]c1ccc(-c2nc3ccc(Oc4ccc5nc[*]c(-c6ccccc6)nc5c4)cc3nc2-c2ccccc2)cc1,577.15,train
698ddbe96c00d07d5428bc94,[*]CC(O)COc1ccc(C(C)(C)c2ccc(O[*])cc2)cc1,364.15,val
698ddbe96c00d07d5428bc95,[*]CC(O)COc1ccc(Cc2ccc(O[*])cc2)cc1,416.34999999999997,test
698ddbe96c00d07d5428bc96,[*]CC(O)COc1ccc(S(=O)(=O)c2ccc(O[*])cc2)cc1,440.65,train
698ddbe96c00d07d5428bc97,[*]OC(F)(F)C(F)(F)C(F)(F)C[*](F)F,218.14999999999998,train
698ddbe96c00d07d5428bc98,[*]CC(CCCCCCCCCC)O[*],232.14999999999998,train
698ddbe96c00d07d5428bc99,[*]CC(CC(Cl)(Cl)Cl)O[*],237.14999999999998,val
698ddbe96c00d07d5428bc9a,[*]CCC(C)O[*],223.14999999999998,train
698ddbe96c00d07d5428bc9b,[*]CC(C)CO[*],218.14999999999998,train
698ddbe96c00d07d5428bc9c,[*]CC(CC)(CCl)CO[*],293.15,train
698ddbe96c00d07d5428bc9d,[*]CCOCC(CCl)O[*],233.14999999999998,train
698ddbe96c00d07d5428bc9e,[*]CC(COC(F)(C(F)(F)F)C(F)(F)F)O[*],230.14999999999998,test
698ddbe96c00d07d5428bc9f,[*]CC(O[*])C1CC(F)(F)C1(F)F,248.14999999999998,train
698ddbe96c00d07d5428bca0,[*]Oc1c(C)cc[*]cc1-c1ccccc1,453.15,test
698ddbe96c00d07d5428bca1,[*]Oc1c(-c2ccccc2)cc[*]cc1-c1ccc(C)cc1,491.15,train
698ddbe96c00d07d5428bca2,[*]Oc1c(-c2ccccc2)cc[*]cc1-c1ccc(C(C)(C)C)cc1,513.15,val
698ddbe96c00d07d5428bca3,[*]Oc1c(-c2ccccc2)cc[*]cc1-c1ccccc1-c1ccccc1,484.15,train
698ddbe96c00d07d5428bca4,[*]Oc1c(-c2ccccc2)cc[*]cc1-c1cccc2ccccc12,507.15,test
698ddbe96c00d07d5428bca5,[*]CC1CC[*]OCO1,341.15,train
698ddbe96c00d07d5428bca6,[*]CC1CC[*]OC(CCC)O1,331.15,test
698ddbe96c00d07d5428bca7,[*]Oc1ccc(CC2(Cc3ccc[*]cc3)c3ccccc3-c3ccccc32)cc1,411.15,test
698ddbe96c00d07d5428bca8,[*]CC(O)COc1ccc(O[*])cc1,333.15,train
698ddbe96c00d07d5428bca9,[*]CC(O)COc1ccc(C(C)CC(C)(C)c2ccc(O[*])cc2)cc1,348.15,test
698ddbe96c00d07d5428bcaa,[*]Oc1ccc(CC(Cc2ccc[*]cc2)(C(=O)OCC)C(=O)OCC)cc1,327.15,train
698ddbe96c00d07d5428bcab,[*]Oc1ccc(CC(C#N)(Cc2ccc[*]cc2)c2ccccc2)cc1,416.15,train
698ddbe96c00d07d5428bcac,[*]Oc1ccc(CC(C#N)(C#N)Cc2ccc[*]cc2)cc1,420.15,test
698ddbe96c00d07d5428bcad,[*]Oc1ccc(-c2ccc(OC[*](Oc3ccccc3)Oc3ccccc3)cc2)cc1,385.15,val
698ddbe96c00d07d5428bcae,[*]Oc1ccc(-c2ccc(OC[*](Oc3ccccc3)Oc3ccccc3)c(C)c2)cc1C,398.15,train
698ddbe96c00d07d5428bcaf,[*]CC(O)COc1ccc(C2CC(C(C)C)CCC2(C)c2ccc(O[*])cc2)cc1,448.15,test
698ddbe96c00d07d5428bcb0,[*]CC(COc1ccc(C(C)(C)c2ccc(O[*])cc2)cc1)OC(C)=O,333.15,train
698ddbe96c00d07d5428bcb1,[*]CC(COc1ccc(C(C)(C)c2ccc(O[*])cc2)cc1)OC(=O)CCl,338.15,train
698ddbe96c00d07d5428bcb2,[*]CC(COc1ccc(C(C)(C)c2ccc(O[*])cc2)cc1)OC(=O)CC,333.15,train
698ddbe96c00d07d5428bcb3,[*]CC(COc1ccc(C(C)(C)c2ccc(O[*])cc2)cc1)OC(=O)c1ccccc1,338.15,train
698ddbe96c00d07d5428bcb4,[*]CC(COc1ccc(C(C)(C)c2ccc(O[*])cc2)cc1)OC(=O)c1ccccc1Cl,339.15,train
698ddbe96c00d07d5428bcb5,[*]Oc1ccc(C(C)(C)c2ccc(OC[*](Oc3ccccc3)Oc3ccccc3)cc2)cc1,365.15,train
698ddbe96c00d07d5428bcb6,[*]CC(O)COc1ccc(C(C)(C)c2ccc(O[*])c(Cl)c2)cc1Cl,358.15,train
698ddbe96c00d07d5428bcb7,[*]CC(O)COc1c(Cl)cc(C(C)(C)c2cc(Cl)c(O[*])c(Cl)c2)cc1Cl,408.15,val
698ddbe96c00d07d5428bcb8,[*]CC(COc1c(Cl)cc(C(C)(C)c2cc(Cl)c(O[*])c(Cl)c2)cc1Cl)OC(C)=O,373.15,test
698ddbe96c00d07d5428bcb9,[*]CC(O)COc1ccc(C(C)(CC)c2ccc(O[*])cc2)cc1,368.15,train
698ddbe96c00d07d5428bcba,[*]CC(O)COc1ccc(C(C)(c2ccccc2)c2ccc(O[*])cc2)cc1,388.15,train
698ddbe96c00d07d5428bcbb,[*]CC(COc1ccc(C(C)(c2ccccc2)c2ccc(O[*])cc2)cc1)OC(C)=O,383.15,test
698ddbe96c00d07d5428bcbc,[*]CC(COc1ccc(C(C)(c2ccccc2)c2ccc(O[*])cc2)cc1)OC(=O)c1ccccc1,399.15,train
698ddbe96c00d07d5428bcbd,[*]CC(COc1ccc(O[*])cc1)OC(C)=O,322.15,train
698ddbe96c00d07d5428bcbe,[*]CCOCCOCCOc1ccc(/C=C(\C)c2ccc(O[*])cc2)cc1,289.15,val
698ddbe96c00d07d5428bcbf,[*]CCOCCOCCOCCOc1ccc(/C=C(\C)c2ccc(O[*])cc2)cc1,280.65,train
698ddbe96c00d07d5428bcc0,[*]OC1CCCCC1[*],341.65,train
698ddbe96c00d07d5428bcc1,[*]CC(O)COc1ccc(C(C)(C)C2CCC(C)(c3ccc(O[*])cc3)CC2)cc1,408.15,train
698ddbe96c00d07d5428bcc2,[*]CC(O)COc1ccc(C2(C)CC(C)(C)c3cc(O[*])ccc32)cc1,393.15,test
698ddbe96c00d07d5428bcc3,[*]CC(O)COc1ccc(C2CCCC(CC)(c3ccc(O[*])cc3)C2)cc1,413.15,val
698ddbe96c00d07d5428bcc4,[*]CC(COc1ccc(C2CCCC(CC)(c3ccc(O[*])cc3)C2)cc1)OC(C)=O,380.15,train
698ddbe96c00d07d5428bcc5,[*]Oc1ccc(C(=O)OCCCOC(=O)c2ccc[*]cc2)cc1,330.15,train
698ddbe96c00d07d5428bcc6,[*]Oc1ccc(C(=O)OCCCCOC(=O)c2ccc[*]cc2)cc1,311.15,val
698ddbe96c00d07d5428bcc7,[*]CCC(=O)NCc1c(C)c(C)c(CNC(=O)CCO[*])c(C)c1C,464.15,train
698ddbe96c00d07d5428bcc8,[*]CCOCCOCCOCCOC(=O)NCCCCCCNC(=O)O[*],256.15,train
698ddbe96c00d07d5428bcc9,[*]CCOCCOCCOCCOCCOCCOC(=O)NCCCCCCNC(=O)O[*],242.14999999999998,train
698ddbe96c00d07d5428bcca,[*]Oc1cccc(Oc2cccc(OC[*]=O)c2)c1,344.15,test
698ddbe96c00d07d5428bccb,[*]c1ccc(Oc2ccc(-c3nnc[*]o3)cc2)cc1,513.15,train
698ddbe96c00d07d5428bccc,[*]c1ccc(Oc2ccc(C(C)(C)c3ccc(Oc4ccc(-c5nnc[*]o5)cc4)cc3)cc2)cc1,453.15,val
698ddbe96c00d07d5428bccd,[*]c1ccc(C2(c3ccc(-c4nnc[*]o4)cc3)OC(=O)c3ccccc32)cc1,653.15,test
698ddbe96c00d07d5428bcce,[*]c1ccc(-c2nnc(-c3cccc(-c4nnc[*]o4)c3)o2)cc1,551.15,train
698ddbe96c00d07d5428bccf,[*]CCCCCCCCc1nc2ccc(-c3ccc4nc[*]oc4c3)cc2o1,496.65,train
698ddbe96c00d07d5428bcd0,[*]Oc1ccc(/N=N/c2ccc(Oc3ccc(C(C)(C)c4ccc[*]cc4)cc3)cc2)cc1,448.15,test
698ddbe96c00d07d5428bcd1,[*]Oc1ccc(Oc2ccc(C(=O)c3ccc[*]cc3)cc2)cc1,420.65,train
698ddbe96c00d07d5428bcd2,[*]Oc1ccc(C(C)(C)c2ccc(Oc3ccc(C(=O)c4ccc[*]cc4)cc3)cc2)cc1,428.15,train
698ddbe96c00d07d5428bcd3,[*]Oc1ccc(C(c2ccc(Oc3ccc(C(=O)c4ccc[*]cc4)cc3)cc2)(C(F)(F)F)C(F)(F)F)cc1,448.15,train
698ddbe96c00d07d5428bcd4,[*]Oc1ccc(C(C)(C)c2ccc(Oc3ccc(C(=O)c4ccc(C(=O)c5ccc[*]cc5)cc4)cc3)cc2)cc1,433.15,val
698ddbe96c00d07d5428bcd5,[*]Oc1ccc(C2(C)CCC(C(C)(C)c3ccc(Oc4ccc(C(=O)c5ccc[*]cc5)cc4)cc3)CC2)cc1,473.15,test
698ddbe96c00d07d5428bcd6,[*]Oc1cccc(S(=O)(=O)c2ccc[*]cc2)c1,448.15,train
698ddbe96c00d07d5428bcd7,[*]Oc1ccc(S(=O)(=O)c2ccc(Oc3ccc(C(c4ccc[*]cc4)(C(F)(F)F)C(F)(F)F)cc3)cc2)cc1,472.84999999999997,test
698ddbe96c00d07d5428bcd8,[*]Oc1ccc(S(=O)(=O)c2ccc(Oc3c(C)cc(C(C)(C)c4cc(C)c[*]c(C)c4)cc3C)cc2)cc1,504.45,train
698ddbe96c00d07d5428bcd9,[*]Oc1ccc(S(=O)(=O)c2ccc(Oc3ccc(C(C)(C)c4ccc[*]c(Cl)c4)cc3Cl)cc2)cc1,478.15,train
698ddbe96c00d07d5428bcda,[*]Oc1ccc(S(=O)(=O)c2ccc(Oc3ccc(C(C)(c4ccccc4)c4ccc[*]cc4)cc3)cc2)cc1,480.15,test
698ddbe96c00d07d5428bcdb,[*]Oc1c(-c2ccccc2)cc[*]cc1-c1cccc(C)c1,492.15,train
698ddbe96c00d07d5428bcdc,[*]Oc1ccc(S(=O)(=O)c2ccc(Oc3ccc(C(C)(C)c4ccc(OCCCCOc5ccc(C(C)(C)c6ccc[*]cc6)cc5)cc4)cc3)cc2)cc1,413.15,val
698ddbe96c00d07d5428bcdd,[*]Oc1ccc(S(=O)(=O)c2ccc(-c3ccc(S(=O)(=O)c4ccc[*]cc4)cc3)cc2)cc1,555.15,train
698ddbe96c00d07d5428bcde,[*]Oc1ccc(S(=O)(=O)c2ccc(Oc3ccc(-c4ccc[*]cc4)cc3)cc2)cc1,494.15,train
698ddbe96c00d07d5428bcdf,[*]Oc1ccc(Oc2ccc(S(=O)(=O)c3ccc[*]cc3)cc2)cc1,483.15,test
698ddbe96c00d07d5428bce0,[*]Oc1ccc(Oc2ccc(Oc3ccc(S(=O)(=O)c4ccc[*]cc4)cc3)cc2)cc1,465.15,train
698ddbe96c00d07d5428bce1,[*]Oc1ccc(S(=O)(=O)c2ccc(Oc3ccc(Sc4ccc[*]cc4)cc3)cc2)cc1,448.15,train
698ddbe96c00d07d5428bce2,[*]c1ccc2oc3ccc(S[*](=O)=O)cc3c2c1,633.15,train
698ddbe96c00d07d5428bce3,[*]c1ccc2oc3ccc(S(=O)(=O)c4ccc(Oc5ccc(S[*](=O)=O)cc5)cc4)cc3c2c1,563.15,train
698ddbe96c00d07d5428bce4,[*]Oc1ccc(S(=O)(=O)c2ccc(Oc3ccc(C4CCCC(C(C)c5ccc[*]cc5)C4)cc3)cc2)cc1,503.15,val
698ddbe96c00d07d5428bce5,[*]Oc1ccc(S(=O)(=O)c2ccc(Oc3ccc(C(c4ccccc4)(c4ccccc4)c4ccc[*]cc4)cc3)cc2)cc1,503.15,train
698ddbe96c00d07d5428bce6,[*]Oc1ccc(S(=O)(=O)c2ccc(Oc3ccc(C4(c5ccc[*]cc5)CC5CCC4C5)cc3)cc2)cc1,523.15,train
698ddbe96c00d07d5428bce7,[*]Oc1ccc(S(=O)(=O)c2ccc3ccc(S(=O)(=O)c4ccc[*]cc4)cc3c2)cc1,523.15,train
698ddbe96c00d07d5428bce8,[*]Oc1ccc(S(=O)(=O)c2ccc(Oc3ccc(C(c4ccc[*]cc4)C(C)C)cc3)cc2)cc1,473.15,test
698ddbe96c00d07d5428bce9,[*]Oc1ccc(S(=O)(=O)c2ccc(Oc3ccc(C(=O)c4ccc[*]cc4)cc3)cc2)cc1,478.15,val
698ddbe96c00d07d5428bcea,[*]Oc1ccc(S(=O)(=O)N(C)CCCCN(C)S(=O)(=O)c2ccc(Oc3ccc(C(C)(C)c4ccc[*]cc4)cc3)cc2)cc1,393.15,test
698ddbe96c00d07d5428bceb,[*]CC(CC)(CC)CO[*],243.14999999999998,train
698ddbe96c00d07d5428bcec,[*]CCOCCOCCOCCOCCOc1ccc(/C=C(\C)c2ccc(O[*])cc2)cc1,290.15,train
698ddbe96c00d07d5428bced,[*]Oc1ccc(S(=O)c2ccc(Oc3ccc(C(C)(C)c4ccc[*]cc4)cc3)cc2)cc1,438.15,test
698ddbe96c00d07d5428bcee,[*]CCCCCCCOc1ccc(-c2ccc(O[*])c3ccccc23)c2ccccc12,402.65,train
698ddbe96c00d07d5428bcef,[*]CCCCCCOc1ccc(-c2ccc(O[*])c3ccccc23)c2ccccc12,382.15,train
698ddbe96c00d07d5428bcf0,[*]CCCCCOc1ccc(-c2ccc(O[*])c3ccccc23)c2ccccc12,424.15,train
698ddbe96c00d07d5428bcf1,[*]CCCCOc1ccc(-c2ccc(O[*])c3ccccc23)c2ccccc12,403.15,train
698ddbe96c00d07d5428bcf2,[*]CCCOc1ccc(-c2ccc(O[*])c3ccccc23)c2ccccc12,455.15,train
698ddbe96c00d07d5428bcf3,[*]CCOCCOCCOC(=O)CCCCC(=O)O[*],224.14999999999998,train
698ddbe96c00d07d5428bcf4,[*]CCOCCOCCOC(=O)c1ccc(-c2ccc(C(=O)O[*])cc2)cc1,293.15,train
698ddbe96c00d07d5428bcf5,[*]CCOCCOCCOC(=O)CCCCCC(=O)O[*],228.64999999999998,train
698ddbe96c00d07d5428bcf6,[*]OC(CCl)C[*]CCl,368.15,train
698ddbe96c00d07d5428bcf7,[*]CCOCC(=O)O[*],260.54999999999995,train
698ddbe96c00d07d5428bcf8,[*]CCCCCCCC(=O)OCC1(C)COC[*]OC1,247.14999999999998,train
698ddbe96c00d07d5428bcf9,[*]CCCCCCCC(=O)OCCCCC1COC[*]O1,229.14999999999998,train
698ddbe96c00d07d5428bcfa,[*]CC(O)CO[*],290.15,train
698ddbe96c00d07d5428bcfb,[*]CCOCCOC(=O)c1ccccc1-c1ccccc1C(=O)O[*],290.15,train
698ddbe96c00d07d5428bcfc,[*]CCOCCOC(=O)c1ccc(-c2ccc(C(=O)O[*])cc2)cc1,323.15,train
698ddbe96c00d07d5428bcfd,[*]CCOCCOC(=O)c1ccc(C(=O)O[*])cc1,295.04999999999995,train
698ddbe96c00d07d5428bcfe,[*]Oc1cccc(NC(=O)CCCCC(=O)Nc2ccc[*]cc2)c1,433.15,test
698ddbe96c00d07d5428bcff,[*]Oc1ccc(NC(=O)CCCCC(=O)Nc2ccc[*]cc2)cc1,503.15,test
698ddbe96c00d07d5428bd00,[*]Oc1cccc(NC(=O)CCCCCCCC(=O)Nc2ccc[*]cc2)c1,393.15,val
698ddbe96c00d07d5428bd01,[*]Oc1ccc(NC(=O)CCCCCCCC(=O)Nc2ccc[*]cc2)cc1,433.15,train
698ddbe96c00d07d5428bd02,[*]Oc1cccc(NC(=O)CCCCCCCCCCC(=O)Nc2ccc[*]cc2)c1,383.15,train
698ddbe96c00d07d5428bd03,[*]Oc1ccc(NC(=O)CCCCCCCCCCC(=O)Nc2ccc[*]cc2)cc1,423.15,train
698ddbe96c00d07d5428bd04,[*]Oc1cccc(NC(=O)CCCCCC(=O)Nc2ccc[*]cc2)c1,403.15,train
698ddbe96c00d07d5428bd05,[*]Oc1ccc(NC(=O)CCCCCC(=O)Nc2ccc[*]cc2)cc1,453.15,train
698ddbe96c00d07d5428bd06,[*]Oc1cccc(NC(=O)CCCCCCCCC(=O)Nc2ccc[*]cc2)c1,398.15,val
698ddbe96c00d07d5428bd07,[*]Oc1ccc(NC(=O)CCCCCCCCC(=O)Nc2ccc[*]cc2)cc1,433.15,train
698ddbe96c00d07d5428bd08,[*]Oc1cccc(NC(=O)CCCCCCC(=O)Nc2ccc[*]cc2)c1,413.15,train
698ddbe96c00d07d5428bd09,[*]Oc1ccc(NC(=O)CCCCCCC(=O)Nc2ccc[*]cc2)cc1,453.15,train
698ddbe96c00d07d5428bd0a,[*]Oc1cccc(NC(=O)CCCCCCCCCC(=O)Nc2ccc[*]cc2)c1,383.15,train
698ddbe96c00d07d5428bd0b,[*]Oc1ccc(NC(=O)CCCCCCCCCC(=O)Nc2ccc[*]cc2)cc1,423.15,test
698ddbe96c00d07d5428bd0c,[*]Oc1ccc(C(=O)c2cccc(C(=O)c3ccc[*]c(CC)c3)c2)cc1CC,399.15,val
698ddbe96c00d07d5428bd0d,[*]Oc1c(C(C)C)cc(C(=O)c2cccc(C(=O)c3ccc[*]cc3)c2)cc1C(C)C,405.15,train
698ddbe96c00d07d5428bd0e,[*]Oc1ccc(C(=O)c2cccc(C(=O)c3ccc[*]c(C(C)C)c3)c2)cc1CC,409.15,train
698ddbe96c00d07d5428bd0f,[*]Oc1ccc(C(=O)c2cccc(C(=O)c3ccc[*]c(C(C)C)c3)c2)cc1C,420.15,train
698ddbe96c00d07d5428bd10,[*]Oc1ccc(C(=O)c2ccc(C(=O)c3ccc[*]c(C(C)C)c3)cc2)cc1C,422.15,train
698ddbe96c00d07d5428bd11,[*]c1ccc(-c2ccc(-c3cc(-c4ccc(Oc5ccc(-c6cc[*]nc7ccccc67)cc5)cc4)c4ccccc4n3)cc2)cc1,599.15,test
698ddbe96c00d07d5428bd12,[*]c1ccc(-c2ccc(-c3nc4ccccc4c(-c4ccc(Oc5ccc(-c6c(-c7ccccc7)c[*]nc7ccccc67)cc5)cc4)c3-c3ccccc3)cc2)cc1,618.15,train
698ddbe96c00d07d5428bd13,[*]c1ccc(Oc2ccc(-c3nc4ccc(Oc5ccc6nc[*]c(-c7ccccc7)c(-c7ccccc7)c6c5)cc4c(-c4ccccc4)c3-c3ccccc3)cc2)cc1,578.15,train
698ddbe96c00d07d5428bd14,[*]c1ccc(-c2nc3ccc(Oc4ccc5nc[*]c(-c6ccccc6)c(-c6ccccc6)c5c4)cc3c(-c3ccccc3)c2-c2ccccc2)cc1,618.15,test
698ddbe96c00d07d5428bd15,[*]c1ccc(Oc2ccc(-c3cc(-c4ccccc4)c4cc(Oc5ccc6nc[*]cc(-c7ccccc7)c6c5)ccc4n3)cc2)cc1,539.15,train
698ddbe96c00d07d5428bd16,[*]c1ccc(-c2ccc(-c3nc4ccc(Oc5ccc6nc[*]c(-c7ccccc7)c(-c7ccccc7)c6c5)cc4c(-c4ccccc4)c3-c3ccccc3)cc2)cc1,624.15,train
698ddbe96c00d07d5428bd17,[*]OC(F)(F)COC(=O)c1cccc(C(F)(F)C(F)(F)C(F)(F)c2cccc(C(=O)OCC[*](F)F)c2)c1,303.15,train
698ddbe96c00d07d5428bd18,[*]OC(F)(F)COC(=O)c1cccc(C(=O)OCC[*](F)F)c1,301.15,train
698ddbe96c00d07d5428bd19,[*]OC(F)(F)COC(=O)c1cc(OCCCCC)cc(C(=O)OCC[*](F)F)c1,287.15,train
698ddbe96c00d07d5428bd1a,[*]Oc1cccc(C(=O)OCC(F)(F)C(F)(F)C(F)(F)COC(=O)c2cccc[*]c2)c1,293.15,train
698ddbe96c00d07d5428bd1b,[*]Oc1ccc(Oc2ccc(OC(=O)c3cccc(C[*]=O)c3)cc2)cc1,437.65,train
698ddbe96c00d07d5428bd1c,[*]Oc1ccc(Oc2ccc(OC(=O)c3cc(OCCCCC)cc(C[*]=O)c3)cc2)cc1,399.15,train
698ddbe96c00d07d5428bd1d,[*]ON(C(F)(F)C[*](F)F)C(F)(F)C(F)(F)Br,256.15,test
698ddbe96c00d07d5428bd1e,[*]ON(C(F)(F)F)C(F)(F)C[*](F)F,227.14999999999998,train
698ddbe96c00d07d5428bd1f,[*]Oc1ccc(S(=O)(=O)c2ccc(Oc3ccc(C4(c5ccc[*]cc5)CCCCC4)cc3)cc2)cc1,499.15,train
698ddbe96c00d07d5428bd20,[*]c1ccc(-c2ccc(-c3nc4cc(Oc5ccc6nc(-c7ccccc7)c[*]nc6c5)ccc4nc3-c3ccccc3)cc2)cc1,683.15,train
698ddbe96c00d07d5428bd21,[*]c1ccc(-c2nc3cc(Oc4ccc5nc[*]c(-c6ccccc6)nc5c4)ccc3nc2-c2ccccc2)cc1,599.15,train
698ddbe96c00d07d5428bd22,[*]c1ccc(Oc2ccc(-c3nc4cc(Oc5ccc6nc[*]c(-c7ccccc7)nc6c5)ccc4nc3-c3ccccc3)cc2)cc1,516.15,test
698ddbe96c00d07d5428bd23,[*]c1ccc(Oc2ccc(-c3nc4ccc(Oc5ccc6nc[*]c(-c7ccccc7)nc6c5)cc4nc3-c3ccccc3)cc2)cc1,710.15,train
698ddbe96c00d07d5428bd24,[*]c1ccc(Oc2ccc(-c3nc4cc(-c5ccc6nc[*]c(-c7ccccc7)nc6c5)ccc4nc3-c3ccccc3)cc2)cc1,565.65,test
698ddbe96c00d07d5428bd25,[*]c1ccc(-c2ccc(-c3cnc4cc(Oc5ccc6nc[*]cnc6c5)ccc4n3)cc2)cc1,663.15,train
698ddbe96c00d07d5428bd26,[*]c1ccc(Oc2ccc(-c3ccc(Oc4ccc(-c5cnc6cc(-c7ccc8nc[*]cnc8c7)ccc6n5)cc4)cc3)cc2)cc1,486.15,train
698ddbe96c00d07d5428bd27,[*]c1ccc(Oc2ccc(-c3cnc4cc(-c5ccc6nc[*]cnc6c5)ccc4n3)cc2)cc1,607.15,train
698ddbe96c00d07d5428bd28,[*]c1ccc(Oc2ccc(Oc3ccc(-c4cnc5cc(-c6ccc7nc[*]cnc7c6)ccc5n4)cc3)cc2)cc1,468.15,train
698ddbe96c00d07d5428bd29,[*]c1ccc(Oc2ccc(Oc3ccc(Oc4ccc(-c5cnc6cc(-c7ccc8nc[*]cnc8c7)ccc6n5)cc4)cc3)cc2)cc1,406.15,train
698ddbe96c00d07d5428bd2a,[*]c1ccc(Oc2ccc(-c3cnc4cc(Oc5ccc6nc[*]cnc6c5)ccc4n3)cc2)cc1,655.15,train
698ddbe96c00d07d5428bd2b,[*]Oc1ccc(NC(=O)c2cc(C(=O)Nc3ccc[*]cc3)c(C(=O)O)cc2C(=O)O)cc1,480.54999999999995,train
698ddbe96c00d07d5428bd2c,[*]CCCCCCCC(=O)OCCOC(=O)CCCCCCCC1OCC2(COC[*]OC2)CO1,273.15,train
698ddbe96c00d07d5428bd2d,[*]c1ccc(Oc2ccc(-c3cnc4cc5ncc[*]nc5cc4n3)cc2)cc1,626.15,train
698ddbe96c00d07d5428bd2e,[*]ON(C(F)(F)F)C(F)(Br)C[*](F)F,276.15,train
698ddbe96c00d07d5428bd2f,[*]ON(C(F)(F)F)C(F)(C[*](F)F)C(F)(F)F,264.15,train
698ddbe96c00d07d5428bd30,[*]CC(CO[*])C(C)(C)C,269.15,train
698ddbe96c00d07d5428bd31,[*]CC(C)(CC)CO[*],226.14999999999998,train
698ddbe96c00d07d5428bd32,[*]CC(C)(CO)CO[*],335.15,train
698ddbe96c00d07d5428bd33,[*]Oc1ccc(C(=O)c2ccc(C(=O)c3ccc[*]cc3)cc2)cc1,430.15,train
698ddbe96c00d07d5428bd34,[*]Oc1ccc(Oc2ccc(C(=O)c3cccc(C(=O)c4ccc[*]cc4)c3)cc2)cc1,421.15,train
698ddbe96c00d07d5428bd35,[*]Oc1ccc(-c2ccc(Oc3ccc(C(=O)c4cccc(C(=O)c5ccc[*]cc5)c4)cc3)cc2)cc1,432.15,train
698ddbe96c00d07d5428bd36,[*]Oc1ccc(C(=O)c2ccc(Oc3ccc(C(=O)c4cccc(C(=O)c5ccc[*]cc5)c4)cc3)cc2)cc1,425.15,train
698ddbe96c00d07d5428bd37,[*]Oc1ccc(S(=O)(=O)c2ccc(Oc3ccc(C(=O)c4cccc(C(=O)c5ccc[*]cc5)c4)cc3)cc2)cc1,451.15,train
698ddbe96c00d07d5428bd38,[*]Oc1ccc(Oc2ccc(S(=O)(=O)c3ccc(-c4ccc(-c5ccc(S(=O)(=O)c6ccc[*]cc6)cc5)cc4)cc3)cc2)cc1,532.15,train
698ddbe96c00d07d5428bd39,[*]Oc1ccc(S(=O)(=O)c2ccc(-c3ccc(-c4ccc(S(=O)(=O)c5ccc(Oc6ccc(-c7ccc[*]cc7)cc6)cc5)cc4)cc3)cc2)cc1,537.15,train
698ddbe96c00d07d5428bd3a,[*]Oc1ccc(S(=O)(=O)c2ccc(Oc3ccc(S(=O)(=O)c4ccc(-c5ccc(-c6ccc(S(=O)(=O)c7ccc[*]cc7)cc6)cc5)cc4)cc3)cc2)cc1,554.15,val
698ddbe96c00d07d5428bd3b,[*]Oc1ccc(S(=O)(=O)c2ccc(-c3ccc(-c4ccc(S(=O)(=O)c5ccc[*]cc5)cc4)cc3)cc2)cc1,584.15,test
698ddbe96c00d07d5428bd3c,[*]Oc1ccc(S(=O)(=O)c2ccc(Oc3ccc(-c4ccc(-c5ccc[*]cc5)cc4)cc3)cc2)cc1,524.15,val
698ddbe96c00d07d5428bd3d,[*]Oc1ccc(S(=O)(=O)c2ccc(-c3ccc(S(=O)(=O)c4ccc(Oc5ccc(-c6ccc(-c7ccc[*]cc7)cc6)cc5)cc4)cc3)cc2)cc1,536.15,train
698ddbe96c00d07d5428bd3e,[*]Oc1ccc(-c2ccc(-c3ccc(Oc4ccc(C(=O)c5cccc(C(=O)c6ccc[*]cc6)c5)cc4)cc3)cc2)cc1,447.15,train
698ddbe96c00d07d5428bd3f,[*]Oc1ccc(C(=O)c2cccc(C(=O)c3ccc[*]cc3)c2)cc1,412.15,train
698ddbe96c00d07d5428bd40,[*]Oc1ccc(S(=O)(=O)c2ccc(Oc3ccc(C(=O)c4ccc(-c5ccc(C(=O)c6ccc[*]cc6)cc5)cc4)cc3)cc2)cc1,480.15,test
698ddbe96c00d07d5428bd41,[*]CCCOCCCOC(=O)c1ccc(-c2ccc(C(=O)O[*])cc2)cc1,291.65,val
698ddbe96c00d07d5428bd42,[*]Oc1ccc(C(C)(C)c2ccc(Oc3ccc(C(=O)c4ccccc4-c4ccccc4C(=O)c4ccc[*]cc4)cc3)cc2)cc1,445.15,train
698ddbe96c00d07d5428bd43,[*]Oc1ccc(C(c2ccc(Oc3ccc(C(=O)c4ccccc4-c4ccccc4C(=O)c4ccc[*]cc4)cc3)cc2)(C(F)(F)F)C(F)(F)F)cc1,451.65,train
698ddbe96c00d07d5428bd44,[*]Oc1ccc(-c2ccc(Oc3ccc(C(=O)c4ccccc4-c4ccccc4C(=O)c4ccc[*]cc4)cc3)cc2)cc1,466.15,train
698ddbe96c00d07d5428bd45,[*]Oc1ccc(Oc2ccc(C(=O)c3ccccc3-c3ccccc3C(=O)c3ccc[*]cc3)cc2)cc1,448.15,train
698ddbe96c00d07d5428bd46,[*]Oc1ccc(C(=O)c2ccccc2)c(-c2cc(Oc3ccc(C(C)(C)c4ccc[*]cc4)cc3)ccc2C(=O)c2ccccc2)c1,429.15,train
698ddbe96c00d07d5428bd47,[*]Oc1ccc(C(=O)c2ccccc2)c(-c2cc(Oc3ccc(C(c4ccc[*]cc4)(C(F)(F)F)C(F)(F)F)cc3)ccc2C(=O)c2ccccc2)c1,437.15,train
698ddbe96c00d07d5428bd48,[*]Oc1ccc(C(=O)c2ccccc2)c(-c2cc(Oc3ccc(-c4ccc[*]cc4)cc3)ccc2C(=O)c2ccccc2)c1,447.15,test
698ddbe96c00d07d5428bd49,[*]Oc1ccc(Oc2ccc(C(=O)c3ccccc3)c(-c3cc[*]ccc3C(=O)c3ccccc3)c2)cc1,429.15,train
698ddbe96c00d07d5428bd4a,[*]Oc1ccc(Oc2ccc(C(=O)c3cccc(-c4cccc(C(=O)c5ccc[*]cc5)c4)c3)cc2)cc1,427.15,train
698ddbe96c00d07d5428bd4b,[*]Oc1ccc(Oc2ccc(C(=O)c3ccc[*]cc3)cc2)cc1C(C)(C)C,450.15,val
698ddbe96c00d07d5428bd4c,[*]Oc1ccc(Oc2ccc(C(=O)c3ccc[*]cc3)cc2)cc1C,424.15,test
698ddbe96c00d07d5428bd4d,[*]Oc1ccc(C(=O)Nc2cc(SCCC#N)c(NC(=O)c3ccc[*]cc3)cc2SCCC#N)cc1,431.15,train
698ddbe96c00d07d5428bd4f,[*]CNC(=O)OCc1ccc(COC(=O)NCc2ccc(C(C)(C)c3ccc[*]o3)o2)o1,328.15,test
698ddbe96c00d07d5428bd50,[*]CNC(=O)OCC(OC(=O)NCc1ccc(C(C)(C)c2ccc[*]o2)o1)c1ccco1,293.15,train
698ddbe96c00d07d5428bd51,[*]CNC(=O)OCc1ccc(COCc2ccc(COC(=O)NCc3ccc(C(C)(C)c4ccc[*]o4)o3)o2)o1,312.15,val
698ddbe96c00d07d5428bd52,[*]COC(=O)Nc1ccc(Cc2ccc(NC(=O)OCc3ccc[*]o3)cc2)cc1,354.15,test
698ddbe96c00d07d5428bd53,[*]CNC(=O)OCc1cocc1COC(=O)NCc1ccc(C(C)(C)c2ccc[*]o2)o1,298.15,train
698ddbe96c00d07d5428bd54,[*]COC(=O)NCc1ccc(CNC(=O)OCc2ccc[*]o2)o1,348.15,train
698ddbe96c00d07d5428bd55,[*]CNC(=O)OCC(OC(=O)NCc1ccc[*]o1)c1ccco1,303.15,test
698ddbe96c00d07d5428bd56,[*]COC(=O)NCCCCCCNC(=O)OCc1ccc[*]o1,306.15,train
698ddbe96c00d07d5428bd57,[*]CNC(=O)OC(c1ccco1)C(OC(=O)NCc1ccc(C(C)(C)c2ccc[*]o2)o1)c1ccco1,318.15,train
698ddbe96c00d07d5428bd58,[*]CNC(=O)OCCOC(=O)NCc1ccc(C(C)(C)c2ccc[*]o2)o1,323.15,train
698ddbe96c00d07d5428bd59,[*]CNC(=O)OCC(OC(=O)NCc1ccc(C(CCC)c2ccc[*]o2)o1)c1ccco1,316.15,train
698ddbe96c00d07d5428bd5a,[*]c1ccc(Oc2ccc(C(C)(C)c3ccc(Oc4ccc(S[*](=O)=O)cc4)cc3)cc2)s1,435.0,val
698ddbe96c00d07d5428bd5b,[*]Oc1ccc(C(c2ccc(Oc3ccc(C(=O)Nc4ccc(NC(=O)c5ccc[*]cc5)cc4)cc3)cc2)(C(F)(F)F)C(F)(F)F)cc1,491.15,train
698ddbe96c00d07d5428bd5c,[*]Oc1ccc(C(C)(C)c2ccc(Oc3ccc(C(=O)Nc4ccc(NC(=O)c5ccc[*]cc5)cc4)cc3)cc2)cc1,503.15,test
698ddbe96c00d07d5428bd5d,[*]Oc1ccc(C(c2ccccc2)(c2ccccc2)c2ccc(Oc3ccc(C(=O)Nc4ccc(NC(=O)c5ccc[*]cc5)cc4)cc3)cc2)cc1,527.15,train
698ddbe96c00d07d5428bd5e,[*]Oc1ccc(C(C)(C)c2ccc(Oc3ccc(C(=O)Nc4cccc(NC(=O)c5ccc[*]cc5)c4)cc3)cc2)cc1,487.15,train
698ddbe96c00d07d5428bd5f,[*]Oc1ccc(C(C)(C)c2ccc(Oc3ccc(C(=O)Nc4ccc(-c5ccc(NC(=O)c6ccc[*]cc6)cc5C(F)(F)F)c(C(F)(F)F)c4)cc3)cc2)cc1,523.15,train
698ddbe96c00d07d5428bd60,[*]Oc1ccc(C(c2ccc(Oc3ccc(C(=O)Nc4ccc(-c5ccc(NC(=O)c6ccc[*]cc6)cc5C(F)(F)F)c(C(F)(F)F)c4)cc3)cc2)(C(F)(F)F)C(F)(F)F)cc1,513.15,train
698ddbe96c00d07d5428bd61,[*]c1ccc(-c2ccc(-n3c(-c4ccc(Oc5ccc(S(=O)(=O)c6ccc(Oc7ccc(-c8nc9ccccc9n8[*])cc7)cc6)cc5)cc4)nc4ccccc43)cc2)cc1,562.15,train
698ddbe96c00d07d5428bd63,[*]c1ccc(-c2ccc(-n3c(-c4ccc(Oc5ccc(C(=O)c6ccc(Oc7ccc(-c8nc9ccccc9n8[*])cc7)cc6)cc5)cc4)nc4ccccc43)cc2)cc1,541.15,train
698ddbe96c00d07d5428bd65,[*]c1ccc(-c2ccc(-n3c(-c4ccc(Oc5ccc(C(=O)c6ccc(C(=O)c7ccc(Oc8ccc(-c9nc%10ccccc%10n9[*])cc8)cc7)cc6)cc5)cc4)nc4ccccc43)cc2)cc1,532.15,train
698ddbe96c00d07d5428bd67,[*]c1ccc(-c2ccc(-n3c(-c4ccc(Oc5ccc(C(=O)c6cccc(C(=O)c7ccc(Oc8ccc(-c9nc%10ccccc%10n9[*])cc8)cc7)c6)cc5)cc4)nc4ccccc43)cc2)cc1,517.15,train
698ddbe96c00d07d5428bd69,[*]c1ccc(-c2ccc(-n3c(-c4ccc(Oc5ccc(C(=O)c6ccc(Oc7ccc(C(=O)c8ccc(Oc9ccc(-c%10nc%11ccccc%11n%10[*])cc9)cc8)cc7)cc6)cc5)cc4)nc4ccccc43)cc2)cc1,516.15,val
698ddbe96c00d07d5428bd6b,[*]C1(F)OC(C(F)(F)F)(C(F)(F)Cl)OC1[*]F,603.15,test
698ddbe96c00d07d5428bd6c,[*]C1OC(C(F)(F)F)(C(F)(F)F)OC1[*]F,529.15,train
698ddbe96c00d07d5428bd6d,[*]Oc1ccc(NC(=O)c2cc(C(=O)Nc3ccc[*]cc3)cc(C(F)(F)C(F)(F)C(F)(F)C(F)(F)F)c2)cc1,530.15,train
698ddbe96c00d07d5428bd6e,[*]Oc1cccc(NC(=O)c2cc(C(=O)Nc3ccc[*]cc3)cc(C(F)(F)C(F)(F)C(F)(F)C(F)(F)F)c2)c1,503.15,train
698ddbe96c00d07d5428bd6f,[*]Oc1ccc(NC(=O)c2cc(C(=O)Nc3ccc[*]cc3)cc(C(F)(F)C(F)(F)C(F)(F)C(F)(F)C(F)(F)C(F)(F)C(F)(F)C(F)(F)F)c2)cc1,503.15,train
698ddbe96c00d07d5428bd70,[*]Oc1cccc(NC(=O)c2cc(C(=O)Nc3ccc[*]cc3)cc(C(F)(F)C(F)(F)C(F)(F)C(F)(F)C(F)(F)C(F)(F)C(F)(F)C(F)(F)F)c2)c1,483.15,train
698ddbe96c00d07d5428bd71,[*]Oc1cccc(NC(=O)c2cccc(C(=O)Nc3ccc[*]cc3)c2)c1,513.15,train
698ddbe96c00d07d5428bd72,[*]c1cccc(N2C(=O)c3ccc(Oc4cccc5c(Oc6ccc7c(c6)C(=O)N[*]C7=O)cccc45)cc3C2=O)c1,533.15,train
698ddbe96c00d07d5428bd73,[*]CCCCCCCCCCOc1ccc(OC(=O)c2ccc(OCCOCCOCCOc3ccc(C(=O)Oc4ccc(O[*])cc4)cc3)cc2)cc1,337.15,train
698ddbe96c00d07d5428bd74,[*]c1cccc(N2C(=O)c3ccc(Oc4cc5ccccc5cc4Oc4ccc5c(c4)C(=O)N[*]C5=O)cc3C2=O)c1,510.15,val
698ddbe96c00d07d5428bd75,[*]c1cccc(N2C(=O)c3ccc(Oc4ccc5cc(Oc6ccc7c(c6)C(=O)N[*]C7=O)ccc5c4)cc3C2=O)c1,503.15,train
698ddbe96c00d07d5428bd76,[*]c1cccc(N2C(=O)c3ccc(Oc4ccc5ccc(Oc6ccc7c(c6)C(=O)N[*]C7=O)cc5c4)cc3C2=O)c1,527.15,val
698ddbe96c00d07d5428bd77,[*]c1ccc(Oc2ccc(N3C(=O)c4ccc(Oc5cccc6c(Oc7ccc8c(c7)C(=O)N[*]C8=O)cccc56)cc4C3=O)cc2)cc1,513.15,test
698ddbe96c00d07d5428bd78,[*]c1ccc(Oc2ccc(N3C(=O)c4ccc(Oc5cc6ccccc6cc5Oc5ccc6c(c5)C(=O)N[*]C6=O)cc4C3=O)cc2)cc1,493.65,train
698ddbe96c00d07d5428bd79,[*]c1ccc(Oc2ccc(N3C(=O)c4ccc(Oc5ccc6ccc(Oc7ccc8c(c7)C(=O)N[*]C8=O)cc6c5)cc4C3=O)cc2)cc1,518.15,test
698ddbe96c00d07d5428bd7a,[*]c1ccc(Oc2cccc(N3C(=O)c4ccc(Oc5cccc6c(Oc7ccc8c(c7)C(=O)N[*]C8=O)cccc56)cc4C3=O)c2)cc1,508.15,train
698ddbe96c00d07d5428bd7b,[*]c1ccc(Oc2cccc(N3C(=O)c4ccc(Oc5cc6ccccc6cc5Oc5ccc6c(c5)C(=O)N[*]C6=O)cc4C3=O)c2)cc1,499.15,train
698ddbe96c00d07d5428bd7c,[*]c1ccc(Oc2cccc(N3C(=O)c4ccc(Oc5ccc6cc(Oc7ccc8c(c7)C(=O)N[*]C8=O)ccc6c5)cc4C3=O)c2)cc1,498.15,test
698ddbe96c00d07d5428bd7d,[*]c1ccc(Oc2cccc(N3C(=O)c4ccc(Oc5ccc6ccc(Oc7ccc8c(c7)C(=O)N[*]C8=O)cc6c5)cc4C3=O)c2)cc1,494.15,train
698ddbe96c00d07d5428bd7e,[*]c1ccc(C(C)(C)c2ccc(N3C(=O)c4ccc(Oc5cccc6c(Oc7ccc8c(c7)C(=O)N[*]C8=O)cccc56)cc4C3=O)cc2)cc1,538.15,train
698ddbe96c00d07d5428bd7f,[*]c1ccc(C(C)(C)c2ccc(N3C(=O)c4ccc(Oc5ccc6cc(Oc7ccc8c(c7)C(=O)N[*]C8=O)ccc6c5)cc4C3=O)cc2)cc1,509.15,train
698ddbe96c00d07d5428bd80,[*]c1ccc(C(C)(C)c2ccc(N3C(=O)c4ccc(Oc5ccc6ccc(Oc7ccc8c(c7)C(=O)N[*]C8=O)cc6c5)cc4C3=O)cc2)cc1,520.15,train
698ddbe96c00d07d5428bd81,[*]c1ccc(C(C)(C)c2ccc(C(C)(C)c3ccc(N4C(=O)c5ccc(Oc6cccc7c(Oc8ccc9c(c8)C(=O)N[*]C9=O)cccc67)cc5C4=O)cc3)cc2)cc1,526.15,train
698ddbe96c00d07d5428bd82,[*]c1ccc(C(C)(C)c2ccc(C(C)(C)c3ccc(N4C(=O)c5ccc(Oc6ccc7cc(Oc8ccc9c(c8)C(=O)N[*]C9=O)ccc7c6)cc5C4=O)cc3)cc2)cc1,519.15,test
698ddbe96c00d07d5428bd83,[*]c1ccc(C(C)(C)c2ccc(C(C)(C)c3ccc(N4C(=O)c5ccc(Oc6ccc7ccc(Oc8ccc9c(c8)C(=O)N[*]C9=O)cc7c6)cc5C4=O)cc3)cc2)cc1,519.15,test
698ddbe96c00d07d5428bd84,[*]c1ccc(Oc2ccc(Oc3ccc(N4C(=O)c5ccc(Oc6cc7ccccc7cc6Oc6ccc7c(c6)C(=O)N[*]C7=O)cc5C4=O)cc3)cc2)cc1,497.65,train
698ddbe96c00d07d5428bd85,[*]c1ccc(Oc2ccc(Oc3ccc(N4C(=O)c5ccc(Oc6ccc7ccc(Oc8ccc9c(c8)C(=O)N[*]C9=O)cc7c6)cc5C4=O)cc3)cc2)cc1,501.15,val
698ddbe96c00d07d5428bd86,[*]c1ccc(Oc2cccc(Oc3ccc(N4C(=O)c5ccc(Oc6cc7ccccc7cc6Oc6ccc7c(c6)C(=O)N[*]C7=O)cc5C4=O)cc3)c2)cc1,481.15,test
698ddbe96c00d07d5428bd87,[*]c1ccc(Oc2ccc(-c3ccc(Oc4ccc(N5C(=O)c6ccc(Oc7cc8ccccc8cc7Oc7ccc8c(c7)C(=O)N[*]C8=O)cc6C5=O)cc4)cc3)cc2)cc1,495.65,train
698ddbe96c00d07d5428bd88,[*]c1ccc(Oc2ccc(-c3ccc(Oc4ccc(N5C(=O)c6ccc(Oc7ccc8cc(Oc9ccc%10c(c9)C(=O)N[*]C%10=O)ccc8c7)cc6C5=O)cc4)cc3)cc2)cc1,503.15,test
698ddbe96c00d07d5428bd89,[*]c1ccc(Oc2ccc(-c3ccc(Oc4ccc(N5C(=O)c6ccc(Oc7ccc8ccc(Oc9ccc%10c(c9)C(=O)N[*]C%10=O)cc8c7)cc6C5=O)cc4)cc3)cc2)cc1,504.15,train
698ddbe96c00d07d5428bd8a,[*]c1c(C)cc(Cc2cc(C)c(N3C(=O)c4ccc(Oc5cccc6c(Oc7ccc8c(c7)C(=O)N[*]C8=O)cccc56)cc4C3=O)c(C)c2)cc1C,554.15,test
698ddbe96c00d07d5428bd8b,[*]c1c(C)cc(Cc2cc(C)c(N3C(=O)c4ccc(Oc5cc6ccccc6cc5Oc5ccc6c(c5)C(=O)N[*]C6=O)cc4C3=O)c(C)c2)cc1C,538.15,val
698ddbe96c00d07d5428bd8c,[*]c1c(C)cc(Cc2cc(C)c(N3C(=O)c4ccc(Oc5ccc6ccc(Oc7ccc8c(c7)C(=O)N[*]C8=O)cc6c5)cc4C3=O)c(C)c2)cc1C,545.15,train
698ddbe96c00d07d5428bd8d,[*]c1c(C)cc(-c2cc(C)c(N3C(=O)c4ccc(Oc5cc6ccccc6cc5Oc5ccc6c(c5)C(=O)N[*]C6=O)cc4C3=O)c(C)c2)cc1C,581.15,train
698ddbe96c00d07d5428bd8e,[*]c1cc(N2C(=O)c3ccc(Oc4cccc5c(Oc6ccc7c(c6)C(=O)N[*]C7=O)cccc45)cc3C2=O)cc(C(F)(F)F)c1,523.15,train
698ddbe96c00d07d5428bd8f,[*]c1cc(N2C(=O)c3ccc(Oc4cc5ccccc5cc4Oc4ccc5c(c4)C(=O)N[*]C5=O)cc3C2=O)cc(C(F)(F)F)c1,523.15,train
698ddbe96c00d07d5428bd90,[*]c1cc(N2C(=O)c3ccc(Oc4ccc5ccc(Oc6ccc7c(c6)C(=O)N[*]C7=O)cc5c4)cc3C2=O)cc(C(F)(F)F)c1,508.15,train
698ddbe96c00d07d5428bd91,[*]c1ccc(C(c2ccc(N3C(=O)c4ccc(Oc5cccc6c(Oc7ccc8c(c7)C(=O)N[*]C8=O)cccc56)cc4C3=O)cc2)(C(F)(F)F)C(F)(F)F)cc1,549.15,train
698ddbe96c00d07d5428bd92,[*]c1ccc(C(c2ccc(N3C(=O)c4ccc(Oc5cc6ccccc6cc5Oc5ccc6c(c5)C(=O)N[*]C6=O)cc4C3=O)cc2)(C(F)(F)F)C(F)(F)F)cc1,529.15,train
698ddbe96c00d07d5428bd93,[*]c1ccc(C(c2ccc(N3C(=O)c4ccc(Oc5ccc6cc(Oc7ccc8c(c7)C(=O)N[*]C8=O)ccc6c5)cc4C3=O)cc2)(C(F)(F)F)C(F)(F)F)cc1,491.15,train
698ddbe96c00d07d5428bd94,[*]c1ccc(C(c2ccc(N3C(=O)c4ccc(Oc5ccc6ccc(Oc7ccc8c(c7)C(=O)N[*]C8=O)cc6c5)cc4C3=O)cc2)(C(F)(F)F)C(F)(F)F)cc1,529.15,train
698ddbe96c00d07d5428bd95,[*]Oc1cccc(NC(=O)c2ccc(C(=O)c3cccc(C(=O)Nc4ccc[*]cc4)c3)cc2)c1,510.15,val
698ddbe96c00d07d5428bd96,[*]CC(O)CN(C)S(=O)(=O)c1cccc(S(=O)(=O)N(C)CC(O)COc2ccc(C(C)(C)c3ccc(O[*])cc3)cc2)c1,349.15,train
698ddbe96c00d07d5428bd97,[*]CC(O)CN(C)S(=O)(=O)c1cccc(S(=O)(=O)N(C)CC(O)COc2ccc(Sc3ccc(O[*])cc3)cc2)c1,363.15,train
698ddbe96c00d07d5428bd98,[*]CC(O)CN(C)S(=O)(=O)c1cccc(S(=O)(=O)N(C)CC(O)COc2ccc(S(=O)(=O)c3ccc(O[*])cc3)cc2)c1,373.15,train
698ddbe96c00d07d5428bd99,[*]CC(O)CN(C)S(=O)(=O)c1cccc(S(=O)(=O)N(C)CC(O)COc2ccc(O[*])cc2)c1,339.15,val
698ddbe96c00d07d5428bd9a,[*]CC(O)CN(C)S(=O)(=O)c1cccc(S(=O)(=O)N(C)CC(O)COc2ccc(-c3ccc(O[*])cc3)cc2)c1,331.15,train
698ddbe96c00d07d5428bd9b,[*]CC(O)CN(C)S(=O)(=O)c1ccc(-c2ccc(S(=O)(=O)N(C)CC(O)COc3ccc(C(C)(C)c4ccc(O[*])cc4)cc3)cc2)cc1,374.15,train
698ddbe96c00d07d5428bd9c,[*]CC(O)CN(C)S(=O)(=O)c1ccc(-c2ccc(S(=O)(=O)N(C)CC(O)COc3ccc(O[*])cc3)cc2)cc1,357.15,test
698ddbe96c00d07d5428bd9d,[*]CC(O)CN(CCO)S(=O)(=O)c1ccc(-c2ccc(S(=O)(=O)N(CCO)CC(O)COc3ccc(C(C)(C)c4ccc(O[*])cc4)cc3)cc2)cc1,349.15,test
698ddbe96c00d07d5428bd9e,[*]Oc1ccc(NC(=O)/C=C/c2ccc(/C=C/C(=O)Nc3ccc[*]cc3)cc2)cc1,478.15,train
698ddbe96c00d07d5428bd9f,[*]Oc1ccc(NC(=O)c2ccc(Oc3ccc(C(=O)Nc4ccc[*]cc4)cc3)cc2)cc1,547.15,train
698ddbe96c00d07d5428bda0,[*]Oc1ccc(Oc2ccc(NC(=O)c3ccc(Oc4ccc(Oc5ccc(C(=O)Nc6ccc[*]cc6)cc5)cc4)cc3)cc2)cc1,509.15,train
698ddbe96c00d07d5428bda1,[*]Oc1ccc(Oc2ccc(NC(=O)c3ccc(Oc4ccc(Oc5ccc(C(=O)Nc6ccc[*]cc6)cc5)cc4C)cc3)cc2)cc1C,491.65,train
698ddbe96c00d07d5428bda2,[*]Oc1ccc(Oc2ccc(NC(=O)c3ccc(Oc4ccc(Oc5ccc(C(=O)Nc6ccc[*]cc6)cc5)cc4-c4ccccc4)cc3)cc2)cc1-c1ccccc1,473.65,train
698ddbe96c00d07d5428bda3,[*]Oc1cccc(Oc2ccc(NC(=O)c3ccc(Oc4cccc(Oc5ccc(C(=O)Nc6ccc[*]cc6)cc5)c4)cc3)cc2)c1,449.65,train
698ddbe96c00d07d5428bda4,[*]Oc1cccc(Oc2cccc(NC(=O)c3cccc(Oc4cccc(Oc5cccc(C(=O)Nc6cccc[*]c6)c5)c4)c3)c2)c1,410.65,val
698ddbe96c00d07d5428bda5,[*]c1cccc(Oc2ccc(-c3ccc(Oc4cccc(-n5c(=O)c6cc7c(=O)n[*]c(=O)c7cc6c5=O)c4)cc3)cc2)c1,524.15,train
698ddbe96c00d07d5428bda6,[*]CCCCCCOc1ccc(C(=O)N(C(=O)c2ccc(O[*])cc2)c2ccccc2)cc1,373.15,test
698ddbe96c00d07d5428bda7,[*]CCCCCCOc1ccc(C(=O)N(C(=O)c2ccc(O[*])cc2)c2ccc(Oc3ccccc3)cc2)cc1,351.15,train
698ddbe96c00d07d5428bda8,[*]CCCCCCOc1ccc(C(=O)N(C(=O)c2ccc(O[*])cc2)c2cc(C)cc(C)c2)cc1,348.15,train
698ddbe96c00d07d5428bda9,[*]CCCCCCOc1ccc(C(=O)N(C(=O)c2ccc(O[*])cc2)c2cccc3ccccc23)cc1,329.15,test
698ddbe96c00d07d5428bdaa,[*]CCCCCCOC(=O)OCCCCCCOC(=O)OCCCCCCOc1ccc(-c2ccc(O[*])cc2)cc1,289.75,train
698ddbe96c00d07d5428bdab,[*]CCCCCCOC(=O)Nc1ccc(C)c(NC(=O)OCCCCCCOc2ccc(-c3ccc(O[*])cc3)cc2)c1,360.15,train
698ddbe96c00d07d5428bdac,[*]Oc1ccc(C(=O)Nc2ccc(Cc3ccc(NC(=O)c4ccc(Oc5ccc(C(=O)c6ccc(S(=O)(=O)c7ccc(C(=O)c8ccc[*]cc8)cc7)cc6)cc5)cc4)cc3)cc2)cc1,513.15,train
698ddbe96c00d07d5428bdad,[*]Oc1ccc(C(=O)Nc2ccc(S(=O)(=O)c3ccc(NC(=O)c4ccc(Oc5ccc(C(=O)c6ccc(S(=O)(=O)c7ccc(C(=O)c8ccc[*]cc8)cc7)cc6)cc5)cc4)cc3)cc2)cc1,533.15,train
698ddbe96c00d07d5428bdae,[*]Oc1c(C)c(C)c(NC(=O)c2ccc(C(=O)Nc3ccc[*]cc3)cc2)c(C)c1C,606.15,val
698ddbe96c00d07d5428bdaf,[*]Oc1c(C)c(C)c(Oc2ccc(NC(=O)c3ccc(C(=O)Nc4ccc[*]cc4)cc3)cc2)c(C)c1C,583.15,train
698ddbe96c00d07d5428bdb0,[*]Oc1ccc(OC(=O)c2ccc(OCCCCCCCCOc3ccc(C[*]=O)cc3)cc2)cc1C(=O)CC,343.15,train
698ddbe96c00d07d5428bdb1,[*]Oc1ccc(Oc2ccc(C(=O)Nc3ccc(Cc4ccc(NC(=O)c5ccc[*]cc5)cc4)cc3)cc2)cc1,489.15,test
698ddbe96c00d07d5428bdb2,[*]Oc1ccc(Oc2ccc(C(=O)Nc3ccc(Oc4ccc(S(=O)(=O)c5ccc(Oc6ccc(NC(=O)c7ccc[*]cc7)cc6)cc5)cc4)cc3)cc2)cc1,493.15,train
698ddbe96c00d07d5428bdb3,[*]Oc1ccc(Oc2ccc(NC(=O)c3ccc(Oc4ccc(Oc5ccc(C(=O)Nc6ccc[*]cc6)cc5)cc4C)cc3)cc2)cc1,473.15,train
698ddbe96c00d07d5428bdb4,[*]Oc1ccc(Oc2ccc(C(=O)Nc3ccc(Oc4ccc(-c5ccc(Oc6ccc(NC(=O)c7ccc[*]cc7)cc6)cc5)cc4)cc3)cc2)cc1C,493.15,train
698ddbe96c00d07d5428bdb5,[*]Oc1ccc(Oc2ccc(C(=O)Nc3ccc(Oc4ccc(S(=O)(=O)c5ccc(Oc6ccc(NC(=O)c7ccc[*]cc7)cc6)cc5)cc4)cc3)cc2)cc1C,490.15,train
698ddbe96c00d07d5428bdb6,[*]Oc1ccc(Oc2ccc(C(=O)Nc3ccc(Oc4ccc(NC(=O)c5ccc[*]cc5)cc4)cc3)cc2)cc1-c1ccccc1,492.15,train
698ddbe96c00d07d5428bdb7,[*]Oc1ccc(Oc2ccc(C(=O)Nc3ccc(Cc4ccc(NC(=O)c5ccc[*]cc5)cc4)cc3)cc2)cc1-c1ccccc1,491.15,val
698ddbe96c00d07d5428bdb8,[*]Oc1ccc(Oc2ccc(NC(=O)c3ccc(Oc4ccc(Oc5ccc(C(=O)Nc6ccc[*]cc6)cc5)cc4-c4ccccc4)cc3)cc2)cc1,482.15,train
698ddbe96c00d07d5428bdb9,[*]Oc1ccc(Oc2ccc(C(=O)Nc3ccc(Oc4ccc(-c5ccc(Oc6ccc(NC(=O)c7ccc[*]cc7)cc6)cc5)cc4)cc3)cc2)cc1-c1ccccc1,505.15,train
698ddbe96c00d07d5428bdba,[*]Oc1ccc(Oc2ccc(C(=O)Nc3ccc(Oc4ccc(S(=O)(=O)c5ccc(Oc6ccc(NC(=O)c7ccc[*]cc7)cc6)cc5)cc4)cc3)cc2)cc1-c1ccccc1,504.15,test
698ddbe96c00d07d5428bdbb,[*]CC(O)CN(C)S(=O)(=O)c1cccc(S(=O)(=O)N(C)CC(O)COc2ccc(C3(c4ccc(O[*])cc4)c4ccccc4-c4ccccc43)cc2)c1,400.15,train
698ddbe96c00d07d5428bdbc,[*]Oc1ccc(S(=O)(=O)c2ccc(Oc3ccc(C4(c5ccc[*]cc5)c5ccccc5-c5ccccc54)cc3)cc2)cc1,551.65,train
698ddbe96c00d07d5428bdbd,[*]CCc1ccc[*]o1,298.65,train
698ddbe96c00d07d5428bdbe,[*]c1ccc(Oc2ccc(N3C(=O)c4ccc(Oc5ccc6cc(Oc7ccc8c(c7)C(=O)N[*]C8=O)ccc6c5)cc4C3=O)cc2)cc1,522.15,train
698ddbe96c00d07d5428bdbf,[*]Oc1ccc(C(C)(C)c2ccc(C(C)(C)c3ccc(Oc4ccc(C(=O)Nc5ccc(NC(=O)c6ccc[*]cc6)cc5)cc4)cc3)cc2)cc1,436.15,train
698ddbe96c00d07d5428bdc0,[*]Oc1ccc(C(C)(C)c2ccc(C(C)(C)c3ccc(Oc4ccc(C(=O)Nc5cccc(NC(=O)c6ccc[*]cc6)c5)cc4)cc3)cc2)cc1,446.15,train
698ddbe96c00d07d5428bdc1,[*]Oc1ccc(NC(=O)c2ccc(Oc3ccc(C(C)(C)c4ccc(C(C)(C)c5ccc(Oc6ccc(C(=O)Nc7ccc[*]cc7)cc6)cc5)cc4)cc3)cc2)cc1,447.15,train
698ddbe96c00d07d5428bdc2,[*]Oc1cccc(NC(=O)c2ccc(Oc3ccc(C(C)(C)c4ccc(C(C)(C)c5ccc(Oc6ccc(C(=O)Nc7ccc[*]cc7)cc6)cc5)cc4)cc3)cc2)c1,441.15,val
698ddbe96c00d07d5428bdc3,[*]Oc1ccc(C(C)(C)c2ccc(C(C)(C)c3ccc(Oc4ccc(C(=O)Nc5ccc(Cc6ccc(NC(=O)c7ccc[*]cc7)cc6)cc5)cc4)cc3)cc2)cc1,435.15,train
698ddbe96c00d07d5428bdc4,[*]Oc1ccc(Oc2ccc(NC(=O)c3ccc(Oc4ccc(C(C)(C)c5ccc(C(C)(C)c6ccc(Oc7ccc(C(=O)Nc8ccc[*]cc8)cc7)cc6)cc5)cc4)cc3)cc2)cc1,438.15,train
698ddbe96c00d07d5428bdc5,[*]Oc1ccc(NC(=O)c2ccc(Oc3ccc(C(C)(C)c4ccc(C(C)(C)c5ccc(Oc6ccc(C(=O)Nc7ccc(Oc8ccc(C(C)(C)c9ccc[*]cc9)cc8)cc7)cc6)cc5)cc4)cc3)cc2)cc1,436.15,train
698ddbe96c00d07d5428bdc6,[*]Oc1ccc(NC(=O)c2ccc(Oc3ccc(C(C)(C)c4ccc(C(C)(C)c5ccc(Oc6ccc(C(=O)Nc7ccc(Oc8ccc(-c9ccc[*]cc9)cc8)cc7)cc6)cc5)cc4)cc3)cc2)cc1,450.15,train
698ddbe96c00d07d5428bdc7,[*]Oc1ccc(S(=O)(=O)c2ccc(Oc3ccc(NC(=O)c4ccc(Oc5ccc(C(C)(C)c6ccc(C(C)(C)c7ccc(Oc8ccc(C(=O)Nc9ccc[*]cc9)cc8)cc7)cc6)cc5)cc4)cc3)cc2)cc1,450.15,val
698ddbe96c00d07d5428bdc8,[*]Oc1ccc(NC(=O)c2ccc(Oc3ccc(C(C)(C)c4ccc(C(C)(C)c5ccc(Oc6ccc(C(=O)Nc7ccc(Oc8ccc(C(c9ccc[*]cc9)(C(F)(F)F)C(F)(F)F)cc8)cc7)cc6)cc5)cc4)cc3)cc2)cc1,442.15,val
698ddbe96c00d07d5428bdc9,[*]Oc1ccc(C(C)(C)c2cccc(C(C)(C)c3ccc(Oc4ccc(C(=O)Nc5ccc(NC(=O)c6ccc[*]cc6)cc5)cc4)cc3)c2)cc1,427.15,train
698ddbe96c00d07d5428bdca,[*]Oc1ccc(C(C)(C)c2cccc(C(C)(C)c3ccc(Oc4ccc(C(=O)Nc5cccc(NC(=O)c6ccc[*]cc6)c5)cc4)cc3)c2)cc1,428.15,train
698ddbe96c00d07d5428bdcb,[*]Oc1ccc(NC(=O)c2ccc(Oc3ccc(C(C)(C)c4cccc(C(C)(C)c5ccc(Oc6ccc(C(=O)Nc7ccc[*]cc7)cc6)cc5)c4)cc3)cc2)cc1,428.15,train
698ddbe96c00d07d5428bdcc,[*]Oc1cccc(NC(=O)c2ccc(Oc3ccc(C(C)(C)c4cccc(C(C)(C)c5ccc(Oc6ccc(C(=O)Nc7ccc[*]cc7)cc6)cc5)c4)cc3)cc2)c1,420.15,train
698ddbe96c00d07d5428bdcd,[*]Oc1ccc(C(C)(C)c2cccc(C(C)(C)c3ccc(Oc4ccc(C(=O)Nc5ccc(Cc6ccc(NC(=O)c7ccc[*]cc7)cc6)cc5)cc4)cc3)c2)cc1,422.15,train
698ddbe96c00d07d5428bdce,[*]Oc1ccc(Oc2ccc(NC(=O)c3ccc(Oc4ccc(C(C)(C)c5cccc(C(C)(C)c6ccc(Oc7ccc(C(=O)Nc8ccc[*]cc8)cc7)cc6)c5)cc4)cc3)cc2)cc1,420.15,test
698ddbe96c00d07d5428bdcf,[*]Oc1ccc(NC(=O)c2ccc(Oc3ccc(C(C)(C)c4cccc(C(C)(C)c5ccc(Oc6ccc(C(=O)Nc7ccc(Oc8ccc(C(C)(C)c9ccc[*]cc9)cc8)cc7)cc6)cc5)c4)cc3)cc2)cc1,420.15,test
698ddbe96c00d07d5428bdd0,[*]Oc1ccc(NC(=O)c2ccc(Oc3ccc(C(C)(C)c4cccc(C(C)(C)c5ccc(Oc6ccc(C(=O)Nc7ccc(Oc8ccc(-c9ccc[*]cc9)cc8)cc7)cc6)cc5)c4)cc3)cc2)cc1,440.15,train
698ddbe96c00d07d5428bdd1,[*]Oc1ccc(S(=O)(=O)c2ccc(Oc3ccc(NC(=O)c4ccc(Oc5ccc(C(C)(C)c6cccc(C(C)(C)c7ccc(Oc8ccc(C(=O)Nc9ccc[*]cc9)cc8)cc7)c6)cc5)cc4)cc3)cc2)cc1,440.15,train
698ddbe96c00d07d5428bdd2,[*]Oc1ccc(NC(=O)c2ccc(Oc3ccc(C(C)(C)c4cccc(C(C)(C)c5ccc(Oc6ccc(C(=O)Nc7ccc(Oc8ccc(C(c9ccc[*]cc9)(C(F)(F)F)C(F)(F)F)cc8)cc7)cc6)cc5)c4)cc3)cc2)cc1,427.15,train
698ddbe96c00d07d5428bdd3,[*]Oc1ccc(NC(=O)c2cccc(C(=O)Nc3ccc(Oc4ccc(C(c5ccc[*]cc5)(C(F)(F)F)C(F)(F)F)cc4)cc3)c2)cc1,501.65,train
698ddbe96c00d07d5428bdd4,[*]Oc1ccc(NC(=O)c2cc(C(=O)Nc3ccc(Oc4ccc(C(c5ccc[*]cc5)(C(F)(F)F)C(F)(F)F)cc4)cc3)cc(C(C)(C)C)c2)cc1,528.65,train
698ddbe96c00d07d5428bdd5,[*]Oc1ccc(NC(=O)c2ccc(S(=O)(=O)c3ccc(C(=O)Nc4ccc(Oc5ccc(C(c6ccc[*]cc6)(C(F)(F)F)C(F)(F)F)cc5)cc4)cc3)cc2)cc1,523.15,train
698ddbe96c00d07d5428bdd6,[*]Oc1ccc(NC(=O)c2cc(C(=O)Nc3ccc(Oc4ccc(C(c5ccc[*]cc5)(C(F)(F)F)C(F)(F)F)cc4)cc3)cc([N+](=O)[O-])c2)cc1,505.15,test
698ddbe96c00d07d5428bdd7,[*]Oc1ccc(NC(=O)c2ccc(C(=O)Nc3ccc(Oc4ccc(C(c5ccc[*]cc5)(C(F)(F)F)C(F)(F)F)cc4)cc3)cc2)cc1,516.15,train
698ddbe96c00d07d5428bdd8,[*]Oc1ccc(NC(=O)c2ccc(P(=O)(c3ccccc3)c3ccc(C(=O)Nc4ccc[*]cc4)cc3)cc2)cc1,527.15,train
698ddbe96c00d07d5428bdd9,[*]Oc1cccc(NC(=O)c2ccc(P(=O)(c3ccccc3)c3ccc(C(=O)Nc4cccc(Oc5ccc(P(=O)(c6ccccc6)c6ccc[*]cc6)cc5)c4)cc3)cc2)c1,508.15,test
698ddbe96c00d07d5428bdda,[*]Oc1ccc(NC(=O)c2ccc(P(=O)(c3ccccc3)c3ccc(C(=O)Nc4ccc(Oc5ccc(P(=O)(c6ccccc6)c6ccc[*]cc6)cc5)cc4)cc3)cc2)cc1,498.15,train
698ddbe96c00d07d5428bddb,[*]c1ccc2c(c1)C(=O)N(c1ccc(N3C(=O)c4ccc(-c5c(-c6ccccc6)c(-c6ccccc6)c(-c6ccc(Oc7ccc(-c8c(-c9ccccc9)c(-c9ccccc9)c[*]c(-c9ccccc9)c8-c8ccccc8)cc7)cc6)c(-c6ccccc6)c5-c5ccccc5)cc4C3=O)cc1)C2=O,626.15,train
698ddbe96c00d07d5428bddc,[*]c1ccc2c(c1)C(=O)N(c1ccc(Oc3ccc(N4C(=O)c5ccc(-c6c(-c7ccccc7)c(-c7ccccc7)c(-c7ccc(Oc8ccc(-c9c(-c%10ccccc%10)c(-c%10ccccc%10)c[*]c(-c%10ccccc%10)c9-c9ccccc9)cc8)cc7)c(-c7ccccc7)c6-c6ccccc6)cc5C4=O)cc3)cc1)C2=O,602.15,train
698ddbe96c00d07d5428bddd,[*]c1ccc2c(c1)C(=O)N(c1cccc(Oc3ccc(N4C(=O)c5ccc(-c6c(-c7ccccc7)c(-c7ccccc7)c(-c7ccc(Oc8ccc(-c9c(-c%10ccccc%10)c(-c%10ccccc%10)c[*]c(-c%10ccccc%10)c9-c9ccccc9)cc8)cc7)c(-c7ccccc7)c6-c6ccccc6)cc5C4=O)cc3)c1)C2=O,582.15,train
698ddbe96c00d07d5428bdde,[*]c1ccc2c(c1)C(=O)N(c1ccc(Oc3ccc(N4C(=O)c5ccc(-c6c(-c7ccccc7)c(-c7ccccc7)c(-c7ccc(Sc8ccc(-c9c(-c%10ccccc%10)c(-c%10ccccc%10)c[*]c(-c%10ccccc%10)c9-c9ccccc9)cc8)cc7)c(-c7ccccc7)c6-c6ccccc6)cc5C4=O)cc3)cc1)C2=O,595.15,train
698ddbe96c00d07d5428bddf,[*]c1ccc2c(c1)C(=O)N(c1cccc(Oc3ccc(N4C(=O)c5ccc(-c6c(-c7ccccc7)c(-c7ccccc7)c(-c7ccc(Sc8ccc(-c9c(-c%10ccccc%10)c(-c%10ccccc%10)c[*]c(-c%10ccccc%10)c9-c9ccccc9)cc8)cc7)c(-c7ccccc7)c6-c6ccccc6)cc5C4=O)cc3)c1)C2=O,573.15,val
698ddbe96c00d07d5428bde0,[*]Oc1ccc(/C=C/C(=O)c2ccc(Oc3ccc(C(C)(C)c4ccc[*]cc4)cc3)cc2)cc1,425.15,train
698ddbe96c00d07d5428bde1,[*]Oc1ccc(/C=C/C(=O)c2ccc(Oc3ccc(C(C)(C)c4ccc[*]c(C)c4)cc3C)cc2)cc1,430.15,train
698ddbe96c00d07d5428bde2,[*]Oc1ccc(/C=C/C(=O)c2ccc(Oc3ccc(C(C)(c4ccccc4)c4ccc[*]cc4)cc3)cc2)cc1,440.15,train
698ddbe96c00d07d5428bde3,[*]Oc1ccc(C2(c3ccc(Oc4ccc(/C=C/C(=O)c5ccc[*]cc5)cc4)cc3)c3ccccc3-c3ccccc32)cc1,468.15,train
698ddbe96c00d07d5428bde4,[*]Oc1cc(Oc2ccc(C(C)(C)c3ccc[*]cc3)cc2)cc([N+](=O)[O-])c1,423.15,train
698ddbe96c00d07d5428bde5,[*]CC(COc1ccc(S(=O)(=O)c2ccc(O[*])cc2)cc1)OC(C)=O,403.15,train
698ddbe96c00d07d5428bde6,[*]Oc1c(-c2ccccc2)cc[*]cc1-c1cccc(-c2ccccc2)c1-c1ccccc1,485.15,test
698ddbe96c00d07d5428bde7,[*]CC(C[N-][N+]#N)O[*],238.14999999999998,val
698ddbe96c00d07d5428bde8,[*]OC(=O)c1cccc(C(=O)Oc2ccc3c(c2)Oc2cc[*]ccc2C32OC(=O)c3ccccc32)c1,549.15,train
698ddbe96c00d07d5428bde9,[*]SC[*](F)F,155.14999999999998,train
698ddbe96c00d07d5428bdea,[*]CCS[*],271.65,val
698ddbe96c00d07d5428bdeb,[*]CCSS[*],246.14999999999998,train
698ddbe96c00d07d5428bdec,[*]CCSSSS[*],249.14999999999998,train
698ddbe96c00d07d5428bded,[*]CC(C)S[*],230.14999999999998,train
698ddbe96c00d07d5428bdee,[*]CC(CC)S[*],226.14999999999998,train
698ddbe96c00d07d5428bdef,[*]CC(COCC=C)S[*],214.14999999999998,train
698ddbe96c00d07d5428bdf0,[*]CCCS[*],219.64999999999998,train
698ddbe96c00d07d5428bdf1,[*]CC(C)(C)CS[*],223.84999999999997,val
698ddbe96c00d07d5428bdf2,[*]CC(C)(C)S[*],259.15,test
698ddbe96c00d07d5428bdf3,[*]CCC(C)S[*],214.14999999999998,train
698ddbe96c00d07d5428bdf4,[*]CC(C)(CC)CS[*],223.14999999999998,train
698ddbe96c00d07d5428bdf5,[*]CCCCCSS[*],201.14999999999998,train
698ddbe96c00d07d5428bdf6,[*]CCCCCCSS[*],199.14999999999998,test
698ddbe96c00d07d5428bdf7,[*]CCCCCCCCCCSS[*],208.14999999999998,train
698ddbe96c00d07d5428bdf8,[*]CCCCCCCCCCSSS[*],203.14999999999998,train
698ddbe96c00d07d5428bdf9,[*]CCCCCCCCCCSSSS[*],197.14999999999998,train
698ddbe96c00d07d5428bdfa,[*]CCC(=O)NCCCCCCNC(=O)CCS[*],300.15,test
698ddbe96c00d07d5428bdfb,[*]SC1CCCCC1[*],230.14999999999998,val
698ddbe96c00d07d5428bdfc,[*]SC1CCCC[*]C1,221.14999999999998,train
698ddbe96c00d07d5428bdfd,[*]Sc1ccc[*]cc1,363.15,train
698ddbe96c00d07d5428bdfe,[*]Cc1ccc(CSS[*])cc1,296.15,train
698ddbe96c00d07d5428bdff,[*]Cc1ccc(CSSSS[*])cc1,276.15,test
698ddbe96c00d07d5428be00,[*]CC(S[*])c1ccccc1,270.65,train
698ddbe96c00d07d5428be01,[*]CCCCC(=O)NCc1ccc(CNC(=O)CCCCS[*])cc1,343.15,train
698ddbe96c00d07d5428be02,[*]CCCCCCC(=O)NCc1ccc(CNC(=O)CCCCCCS[*])cc1,338.15,test
698ddbe96c00d07d5428be03,[*]CCCCCCCCCCC(=O)NCCc1ccc(CCNC(=O)CCCCCCCCCCS[*])cc1,331.15,train
698ddbe96c00d07d5428be04,[*]Oc1ccc(Sc2ccc(OC[*]=O)cc2)cc1,383.15,train
698ddbe96c00d07d5428be05,[*]OC(=O)c1ccc(SCCCCSc2ccc(C[*]=O)cc2)cc1,335.15,train
698ddbe96c00d07d5428be06,[*]C(=O)OCC(C)(C)CSCC(C)(C)COC(=O)C1(C)CNC[*](C)CN1,313.15,train
698ddbe96c00d07d5428be07,[*]c1ccc(Sc2ccc(-c3nc4cc(-c5ccc6nc(-c7ccccc7)c[*]nc6c5)ccc4nc3-c3ccccc3)cc2)cc1,561.15,train
698ddbe96c00d07d5428be08,[*]c1cccc(-c2nc3ccc(-c4ccc5nc[*]sc5c4)cc3s2)c1,768.15,train
698ddbe96c00d07d5428be09,[*]CCCCCCCCc1nc2ccc(-c3ccc4nc[*]sc4c3)cc2s1,511.15,train
698ddbe96c00d07d5428be0a,[*]c1ccc(Sc2ccc(-c3nc4ccc(-c5ccc6nc[*]c(-c7ccccc7)nc6c5)cc4nc3-c3ccccc3)cc2)cc1,561.15,train
698ddbe96c00d07d5428be0c,[*]Cc1ccc(CSSS[*])cc1,281.15,train
698ddbe96c00d07d5428be0d,[*]N=P(Cl)(Cl)N=P(Cl)(Cl)/N=S(/[*])Cl,233.14999999999998,train
698ddbe96c00d07d5428be0e,[*]Sc1c(C)cc[*]cc1C,471.15,train
698ddbe96c00d07d5428be0f,[*]Sc1cc(C)c[*]cc1C,571.15,train
698ddbe96c00d07d5428be10,[*]Sc1cccc(Sc2ccc(Sc3ccc[*]cc3)cc2)c1,348.15,train
698ddbe96c00d07d5428be11,[*]Sc1cccc(Sc2ccc(Sc3ccc[*]cc3)cc2)c1,348.15,train
698ddbe96c00d07d5428be12,[*]Oc1ccc(OC(=O)c2ccc(Sc3cccc(OC(=O)c4ccc(C(=O)Oc5cccc(Sc6ccc(C[*]=O)cc6)c5)cc4)c3)cc2)cc1C,408.15,train
698ddbe96c00d07d5428be13,[*]Oc1ccc(OC(=O)c2cccc(Sc3ccc(OC(=O)c4ccc(C(=O)Oc5ccc(Sc6cccc(C[*]=O)c6)cc5)cc4)cc3)c2)cc1C,379.65,train
698ddbe96c00d07d5428be14,[*]Oc1ccc(OC(=O)c2cccc(Sc3ccc(OC(=O)c4ccc(C(=O)Oc5ccc(Sc6cccc(C[*]=O)c6)cc5)cc4)cc3)c2)cc1-c1ccccc1,401.15,test
698ddbe96c00d07d5428be15,[*]CCc1ccc[*]s1,299.15,test
698ddbe96c00d07d5428be16,[*]c1ccc2c(c1)C(=O)N(c1ccc(N3C(=O)c4ccc(-c5c(-c6ccccc6)c(-c6ccccc6)c(-c6ccc(Sc7ccc(-c8c(-c9ccccc9)c(-c9ccccc9)c[*]c(-c9ccccc9)c8-c8ccccc8)cc7)cc6)c(-c6ccccc6)c5-c5ccccc5)cc4C3=O)cc1)C2=O,617.15,train
698ddbe96c00d07d5428be17,[*]/C(OC)=C(\OC)c1ccc[*]s1,364.15,train
698ddbe96c00d07d5428be18,[*]CCOC(=O)CCC(=O)O[*],262.04999999999995,train
698ddbe96c00d07d5428be19,[*]CCCOC(=O)CCC(=O)O[*],238.45,train
698ddbe96c00d07d5428be1a,[*]CCCCOC(=O)CCC(=O)O[*],241.14999999999998,train
698ddbe96c00d07d5428be1b,[*]CCCOC(=O)CCCC(=O)O[*],240.14999999999998,train
698ddbe96c00d07d5428be1c,[*]CCOC(=O)CCCCC(=O)O[*],218.64999999999998,train
698ddbe96c00d07d5428be1d,[*]CCCOC(=O)CCCCC(=O)O[*],218.14999999999998,train
698ddbe96c00d07d5428be1e,[*]CCCCCCCCCCOC(=O)CCCCC(=O)O[*],205.14999999999998,train
698ddbe96c00d07d5428be1f,[*]CCCOC(=O)CCCCCCC(=O)O[*],220.64999999999998,val
698ddbe96c00d07d5428be20,[*]CCCCCCCCCCOC(=O)CCCCCCC(=O)O[*],251.14999999999998,train
698ddbe96c00d07d5428be21,[*]CCOC(=O)CCCCCCCC(=O)O[*],228.14999999999998,train
698ddbe96c00d07d5428be22,[*]CCOC(=O)CCCCCCCCC(=O)O[*],250.14999999999998,train
698ddbe96c00d07d5428be23,[*]CCCCOC(=O)CCCCCCCCC(=O)O[*],216.14999999999998,train
698ddbe96c00d07d5428be24,[*]CCCCCCOC(=O)CCCCCCCCC(=O)O[*],235.14999999999998,val
698ddbe96c00d07d5428be25,[*]CCCCCCCCCCOC(=O)CCCCCCCCC(=O)O[*],219.14999999999998,train
698ddbe96c00d07d5428be26,[*]CCOC(=O)c1ccc(C(=O)O[*])cc1,350.15,test
698ddbe96c00d07d5428be27,[*]CCOC(=O)c1cccc(C(=O)O[*])c1,331.15,train
698ddbe96c00d07d5428be28,[*]CCCCOC(=O)c1ccc(C(=O)O[*])cc1,321.54999999999995,test
698ddbe96c00d07d5428be29,[*]CCCCOC(=O)c1cccc(C(=O)O[*])c1,292.15,train
698ddbe96c00d07d5428be2a,[*]CCCCCOC(=O)c1ccc(C(=O)O[*])cc1,289.15,train
698ddbe96c00d07d5428be2b,[*]CCCCCCOC(=O)c1ccc(C(=O)O[*])cc1,286.15,train
698ddbe96c00d07d5428be2c,[*]CCCCCCCCCCOC(=O)c1ccc(C(=O)O[*])cc1,283.65,train
698ddbe96c00d07d5428be2d,[*]CC1CCC(COC(=O)c2ccc(C(=O)O[*])cc2)CC1,357.65,train
698ddbe96c00d07d5428be2e,[*]Oc1c(Cl)cc(C(C)(C)c2cc(Cl)c(OC(=O)CCCCC[*]=O)c(Cl)c2)cc1Cl,373.15,train
698ddbe96c00d07d5428be2f,[*]Oc1ccc(C(C)(C)c2ccc(OC(=O)C3CCC(C[*]=O)CC3)cc2)cc1,423.15,train
698ddbe96c00d07d5428be30,[*]Oc1ccc(C(C)(C)c2ccc(OC(=O)c3ccc(C[*]=O)cc3)cc2)cc1,474.15,test
698ddbe96c00d07d5428be31,[*]Oc1ccc(Cc2ccc(OC(=O)c3cccc(C[*]=O)c3)cc2)cc1,423.15,train
698ddbe96c00d07d5428be32,[*]Oc1ccc(C(C)(C)c2ccc(OC(=O)c3cccc(C[*]=O)c3)cc2)cc1,453.15,train
698ddbe96c00d07d5428be33,[*]CCOC(=O)c1ccc2ccc(C(=O)O[*])cc2c1,392.15,train
698ddbe96c00d07d5428be34,[*]CCOC(=O)c1ccc2cc(C(=O)O[*])ccc2c1,393.15,test
698ddbe96c00d07d5428be35,[*]O[Si](C)(C)CC(C)(C)COC(=O)c1cccc(C(=O)OCC(C)(C)C[Si][*](C)C)c1,221.14999999999998,train
698ddbe96c00d07d5428be36,[*]CCCCCC(=O)S[*],292.15,train
698ddbe96c00d07d5428be37,[*]CCCCCCOC(=O)CCC(=O)O[*],223.14999999999998,test
698ddbe96c00d07d5428be38,[*]CCCCOC(=O)CCCCC(=O)O[*],207.14999999999998,test
698ddbe96c00d07d5428be39,[*]CCCCCOC(=O)CCCCC(=O)O[*],204.14999999999998,val
698ddbe96c00d07d5428be3a,[*]OC1CCC(OC(=O)CCCCC[*]=O)CC1,350.95,val
698ddbe96c00d07d5428be3b,[*]CC#CCOC(=O)CCCCCCCCC(=O)O[*],246.64999999999998,train
698ddbe96c00d07d5428be3c,[*]CCOC(=O)c1ccccc1C(=O)O[*],369.65,test
698ddbe96c00d07d5428be3d,[*]Oc1cccc(OC(=O)c2cccc(C[*]=O)c2)c1,420.15,train
698ddbe96c00d07d5428be3e,[*]Oc1ccc(C(C)(C)c2ccc(OC(=O)c3ccc(C[*]=O)cc3)c(C)c2)cc1C,451.65,train
698ddbe96c00d07d5428be3f,[*]Oc1ccc(C2(c3ccc(OC(=O)c4cccc(C[*]=O)c4)cc3)c3ccccc3-c3ccccc32)cc1,542.65,train
698ddbe96c00d07d5428be40,[*]c1ccc(OC(=O)c2ccc(C(=O)Oc3ccc(C4[*]OC(=O)c5ccccc54)cc3)cc2)cc1,552.15,train
698ddbe96c00d07d5428be41,[*]c1ccc(OC(=O)c2cccc(C(=O)Oc3ccc(C4[*]OC(=O)c5ccccc54)cc3)c2)cc1,555.65,train
698ddbe96c00d07d5428be42,[*]CCOC(=O)c1cccc2c(C(=O)O[*])cccc12,351.15,train
698ddbe96c00d07d5428be43,[*]CCOC(=O)c1ccc(C(=O)O[*])c2ccccc12,337.15,train
698ddbe96c00d07d5428be44,[*]CC(=O)O[*],318.15,val
698ddbe96c00d07d5428be45,[*]CCCC(=O)O[*],274.65,train
698ddbe96c00d07d5428be46,[*]CCCCC(=O)O[*],207.14999999999998,val
698ddbe96c00d07d5428be47,[*]CCCCCC(=O)O[*],213.14999999999998,train
698ddbe96c00d07d5428be48,[*]CCCCCCCCCCC(=O)O[*],227.09999999999997,test
698ddbe96c00d07d5428be49,[*]CCCCCCCCCCCCC(=O)O[*],237.14999999999998,train
698ddbe96c00d07d5428be4a,[*]CCCCCCCCCCCCCCC(=O)O[*],251.04999999999998,val
698ddbe96c00d07d5428be4b,[*]CCCCCCC(=O)O[*],259.15,train
698ddbe96c00d07d5428be4c,[*]CCCCCCOC(=O)CCCCC(=O)O[*],204.14999999999998,train
698ddbe96c00d07d5428be4d,[*]CCCCCCCCCCOC(=O)CCCCCCCCCCCCCCCCC(=O)O[*],256.15,train
698ddbe96c00d07d5428be4e,[*]CCCCCCCCCCCCCCCCOC(=O)CCCCCCC(=O)O[*],247.14999999999998,train
698ddbe96c00d07d5428be4f,[*]CCOC(=O)/C=C/C(=O)O[*],263.15,train
698ddbe96c00d07d5428be50,[*]CCCOC(=O)c1ccc(C(=O)O[*])cc1,325.15,val
698ddbe96c00d07d5428be51,[*]CCCCCCCCCCOC(=O)c1cccc(C(=O)O[*])c1,250.64999999999998,train
698ddbe96c00d07d5428be52,[*]CC(C)C(C)COC(=O)c1ccc(C(=O)O[*])cc1,310.65,test
698ddbe96c00d07d5428be53,[*]CC(CC)C(CC)COC(=O)c1ccc(C(=O)O[*])cc1,305.15,train
698ddbe96c00d07d5428be54,[*]CC(CCC)C(CCC)COC(=O)c1ccc(C(=O)O[*])cc1,303.15,train
698ddbe96c00d07d5428be55,[*]CC(CCCC)C(CCCC)COC(=O)c1ccc(C(=O)O[*])cc1,289.15,test
698ddbe96c00d07d5428be56,[*]CC(CCCCCC)C(CCCCCC)COC(=O)c1ccc(C(=O)O[*])cc1,257.65,train
698ddbe96c00d07d5428be57,[*]CC(CCCCCCCCCC)C(CCCCCCCCCC)COC(=O)c1ccc(C(=O)O[*])cc1,235.14999999999998,train
698ddbe96c00d07d5428be58,[*]CC(CCCCCCCCCCCCCCCC)C(CCCCCCCCCCCCCCCC)COC(=O)c1ccc(C(=O)O[*])cc1,247.14999999999998,train
698ddbe96c00d07d5428be59,[*]CC(C(C)C)C(COC(=O)c1ccc(C(=O)O[*])cc1)C(C)C,338.15,test
698ddbe96c00d07d5428be5a,[*]Oc1ccc(OC(=O)c2ccc(C[*]=O)cc2)cc1CCC(C)CC,510.15,train
698ddbe96c00d07d5428be5b,[*]Oc1ccc(OC(=O)c2ccc(C[*]=O)cc2)cc1C1CCCCC1,479.15,train
698ddbe96c00d07d5428be5c,[*]Oc1ccc(OC(=O)c2ccc(C[*]=O)cc2)cc1C1CC2CCC1C2,540.15,test
698ddbe96c00d07d5428be5d,[*]CCCCCOC(=O)c1cccc(C(=O)O[*])c1,280.15,train
698ddbe96c00d07d5428be5e,[*]CCCCCCOC(=O)c1cccc(C(=O)O[*])c1,278.65,train
698ddbe96c00d07d5428be5f,[*]Oc1ccc(-c2ccc(OC(=O)CCCCCCCCCCCCC[*]=O)cc2)cc1,368.15,train
698ddbe96c00d07d5428be60,[*]CC1CCC(COC(=O)CCC(=O)O[*])CC1,272.15,val
698ddbe96c00d07d5428be61,[*]CCOC(=O)CCCCCC(=O)O[*],227.14999999999998,train
698ddbe96c00d07d5428be62,[*]CCCCCCCOC(=O)c1ccc(C(=O)O[*])cc1,272.15,val
698ddbe96c00d07d5428be63,[*]CCCCCCOC(=O)C(=O)O[*],339.65,val
698ddbe96c00d07d5428be64,[*]Oc1ccc(C[*]=O)cc1,434.15,val
698ddbe96c00d07d5428be65,[*]OC(C)CC[*]=O,276.54999999999995,val
698ddbe96c00d07d5428be66,[*]OC(C)C[*]=O,331.54999999999995,train
698ddbe96c00d07d5428be67,[*]CCC(=O)O[*],249.14999999999998,train
698ddbe96c00d07d5428be68,[*]CC(CC)(CC)C(=O)O[*],333.15,train
698ddbe96c00d07d5428be69,[*]CC(C)(C)C(=O)O[*],261.15,train
698ddbe96c00d07d5428be6a,[*]OC(CC)CC[*]=O,257.75,test
698ddbe96c00d07d5428be6b,[*]CC(C)(CC)C(=O)O[*],264.15,train
698ddbe96c00d07d5428be6c,[*]CC(C)C(=O)O[*],248.14999999999998,train
698ddbe96c00d07d5428be6d,[*]CC(C)(CCC)C(=O)O[*],275.04999999999995,train
698ddbe96c00d07d5428be6e,[*]OC(CC[*]=O)C(Cl)(Cl)Cl,436.65,train
698ddbe96c00d07d5428be6f,[*]CCCCCCCCCOC(=O)c1ccc(C(=O)O[*])cc1,308.15,train
698ddbe96c00d07d5428be70,[*]CCCCCCCCOC(=O)c1ccc(C(=O)O[*])cc1,318.15,train
698ddbe96c00d07d5428be71,[*]Oc1ccc(OC(=O)CCCCC[*]=O)cc1,363.15,train
698ddbe96c00d07d5428be72,[*]CC1CCC(COC(=O)C2CCC(C(=O)O[*])CC2)CC1,350.15,train
698ddbe96c00d07d5428be73,[*]CC1CCC(COC(=O)c2cccc(C(=O)O[*])c2)CC1,343.15,train
698ddbe96c00d07d5428be74,[*]CCCCCCCCCCOC(=O)CCCCCNC(=O)CCCCC(=O)NCCCCCC(=O)O[*],261.15,train
698ddbe96c00d07d5428be75,[*]CCCCCCCCCCOC(=O)c1ccc(-c2ccc(C(=O)O[*])cc2)cc1,325.15,val
698ddbe96c00d07d5428be76,[*]CCCCCCCCCCCCCCCCCCCCOC(=O)CC(=O)O[*],238.04999999999998,train
698ddbe96c00d07d5428be77,[*]CCOC(=O)C1CCC(C(=O)O[*])CC1,298.15,val
698ddbe96c00d07d5428be78,[*]CCOC(=O)c1ccc(-c2ccc(C(=O)O[*])cc2)cc1,313.15,train
698ddbe96c00d07d5428be79,[*]OC(C)COC(=O)c1cccc(C[*]=O)c1,350.15,train
698ddbe96c00d07d5428be7a,[*]CCCCCCOC(=O)CCCCCNC(=O)CCCCC(=O)NCCCCCC(=O)O[*],266.15,test
698ddbe96c00d07d5428be7b,[*]CCCCCCOC(=O)c1ccc(-c2ccc(C(=O)O[*])cc2)cc1,324.15,train
698ddbe96c00d07d5428be7c,[*]Oc1cccc(C[*]=O)c1,435.15,test
698ddbe96c00d07d5428be7d,[*]Oc1ccc(CC[*]=O)cc1,390.15,test
698ddbe96c00d07d5428be7e,[*]OC(CC[*]=O)C(C)(Cl)Cl,382.15,train
698ddbe96c00d07d5428be7f,[*]SC(C)C[*]=O,285.15,train
698ddbe96c00d07d5428be80,[*]CCC(C)CCC(=O)S[*],223.14999999999998,val
698ddbe96c00d07d5428be81,[*]Oc1ccc(Cc2ccc(OC(=O)CCCCC[*]=O)cc2)cc1,333.65,test
698ddbe96c00d07d5428be82,[*]CCCCCCCCOC(=O)c1ccc(-c2ccc(C(=O)O[*])cc2)cc1,320.15,train
698ddbe96c00d07d5428be83,[*]CC(F)(F)C(F)(F)C(F)(F)COC(=O)CCCCC(=O)O[*],212.64999999999998,test
698ddbe96c00d07d5428be84,[*]CCCCCOC(=O)c1ccc(-c2ccc(C(=O)O[*])cc2)cc1,320.65,test
698ddbe96c00d07d5428be85,[*]Oc1cccc(OC(=O)CCC[*]=O)c1,311.34999999999997,train
698ddbe96c00d07d5428be86,[*]Oc1ccc(OC(=O)c2ccc(C[*]=O)cc2)cc1,540.15,train
698ddbe96c00d07d5428be87,[*]CCCCOC(=O)CCCCCNC(=O)CCCCC(=O)NCCCCCC(=O)O[*],258.15,train
698ddbe96c00d07d5428be88,[*]CCCCOC(=O)CCCCCCCC(=O)O[*],210.64999999999998,train
698ddbe96c00d07d5428be89,[*]CCCCOC(=O)c1ccc(-c2ccc(C(=O)O[*])cc2)cc1,343.15,test
698ddbe96c00d07d5428be8a,[*]CCCCOC(=O)CCCC(=O)O[*],236.64999999999998,train
698ddbe96c00d07d5428be8b,[*]CCCCOC(=O)COCC(=O)O[*],250.14999999999998,train
698ddbe96c00d07d5428be8c,[*]CC(C)(C)COC(=O)CCCCC(=O)O[*],241.59999999999997,test
698ddbe96c00d07d5428be8d,[*]CCCOC(=O)C1CCC(C(=O)O[*])CC1,267.15,train
698ddbe96c00d07d5428be8e,[*]OC(C)CCOC(=O)c1ccc(-c2ccc(C[*]=O)cc2)cc1,365.65,train
698ddbe96c00d07d5428be8f,[*]CCCOC(=O)c1cccc(C(=O)O[*])c1,309.15,train
698ddbe96c00d07d5428be90,[*]CC(C)(C)COC(=O)CCC(=O)O[*],255.14999999999998,train
698ddbe96c00d07d5428be91,[*]CC(C)(C)COC(=O)c1ccc(C(=O)O[*])cc1,341.15,val
698ddbe96c00d07d5428be92,[*]Cc1ccc(COC(=O)c2cccc(C(=O)O[*])c2)cc1,416.15,train
698ddbe96c00d07d5428be93,[*]Oc1c(C)cc(-c2cc(C)c(OC(=O)CCCCC[*]=O)c(C)c2)cc1C,381.15,train
698ddbe96c00d07d5428be94,[*]Oc1c(C)cc(C(C)(C)c2cc(C)c(OC(=O)CCCCC[*]=O)c(C)c2)cc1C,366.15,train
698ddbe96c00d07d5428be95,[*]Oc1ccc(C(C)(C)c2ccc(OC(=O)CCCCC[*]=O)cc2)cc1,327.15,train
698ddbe96c00d07d5428be96,[*]Oc1c(-c2ccccc2)cc(Cc2cc(-c3ccccc3)c(OC(=O)CCCCC[*]=O)c(-c3ccccc3)c2)cc1-c1ccccc1,388.15,train
698ddbe96c00d07d5428be97,[*]Oc1cc(CCCC)cc(OC(=O)c2cccc(C[*]=O)c2)c1,370.65,train
698ddbe96c00d07d5428be98,[*]O[Sn](CCCC)(CCCC)OC(=O)CCCCC[*]=O,383.15,train
698ddbe96c00d07d5428be99,[*]O[Sn](CCCC)(CCCC)OC(=O)c1ccc(C[*]=O)cc1,588.15,test
698ddbe96c00d07d5428be9a,[*]CCCCCCCCCCOC(=O)c1ccc2cc(C(=O)O[*])ccc2c1,323.65,train
698ddbe96c00d07d5428be9b,[*]CCC(C)CCC(=O)O[*],220.14999999999998,train
698ddbe96c00d07d5428be9c,[*]OC(C)CCCC(C)C[*]=O,240.14999999999998,train
698ddbe96c00d07d5428be9d,[*]Oc1cc(CC)cc(OC(=O)c2cccc(C[*]=O)c2)c1,411.15,train
698ddbe96c00d07d5428be9e,[*]CC(F)(F)C(F)(F)C(F)(F)COC(=O)c1cc(C(=O)O[*])cc(C(F)(F)C(F)(F)C(F)(F)C(F)(F)C(F)(F)C(F)(F)C(F)(F)F)c1,300.15,test
698ddbe96c00d07d5428be9f,[*]CC(F)(F)C(F)(F)C(F)(F)COC(=O)c1cccc(-c2cccc(C(=O)O[*])c2)c1,318.15,train
698ddbe96c00d07d5428bea0,[*]CC(F)(F)C(F)(F)C(F)(F)COC(=O)c1cccc(C(F)(F)C(F)(F)C(F)(F)C(F)(F)C(F)(F)c2cccc(C(=O)O[*])c2)c1,302.15,train
698ddbe96c00d07d5428bea1,[*]CC(F)(F)C(F)(F)C(F)(F)COC(=O)c1cccc(C(F)(F)C(F)(F)C(F)(F)c2cccc(C(=O)O[*])c2)c1,297.15,train
698ddbe96c00d07d5428bea2,[*]Oc1cc(CCCCCC)cc(OC(=O)c2cccc(C[*]=O)c2)c1,340.65,train
698ddbe96c00d07d5428bea3,[*]Oc1ccc(-c2ccc(OC(=O)c3cccc(C[*]=O)c3)cc2)cc1,458.65,train
698ddbe96c00d07d5428bea4,[*]CC(F)(F)C(F)(F)C(F)(F)COC(=O)c1cccc(C(=O)O[*])c1,296.65,train
698ddbe96c00d07d5428bea5,[*]Oc1ccc(C(C)(C)c2ccc(OC(=O)c3cccc(C[*]=O)c3)c(C)c2)cc1C,435.15,train
698ddbe96c00d07d5428bea6,[*]Oc1c(C)cc(C(C)(C)c2cc(C)c(OC(=O)c3cccc(C[*]=O)c3)c(C)c2)cc1C,460.15,test
698ddbe96c00d07d5428bea7,[*]Oc1ccc(C2(c3ccc(OC(=O)c4cccc(C[*]=O)c4)cc3)CCCCC2)cc1,400.15,train
698ddbe96c00d07d5428bea8,[*]Oc1c(C)cc(-c2cc(C)c(OC(=O)CCCCCCCCC[*]=O)c(C)c2)cc1C,330.15,train
698ddbe96c00d07d5428bea9,[*]OC1C(C)(C)C(OC(=O)C2CCC(C[*]=O)CC2)C1(C)C,442.15,test
698ddbe96c00d07d5428beaa,[*]OC1C(C)(C)C(OC(=O)c2ccc(C[*]=O)cc2)C1(C)C,457.15,train
698ddbe96c00d07d5428beab,[*]CCCCOC(=O)C1CCC(C(=O)O[*])CC1,262.65,train
698ddbe96c00d07d5428beac,[*]CCCCCCOC(=O)c1ccc2cc(C(=O)O[*])ccc2c1,337.15,train
698ddbe96c00d07d5428bead,[*]CCCCCOC(=O)c1ccc2cc(C(=O)O[*])ccc2c1,331.65,train
698ddbe96c00d07d5428beae,[*]CCCCOC(=O)c1ccc2cc(C(=O)O[*])ccc2c1,339.15,train
698ddbe96c00d07d5428beaf,[*]CCCOC(=O)c1ccc2cc(C(=O)O[*])ccc2c1,361.15,train
698ddbe96c00d07d5428beb0,[*]Oc1c(C)cc(C(C)(C)c2cc(C)c(OC(=O)CCCCCCCCC[*]=O)c(C)c2)cc1C,318.15,train
698ddbe96c00d07d5428beb1,[*]Oc1cc(C)cc(OC(=O)c2cccc(C[*]=O)c2)c1,436.15,train
698ddbe96c00d07d5428beb2,[*]CC(C)(C)COC(=O)C1CCC(C(=O)O[*])CC1,303.15,test
698ddbe96c00d07d5428beb3,[*]Oc1cc(CCCCCCCCC)cc(OC(=O)c2cccc(C[*]=O)c2)c1,314.65,test
698ddbe96c00d07d5428beb4,[*]Oc1cc(CCCCCCCC)cc(OC(=O)c2cccc(C[*]=O)c2)c1,323.65,test
698ddbe96c00d07d5428beb5,[*]Oc1ccc(-c2ccc(OC(=O)c3cc(CCCCC)cc(C[*]=O)c3)cc2)cc1,411.15,train
698ddbe96c00d07d5428beb6,[*]CC(F)(F)C(F)(F)C(F)(F)COC(=O)c1cccc(C(=O)O[*])c1OCCCCC,290.15,test
698ddbe96c00d07d5428beb7,[*]CC(F)(F)C(F)(F)C(F)(F)COC(=O)c1ccc(OCCCCC)c(C(=O)O[*])c1,282.15,val
698ddbe96c00d07d5428beb8,[*]CC(F)(F)C(F)(F)C(F)(F)COC(=O)c1cc(OCCCCC)cc(C(=O)O[*])c1,243.14999999999998,test
698ddbe96c00d07d5428beb9,[*]Oc1ccc(Cc2ccc(OC(=O)c3cc(OCCCCC)cc(C[*]=O)c3)cc2)cc1,383.15,val
698ddbe96c00d07d5428beba,[*]Oc1c(-c2ccccc2)cc(-c2cc(-c3ccccc3)c(OC(=O)CCCCCCCCC[*]=O)c(-c3ccccc3)c2)cc1-c1ccccc1,371.15,train
698ddbe96c00d07d5428bebb,[*]Oc1ccc(C2(c3ccc(OC(=O)CCCCCCCCC[*]=O)cc3)c3ccccc3-c3ccccc32)cc1,424.15,train
698ddbe96c00d07d5428bebc,[*]Oc1cccc(C(F)(F)C(F)(F)C(F)(F)c2cccc(OC(=O)c3cccc(C(F)(F)C(F)(F)C(F)(F)c4cccc(C[*]=O)c4)c3)c2)c1,347.15,train
698ddbe96c00d07d5428bebd,[*]Oc1ccc(C(C)(C)c2ccc(OC(=O)c3ccc(C(C)(CC)c4ccc(C[*]=O)cc4)cc3)cc2)cc1,484.15,train
698ddbe96c00d07d5428bebe,[*]Oc1ccc(C(C)(C)c2ccc(OC(=O)c3cccc(C(F)(F)C(F)(F)C(F)(F)c4cccc(C[*]=O)c4)c3)cc2)cc1,395.15,train
698ddbe96c00d07d5428bebf,[*]Oc1ccc(C(C)(C)c2ccc(OC(=O)CCCCCCCCC[*]=O)cc2)cc1,287.4,test
698ddbe96c00d07d5428bec0,[*]Oc1c(-c2ccccc2)cc(Cc2cc(-c3ccccc3)c(OC(=O)CCCCCCCCC[*]=O)c(-c3ccccc3)c2)cc1-c1ccccc1,365.15,train
698ddbe96c00d07d5428bec1,[*]Oc1c(C)cc(-c2cc(C)c(OC(=O)CCCCCC[*]=O)c(C)c2)cc1C,369.15,train
698ddbe96c00d07d5428bec2,[*]Oc1c(C)cc(C(C)(C)c2cc(C)c(OC(=O)CCCCCC[*]=O)c(C)c2)cc1C,357.15,train
698ddbe96c00d07d5428bec3,[*]Oc1c(-c2ccccc2)cc(Cc2cc(-c3ccccc3)c(OC(=O)CCCCCC[*]=O)c(-c3ccccc3)c2)cc1-c1ccccc1,384.15,train
698ddbe96c00d07d5428bec4,[*]Oc1cc(CCC)cc(OC(=O)c2cccc(C[*]=O)c2)c1,402.15,train
698ddbe96c00d07d5428bec5,[*]Oc1ccc(C(C)(C)c2ccc(OC(=O)c3ccc(C[*]=O)cc3)c(CCCC)c2)cc1CCCC,433.15,train
698ddbe96c00d07d5428bec6,[*]Oc1ccc(C(C)(C)c2ccc(OC(=O)c3ccc(C[*]=O)cc3)c(C(C)CC)c2)cc1C(C)CC,363.15,train
698ddbe96c00d07d5428bec7,[*]Oc1ccc(C(C)(C)c2ccc(OC(=O)c3ccc(C[*]=O)cc3)c(Cl)c2)cc1Cl,463.15,train
698ddbe96c00d07d5428bec8,[*]Oc1ccc(C(C)(C)c2ccc(OC(=O)c3ccc(C[*]=O)cc3)c(C(C)C)c2)cc1C(C)C,413.15,val
698ddbe96c00d07d5428bec9,[*]Oc1cccc(OC(=O)c2cc(OCCCCC)cc(C[*]=O)c2)c1,369.15,test
698ddbe96c00d07d5428beca,[*]Oc1c(C)cc(C(C)(C)c2cc(C)c(OC(=O)c3ccc(C[*]=O)cc3)c(C)c2)cc1C,512.15,train
698ddbe96c00d07d5428becb,[*]Oc1ccc(C2(c3ccc(OC(=O)c4ccc(C[*]=O)cc4)cc3)c3ccccc3-c3ccccc32)cc1,558.15,train
698ddbe96c00d07d5428becc,[*]Oc1cc(CCCCCCCCCCCCC)cc(OC(=O)c2cccc(C[*]=O)c2)c1,298.65,train
698ddbe96c00d07d5428becd,[*]Oc1cc(CCCCCCCCCCC)cc(OC(=O)c2cccc(C[*]=O)c2)c1,307.65,train
698ddbe96c00d07d5428bece,[*]CC(C)(C)CS(=O)(=O)CC(C)(C)COC(=O)c1ccc(C(=O)O[*])cc1,378.15,test
698ddbe96c00d07d5428becf,[*]c1ccc(OC(=O)c2cccc(C(=O)Oc3ccc(C4[*]NC(=O)c5ccccc54)cc3)c2)cc1,598.15,train
698ddbe96c00d07d5428bed0,[*]c1ccc(OC(=O)c2ccc(C(=O)Oc3ccc(C4[*]NC(=O)c5ccccc54)cc3)cc2)cc1,600.15,val
698ddbe96c00d07d5428bed1,[*]c1ccc(OC(=O)c2cc(C(=O)Oc3ccc(C4[*]OC(=O)c5ccccc54)cc3)cc(C(C)(C)C)c2)cc1,552.15,train
698ddbe96c00d07d5428bed2,[*]c1ccc(OC(=O)c2cc(Cl)cc(C(=O)Oc3ccc(C4[*]OC(=O)c5ccccc54)cc3)c2)cc1,586.15,train
698ddbe96c00d07d5428bed3,[*]OC1CCC(OC(=O)CCCCCCCCC[*]=O)CC1,339.15,test
698ddbe96c00d07d5428bed4,[*]OC(C)COC(=O)c1ccccc1C[*]=O,368.15,train
698ddbe96c00d07d5428bed5,[*]OC(C)COC(=O)c1ccc(C[*]=O)cc1,371.15,test
698ddbe96c00d07d5428bed6,[*]Oc1ccc(C2(c3ccc(OC(=O)c4ccc(C[*]=O)cc4)cc3)CCc3ccccc32)cc1,585.15,val
698ddbe96c00d07d5428bed7,[*]Oc1ccc(-c2ccc(OC(=O)c3ccc(C[*]=O)cc3)cc2)cc1-c1ccccc1,405.15,test
698ddbe96c00d07d5428bed8,[*]CCCCCCCOC(=O)c1ccc(-c2ccc(C(=O)O[*])cc2)cc1,317.15,test
698ddbe96c00d07d5428bed9,[*]CCCCOC(=O)c1ccc([Si](C)(C)c2ccc(C(=O)O[*])cc2)cc1,315.15,train
698ddbe96c00d07d5428beda,[*]CCCCOC(=O)c1ccc(C(C)(C)c2ccc(C(=O)O[*])cc2)cc1,317.15,train
698ddbe96c00d07d5428bedb,[*]Oc1ccc(OC(=O)c2ccc([Si](C)(C)c3ccc(C[*]=O)cc3)cc2)cc1,449.15,val
698ddbe96c00d07d5428bedc,[*]Oc1ccc(OC(=O)c2ccc(C(C)(C)c3ccc(C[*]=O)cc3)cc2)cc1,468.15,test
698ddbe96c00d07d5428bedd,[*]Oc1cccc(OC(=O)c2ccc([Si](C)(C)c3ccc(C[*]=O)cc3)cc2)c1,407.15,train
698ddbe96c00d07d5428bede,[*]Oc1cccc(OC(=O)c2ccc(C(C)(C)c3ccc(C[*]=O)cc3)cc2)c1,431.15,train
698ddbe96c00d07d5428bedf,[*]Oc1ccc(C(C)(C)c2ccc(OC(=O)CN(CC[*]=O)c3ccc(/N=N/c4ccc([N+](=O)[O-])cc4)cc3)cc2)cc1,425.15,train
698ddbe96c00d07d5428bee0,[*]Oc1ccc(OC(=O)/C=C/c2ccc(/C=C/C[*]=O)cc2)cc1,483.15,train
698ddbe96c00d07d5428bee1,[*]Oc1ccc(-c2ccc(OC(=O)/C=C/c3ccc(/C=C/C[*]=O)cc3)cc2)cc1,516.15,train
698ddbe96c00d07d5428bee2,[*]C(=O)Oc1ccc(C(C)(C)c2ccc(OC(=O)c3ccc4c(c3)C(=O)N(c3cccc(N5C(=O)c6ccc[*]cc6C5=O)c3)C4=O)cc2)cc1,498.15,train
698ddbe96c00d07d5428bee3,[*]C(=O)OCCCCOC(=O)c1ccc(NC(=O)c2ccc(N3C(=O)c4ccc[*]cc4C3=O)cc2)cc1,403.15,train
698ddbe96c00d07d5428bee4,[*]C(=O)OCCCCCOC(=O)c1ccc(NC(=O)c2ccc(N3C(=O)c4ccc[*]cc4C3=O)cc2)cc1,402.15,test
698ddbe96c00d07d5428bee5,[*]C(=O)OCCCCCCOC(=O)c1ccc(NC(=O)c2ccc(N3C(=O)c4ccc[*]cc4C3=O)cc2)cc1,380.15,val
698ddbe96c00d07d5428bee6,[*]C(=O)OCCCCCCCOC(=O)c1ccc(NC(=O)c2ccc(N3C(=O)c4ccc[*]cc4C3=O)cc2)cc1,379.15,train
698ddbe96c00d07d5428bee7,[*]C(=O)OCCCCCCCCOC(=O)c1ccc(NC(=O)c2ccc(N3C(=O)c4ccc[*]cc4C3=O)cc2)cc1,378.15,test
698ddbe96c00d07d5428bee8,[*]C(=O)OCCCCCCCCCOC(=O)c1ccc(NC(=O)c2ccc(N3C(=O)c4ccc[*]cc4C3=O)cc2)cc1,373.15,train
698ddbe96c00d07d5428bee9,[*]C(=O)OCCCCCCCCCCOC(=O)c1ccc(NC(=O)c2ccc(N3C(=O)c4ccc[*]cc4C3=O)cc2)cc1,375.15,train
698ddbe96c00d07d5428beea,[*]C(=O)OCCCCCCCCCCCCOC(=O)c1ccc(NC(=O)c2ccc(N3C(=O)c4ccc[*]cc4C3=O)cc2)cc1,347.15,train
698ddbe96c00d07d5428beeb,[*]CCCCOC(=O)Nc1ccc(Cc2ccc(NC(=O)OCCCCn3c4ccccc4c4cc(/C=C(\C#N)C(=O)OCCCCCCOC(=O)/C(C#N)=C/c5ccc6c(c5)c5ccccc5n6[*])ccc43)cc2)cc1,395.15,train
698ddbe96c00d07d5428beec,[*]CCCCOC(=O)Nc1ccc(-c2ccc(NC(=O)OCCCCn3c4ccccc4c4cc(/C=C(\C#N)C(=O)OCCCCCCOC(=O)/C(C#N)=C/c5ccc6c(c5)c5ccccc5n6[*])ccc43)c(C)c2)cc1C,386.15,train
698ddbe96c00d07d5428beed,[*]CCCCOC(=O)Nc1ccc(C)c(NC(=O)OCCCCn2c3ccccc3c3cc(/C=C(\C#N)C(=O)OCCCCCCOC(=O)/C(C#N)=C/c4ccc5c(c4)c4ccccc4n5[*])ccc32)c1,390.15,test
698ddbe96c00d07d5428beee,[*]Oc1ccc(-c2cc(-c3ccccc3)c(-c3ccc(OC(=O)c4ccc(C[*]=O)cc4-c4ccccc4)cc3)c(-c3ccccc3)c2-c2ccccc2)cc1,498.15,train
698ddbe96c00d07d5428beef,[*]Oc1ccc(-c2ccc(-c3cc(-c4ccccc4)c(-c4ccc(-c5ccc(OC(=O)c6ccc(C[*]=O)cc6-c6ccccc6)cc5)cc4)c(-c4ccccc4)c3-c3ccccc3)cc2)cc1,533.15,train
698ddbe96c00d07d5428bef0,[*]c1ccc(OC(=O)c2cccc(C(=O)Oc3ccc(C4[*]OC(=O)c5ccccc54)cc3C)c2)c(C)c1,546.15,train
698ddbe96c00d07d5428bef1,[*]CCOC(=O)c1ccc(-c2ccc(C(=O)O[*])cc2C)c(C)c1,346.15,train
698ddbe96c00d07d5428bef2,[*]CCOC(=O)c1ccc(C2(C)CC(C)(C)c3ccc(C(=O)O[*])cc32)cc1,427.15,val
698ddbe96c00d07d5428bef3,[*]Oc1ccc(OC(=O)CCCCCCCCC[*]=O)cc1,325.95,train
698ddbe96c00d07d5428bef4,[*]Oc1ccc(C(C)(C)c2ccc(OC(=O)c3ccc(S(=O)(=O)c4ccc(C[*]=O)cc4)cc3)cc2)cc1,493.15,train
698ddbe96c00d07d5428bef5,[*]Oc1ccc(S(=O)(=O)c2ccc(OC(=O)c3cccc(C[*]=O)c3)cc2)cc1,522.15,train
698ddbe96c00d07d5428bef6,[*]OC(C)CCCCC[*]=O,233.14999999999998,val
698ddbe96c00d07d5428bef7,[*]c1ccc(OC(=O)c2cccc(C(=O)Oc3ccc(C4[*]c5ccccc5C(=O)N4C)cc3)c2)cc1,558.15,train
698ddbe96c00d07d5428bef8,[*]c1ccc(OC(=O)c2ccc(C(=O)Oc3ccc(C4[*]c5ccccc5C(=O)N4C)cc3)cc2)cc1,555.15,train
698ddbe96c00d07d5428bef9,[*]Cc1ccc2nc(-c3cc(-c4nc5ccc[*]cc5c(=O)o4)cc(N4C(=O)c5ccccc5C4=O)c3)oc(=O)c2c1,595.15,train
698ddbe96c00d07d5428befa,[*]c1ccc(OC(=O)c2cccc(C(=O)Oc3ccc(C4[*]C(=O)Nc5ccccc54)cc3)c2)cc1,529.15,test
698ddbe96c00d07d5428befb,[*]c1ccc(OC(=O)c2cccc(C(=O)Oc3ccc(C4[*]C(=O)Nc5c(Cl)cc(Cl)cc54)cc3)c2)cc1,543.15,test
698ddbe96c00d07d5428befc,[*]CCC(=O)N[*],418.65,test
698ddbe96c00d07d5428befd,[*]CCCCNC(=O)CCCCC(=O)N[*],331.15,train
698ddbe96c00d07d5428befe,[*]CCCCCNC(=O)CCCCC(=O)N[*],319.65,train
698ddbe96c00d07d5428beff,[*]CCCCCC(=O)N[*],324.75,train
698ddbe96c00d07d5428bf00,[*]CCCCCCNC(=O)CCCCC(=O)N[*],331.34999999999997,train
698ddbe96c00d07d5428bf01,[*]CCCCCCNC(=O)CCCCCC(=O)N[*],327.15,val
698ddbe96c00d07d5428bf02,[*]CCCCCCNC(=O)CCCCCCC(=O)N[*],330.15,train
698ddbe96c00d07d5428bf03,[*]CCCCCCNC(=O)CCCCCCCC(=O)N[*],315.45,train
698ddbe96c00d07d5428bf04,[*]CCCCCCNC(=O)CCCCCCCCC(=O)N[*],318.15,test
698ddbe96c00d07d5428bf05,[*]CCCCCCNC(=O)CCCCCCCCCCC(=O)N[*],319.15,test
698ddbe96c00d07d5428bf06,[*]CCCCCCC(=O)N[*],325.15,test
698ddbe96c00d07d5428bf07,[*]CCCCCCCNC(=O)CCCCC(=O)N[*],328.15,train
698ddbe96c00d07d5428bf08,[*]CCCCCCCNC(=O)CCCCCC(=O)N[*],328.15,test
698ddbe96c00d07d5428bf09,[*]CCCCCCCC(=O)N[*],310.15,train
698ddbe96c00d07d5428bf0a,[*]CCCCCCCCNC(=O)CCCCC(=O)N[*],323.15,train
698ddbe96c00d07d5428bf0b,[*]CCCCCCCCNC(=O)CCCCCCCCC(=O)N[*],327.15,val
698ddbe96c00d07d5428bf0c,[*]CCCCCCCCNC(=O)CCCCCCCCCCC(=O)N[*],323.15,train
698ddbe96c00d07d5428bf0d,[*]CCCCCCCCNC(=O)CCCCCCCCCCCCCCCCCCCCC(=O)N[*],321.15,test
698ddbe96c00d07d5428bf0e,[*]CCCCCCCCC(=O)N[*],321.15,train
698ddbe96c00d07d5428bf0f,[*]CCCCCCCCCNC(=O)CCCCC(=O)N[*],341.15,test
698ddbe96c00d07d5428bf10,[*]CCCCCCCCCC(=O)N[*],316.15,val
698ddbe96c00d07d5428bf11,[*]CCCCCCCCCCNC(=O)CCCCCCCCCCC(=O)N[*],322.15,test
698ddbe96c00d07d5428bf12,[*]CCCCCCCCCCC(=O)N[*],319.15,train
698ddbe96c00d07d5428bf13,[*]CCCCCCCCCCCC(=O)N[*],315.15,val
698ddbe96c00d07d5428bf14,[*]CCCCCCCCCCCCNC(=O)CCCCCCCCCCCCCCCCC(=O)N[*],319.65,train
698ddbe96c00d07d5428bf15,[*]CCCCCCCCCCCCC(=O)N[*],314.15,train
698ddbe96c00d07d5428bf16,[*]CCCCCCCCCCCCCCNC(=O)CCCCCCCCCCCCCCCCC(=O)N[*],321.15,train
698ddbe96c00d07d5428bf17,[*]CCCCCCCCCCCCCCCCCCNC(=O)CCCCCCCCCCCCCCCCC(=O)N[*],323.15,test
698ddbe96c00d07d5428bf18,[*]NC1CCC(CC2CCC(NC(=O)CCCCC[*]=O)CC2)CC1,458.15,train
698ddbe96c00d07d5428bf19,[*]CCCC1(CCCNC(=O)CCCCC(=O)N[*])c2ccccc2-c2ccccc21,393.15,test
698ddbe96c00d07d5428bf1a,[*]CCCP(CCCNC(=O)CCCCC(=O)N[*])CC(C)C,344.15,train
698ddbe96c00d07d5428bf1b,[*]CCCCCCCCCCNC(=O)CCCCC(=O)N[*],318.15,train
698ddbe96c00d07d5428bf1c,[*]CCCCCCCCCCNC(=O)CCCCCCCCC(=O)N[*],333.15,train
698ddbe96c00d07d5428bf1d,[*]CCCNC(=O)CCCCC(=O)NCCCN[*]C,278.15,train
698ddbe96c00d07d5428bf1e,[*]Cc1cc(C)c(CNC(=O)CCCCC(=O)N[*])cc1C,343.15,val
698ddbe96c00d07d5428bf1f,[*]CCCCP(C)(=O)CCCNC(=O)CCCCC(=O)N[*],332.15,train
698ddbe96c00d07d5428bf20,[*]CCCP(C)(=O)CCCNC(=O)CCCCC(=O)N[*],306.15,val
698ddbe96c00d07d5428bf21,[*]CCCP(CCCNC(=O)CCCCC(=O)N[*])c1ccccc1,322.15,val
698ddbe96c00d07d5428bf22,[*]CCCP(=O)(CCCNC(=O)CCCCC(=O)N[*])c1ccccc1,328.15,train
698ddbe96c00d07d5428bf23,[*]CCCCCCNC(=O)c1cc(C(=O)N[*])cc(C(C)(C)C)c1,436.15,test
698ddbe96c00d07d5428bf24,[*]CC1CCC(CNC(=O)c2cc(C(=O)N[*])cc(C(C)(C)C)c2)CC1,509.15,train
698ddbe96c00d07d5428bf25,[*]Cc1cccc(CNC(=O)c2cc(C(=O)N[*])cc(C(C)(C)C)c2)c1,465.15,train
698ddbe96c00d07d5428bf26,[*]Cc1ccc(CNC(=O)c2cc(C(=O)N[*])cc(C(C)(C)C)c2)cc1,477.15,train
698ddbe96c00d07d5428bf27,[*]CC(C)CCC(C)CNC(=O)c1cc(C(=O)N[*])cc(C(C)(C)C)c1,422.15,train
698ddbe96c00d07d5428bf28,[*]CCC(C)C(C)CCNC(=O)c1cc(C(=O)N[*])cc(C(C)(C)C)c1,446.15,train
698ddbe96c00d07d5428bf29,[*]CCCC1(CCCNC(=O)c2ccccc2-c2ccccc2C(=O)N[*])c2ccccc2-c2ccccc21,438.15,train
698ddbe96c00d07d5428bf2a,[*]CCCCCCNC(=O)Cc1ccc(C(=O)N[*])cc1,377.15,train
698ddbe96c00d07d5428bf2b,[*]NC1CCC(CC2CCC(NC(=O)CCCCCCCCCCC[*]=O)CC2)CC1,415.15,train
698ddbe96c00d07d5428bf2c,[*]NC1CCC(CC2CCC(NC(=O)CCCCCCCCC[*]=O)CC2)CC1,417.15,train
698ddbe96c00d07d5428bf2d,[*]CCc1ccc(CCNC(=O)CCCCCCCCCCCCCCCCC(=O)N[*])cc1,348.15,train
698ddbe96c00d07d5428bf2e,[*]CCc1ccc(CCNC(=O)CCCCCCCCCCCCC(=O)N[*])cc1,366.15,test
698ddbe96c00d07d5428bf2f,[*]CCc1ccc(CCNC(=O)CCCCCCCCCC(=O)N[*])cc1,369.15,train
698ddbe96c00d07d5428bf30,[*]CCc1ccc(CCNC(=O)CCCCCCCCC(=O)N[*])cc1,378.15,train
698ddbe96c00d07d5428bf31,[*]CCCC(C)(C)CNC(=O)CCCC(=O)N[*],355.15,test
698ddbe96c00d07d5428bf32,[*]Nc1ccc(-c2ccc(NC(=O)c3cccc(C[*]=O)c3)cc2)cc1,567.15,train
698ddbe96c00d07d5428bf33,[*]CCCCCCNC(=O)c1cccc(C(=O)N[*])c1,393.15,train
698ddbe96c00d07d5428bf34,[*]CCCCCCCCNC(=O)c1cccc(C(=O)N[*])c1,383.15,train
698ddbe96c00d07d5428bf35,[*]CC1CCC(CNC(=O)c2cccc(C(=O)N[*])c2)CC1,481.15,train
698ddbe96c00d07d5428bf36,[*]CCCC1(CCCNC(=O)c2cccc(C(=O)N[*])c2)c2ccccc2-c2ccccc21,448.15,test
698ddbe96c00d07d5428bf37,[*]Cc1cccc(CNC(=O)c2cccc(C(=O)N[*])c2)c1,445.15,test
698ddbe96c00d07d5428bf38,[*]CCC(C)C(C)CCNC(=O)c1cccc(C(=O)N[*])c1,398.15,train
698ddbe96c00d07d5428bf39,[*]CCCC(C)(C)CNC(=O)c1cccc(C(=O)N[*])c1,426.15,val
698ddbe96c00d07d5428bf3a,[*]Nc1ccc(Cc2ccc(NC(=O)c3cccc(C[*]=O)c3)cc2)cc1,538.15,val
698ddbe96c00d07d5428bf3b,[*]CCCCCCCCCCNC(=O)/C=C(\C)C(=O)N[*],347.15,test
698ddbe96c00d07d5428bf3c,[*]CCCCCCNC(=O)/C=C(\C)C(=O)N[*],367.15,train
698ddbe96c00d07d5428bf3d,[*]Cc1cccc(CNC(=O)/C=C(\C)C(=O)N[*])c1,408.15,train
698ddbe96c00d07d5428bf3e,[*]CCCCCCNC(=O)CCC(C)CC(=O)N[*],290.15,test
698ddbe96c00d07d5428bf3f,[*]CC1CC(CNC(=O)c2cccc(C(=O)N[*])c2)CC(C(C)(C)C)C1,482.15,train
698ddbe96c00d07d5428bf40,[*]Cc1cc(CNC(=O)CCCCC(=O)N[*])cc(C(C)(C)C)c1,382.15,train
698ddbe96c00d07d5428bf41,[*]Cc1cc(CNC(=O)c2cccc(C(=O)N[*])c2)cc(C(C)(C)C)c1,461.15,val
698ddbe96c00d07d5428bf42,[*]CC1CCCC(CNC(=O)c2cc(C(=O)N[*])cc(C(C)(C)C)c2)C1,473.15,train
698ddbe96c00d07d5428bf43,[*]CC1CCCC(CNC(=O)c2cccc(C(=O)N[*])c2)C1,453.15,train
698ddbe96c00d07d5428bf44,[*]CCCC1(CCCNC(=O)CCCCCCCCC(=O)N[*])c2ccccc2-c2ccccc21,358.15,train
698ddbe96c00d07d5428bf45,[*]CCCCCCNC(=O)c1ccccc1-c1ccccc1C(=O)N[*],395.65,val
698ddbe96c00d07d5428bf46,[*]CCCCCCNC(=O)c1ccc(C(C)(CC)c2ccc(C(=O)N[*])cc2)cc1,437.15,train
698ddbe96c00d07d5428bf47,[*]CCCCNC(=O)c1ccc(C(C)(CC)c2ccc(C(=O)N[*])cc2)cc1,455.15,train
698ddbe96c00d07d5428bf48,[*]CCCCCNC(=O)Cc1ccc(C(=O)N[*])cc1,376.15,train
698ddbe96c00d07d5428bf49,[*]CCCCNC(=O)Cc1ccc(C(=O)N[*])cc1,357.15,train
698ddbe96c00d07d5428bf4a,[*]CCCNC(=O)Cc1ccc(C(=O)N[*])cc1,382.15,train
698ddbe96c00d07d5428bf4b,[*]CCCCCCCCNC(=O)Cc1ccc(CC(=O)N[*])cc1,383.15,train
698ddbe96c00d07d5428bf4c,[*]CCCCCCNC(=O)CCC1(CCC(=O)N[*])c2ccccc2-c2ccccc21,395.15,train
698ddbe96c00d07d5428bf4d,[*]CCCCCCNC(=O)CCP(=S)(CCC(=O)N[*])c1ccccc1,316.15,test
698ddbe96c00d07d5428bf4e,[*]CCCCCCNC(=O)CCP(=O)(CCC(=O)N[*])c1ccccc1,302.15,train
698ddbe96c00d07d5428bf4f,[*]CCCCCNC(=O)c1ccc(C(=O)N[*])cc1,450.15,test
698ddbe96c00d07d5428bf50,[*]NC1CC(C)(C)CC(C)(CNC(=O)CCCCC[*]=O)C1,423.95,test
698ddbe96c00d07d5428bf51,[*]Cc1cccc(CNC(=O)CCCCC(=O)N[*])c1,357.15,test
698ddbe96c00d07d5428bf52,[*]Cc1cccc(CNC(=O)c2ccccc2-c2ccccc2C(=O)N[*])c1,432.15,train
698ddbe96c00d07d5428bf53,[*]Cc1ccc(CNC(=O)CC(C)(C)CC(C)C(=O)N[*])cc1,398.15,train
698ddbe96c00d07d5428bf54,[*]Cc1ccc(CNC(=O)CCCCCCCCCCC(=O)N[*])cc1,378.15,train
698ddbe96c00d07d5428bf55,[*]Cc1ccc(CNC(=O)CCCCCCCCCCCCCCCCC(=O)N[*])cc1,348.15,test
698ddbe96c00d07d5428bf56,[*]Cc1cccc(CNC(=O)CCC2(CCC(=O)N[*])c3ccccc3-c3ccccc32)c1,423.15,train
698ddbe96c00d07d5428bf57,[*]Cc1ccc(CNC(=O)CCCCCCCCCCCCCC(=O)N[*])cc1,363.15,train
698ddbe96c00d07d5428bf58,[*]Cc1ccc(CNC(=O)CCCCCCCCC(=O)N[*])cc1,388.15,train
698ddbe96c00d07d5428bf59,[*]Cc1ccc(CNC(=O)CCCCCCCCCCCC(=O)N[*])cc1,373.15,train
698ddbe96c00d07d5428bf5a,[*]Cc1ccc(CNC(=O)CCCCCCCCCC(=O)N[*])cc1,383.15,test
698ddbe96c00d07d5428bf5b,[*]CCCC(C)(C)CNC(=O)CCCCC(=O)N[*],350.15,train
698ddbe96c00d07d5428bf5c,[*]CCC(C)(C)CC(C)CNC(=O)CCCCC(=O)N[*],338.15,test
698ddbe96c00d07d5428bf5d,[*]CCCC(C)(C)CNC(=O)CCCCCCCC(=O)N[*],336.15,test
698ddbe96c00d07d5428bf5e,[*]CCCC(C)(C)CNC(=O)CCCCCC(=O)N[*],343.65,train
698ddbe96c00d07d5428bf5f,[*]CCCC(C)(C)CNC(=O)c1ccc(C(=O)N[*])cc1,430.15,train
698ddbe96c00d07d5428bf60,[*]Nc1cccc2c(NC(=O)c3cccc(C[*]=O)c3)cccc12,598.15,train
698ddbe96c00d07d5428bf61,[*]Nc1cccc2c(NC(=O)c3ccc(C[*]=O)cc3)cccc12,578.15,train
698ddbe96c00d07d5428bf62,[*]CCCC(C)(C)CNC(=O)C(=O)N[*],382.15,train
698ddbe96c00d07d5428bf63,[*]CCCCCCCCCCCCCCCCCCNC(=O)Cc1ccc(CC(=O)N[*])cc1,351.15,train
698ddbe96c00d07d5428bf64,[*]CCCC1(CCCNC(=O)CCC2(CCC(=O)N[*])c3ccccc3-c3ccccc32)c2ccccc2-c2ccccc21,438.15,test
698ddbe96c00d07d5428bf65,[*]CCCCCCCCCCCCNC(=O)CCc1ccc(CCC(=O)N[*])cc1,358.15,train
698ddbe96c00d07d5428bf66,[*]CCCCCCCCCCCCCCCCCCNC(=O)CCc1ccc(CCC(=O)N[*])cc1,338.15,train
698ddbe96c00d07d5428bf67,[*]Nc1cccc(NC(=O)c2cccc(C[*]=O)c2)c1,548.15,train
698ddbe96c00d07d5428bf68,[*]Nc1ccc(NC(=O)c2cccc(C[*]=O)c2)cc1,568.15,train
698ddbe96c00d07d5428bf69,[*]Nc1cccc(NC(=O)CCCCCCCCC[*]=O)c1,383.15,train
698ddbe96c00d07d5428bf6a,[*]Nc1cccc(NC(=O)c2ccc(C[*]=O)cc2)c1,511.15,test
698ddbe96c00d07d5428bf6b,[*]Nc1ccc(NC(=O)c2ccc(C[*]=O)cc2)cc1,568.15,train
698ddbe96c00d07d5428bf6c,[*]Nc1ccc(-c2ccc(NC(=O)c3ccc(C[*]=O)cc3)cc2)cc1,613.15,train
698ddbe96c00d07d5428bf6d,[*]CCCC(CCNC(=O)c1ccc(C(=O)N[*])cc1)C(C)C,423.15,train
698ddbe96c00d07d5428bf6e,[*]CCCCCCCCCCCCNC(=O)c1ccc(C(=O)N[*])cc1,403.15,train
698ddbe96c00d07d5428bf6f,[*]CCCCCCCNC(=O)c1ccc(C(=O)N[*])cc1,433.15,train
698ddbe96c00d07d5428bf70,[*]CCCCCCNC(=O)c1ccc(C(=O)N[*])cc1,405.65,train
698ddbe96c00d07d5428bf71,[*]CCCCCCCCCNC(=O)c1ccc(C(=O)N[*])cc1,388.15,train
698ddbe96c00d07d5428bf72,[*]Cc1cc(C)c(CNC(=O)c2ccc(C(=O)N[*])cc2)cc1C,498.15,train
698ddbe96c00d07d5428bf73,[*]CCCC(C)(C)CCCNC(=O)c1ccc(C(=O)N[*])cc1,425.15,train
698ddbe96c00d07d5428bf74,[*]NC(C)CCC(C)(C)CCCNC(=O)c1ccc(C[*]=O)cc1,423.15,val
698ddbe96c00d07d5428bf75,[*]CCC(C)CC(C)(C)CNC(=O)c1ccc(C(=O)N[*])cc1,420.15,val
698ddbe96c00d07d5428bf76,[*]CCC(C)(C)CC(C)CNC(=O)c1ccc(C(=O)N[*])cc1,421.15,train
698ddbe96c00d07d5428bf77,[*]Nc1ccc(Cc2ccc(NC(=O)c3ccc(C[*]=O)cc3)cc2)cc1,567.65,train
698ddbe96c00d07d5428bf78,[*]CCCCCCN(C(=O)C(F)(F)C(F)(F)C(F)(F)C(=O)N[*]C(C)C)C(C)C,415.65,test
698ddbe96c00d07d5428bf79,[*]CCCC(CC)CCNC(=O)c1ccc(C(=O)N[*])cc1,408.15,train
698ddbe96c00d07d5428bf7a,[*]c1cccc(NC(=O)CCCCC(=O)Nc2cccc(S[*](=O)=O)c2)c1,413.15,test
698ddbe96c00d07d5428bf7b,[*]c1ccc(NC(=O)CCCCC(=O)Nc2ccc(S[*](=O)=O)cc2)cc1,467.15,train
698ddbe96c00d07d5428bf7c,[*]c1cccc(NC(=O)CCCCCCCC(=O)Nc2cccc(S[*](=O)=O)c2)c1,398.15,train
698ddbe96c00d07d5428bf7d,[*]c1ccc(NC(=O)CCCCCCCC(=O)Nc2ccc(S[*](=O)=O)cc2)cc1,451.15,train
698ddbe96c00d07d5428bf7e,[*]c1cccc(NC(=O)CCCCCCCCCCC(=O)Nc2cccc(S[*](=O)=O)c2)c1,380.15,train
698ddbe96c00d07d5428bf7f,[*]c1ccc(NC(=O)CCCCCCCCCCC(=O)Nc2ccc(S[*](=O)=O)cc2)cc1,433.15,train
698ddbe96c00d07d5428bf80,[*]c1ccc(NC(=O)CCCCCC(=O)Nc2ccc(S[*](=O)=O)cc2)cc1,436.15,train
698ddbe96c00d07d5428bf81,[*]c1cccc(NC(=O)CCCCCCCCC(=O)Nc2cccc(S[*](=O)=O)c2)c1,385.15,train
698ddbe96c00d07d5428bf82,[*]c1ccc(NC(=O)CCCCCCCCC(=O)Nc2ccc(S[*](=O)=O)cc2)cc1,345.49,train
698ddbe96c00d07d5428bf83,[*]c1cccc(NC(=O)CCCCCCC(=O)Nc2cccc(S[*](=O)=O)c2)c1,398.15,train
698ddbe96c00d07d5428bf84,[*]NC(CCC(=O)OC)C[*]=O,273.15,test
698ddbe96c00d07d5428bf85,[*]C(=O)CCCCCCCCC(=O)N1CCN[*]CC1,355.15,val
698ddbe96c00d07d5428bf86,[*]CCCCCCCCCCC(=O)NCCCCCC(=O)N[*],298.65,train
698ddbe96c00d07d5428bf87,[*]NC(C)CC[*]=O,398.15,train
698ddbe96c00d07d5428bf88,[*]CCCC(=O)N[*],335.95,test
698ddbe96c00d07d5428bf89,[*]CCNC(=O)CCCCC(=O)N[*],344.15,train
698ddbe96c00d07d5428bf8a,[*]CCCCCNC(=O)CC(=O)N[*],338.15,test
698ddbe96c00d07d5428bf8b,[*]CCCCCCNC(=O)CCCCCCCCCCCCCCCCC(=O)N[*],320.15,train
698ddbe96c00d07d5428bf8c,[*]CCCCCCCCNC(=O)CCCCCCCCCCCCCCCCC(=O)N[*],309.15,test
698ddbe96c00d07d5428bf8d,[*]CCCCCCCCCCNC(=O)CCCCCCCCCCCCCCCCC(=O)N[*],319.15,test
698ddbe96c00d07d5428bf8e,[*]CCCCCCCCCCCNC(=O)CCCCCCCCC(=O)N[*],313.15,train
698ddbe96c00d07d5428bf8f,[*]CCCNC(=O)c1ccc(C(=O)N[*])cc1,453.15,train
698ddbe96c00d07d5428bf90,[*]CCCCCCNC(=O)Cc1ccc(CC(=O)N[*])cc1,368.15,train
698ddbe96c00d07d5428bf91,[*]CCCCCCNC(=O)CCc1ccc(CCC(=O)N[*])cc1,358.15,train
698ddbe96c00d07d5428bf92,[*]CCCCCCCCNC(=O)c1ccc(C(=O)N[*])cc1,396.15,test
698ddbe96c00d07d5428bf93,[*]CCCCCCCCCCNC(=O)c1ccc(Cc2ccc(C(=O)N[*])cc2)cc1,413.15,train
698ddbe96c00d07d5428bf94,[*]CCCCCCCCCCCCCCNC(=O)CCc1ccc(CCC(=O)N[*])cc1,358.15,train
698ddbe96c00d07d5428bf95,[*]CC1CCC(CNC(=O)CCCCC(=O)N[*])CC1,386.15,train
698ddbe96c00d07d5428bf96,[*]CC1CCC(CNC(=O)CCCCCCCCC(=O)N[*])CC1,362.15,train
698ddbe96c00d07d5428bf97,[*]CC1CCC(CNC(=O)CCCCCCCCCCC(=O)N[*])CC1,358.15,val
698ddbe96c00d07d5428bf98,[*]NC1CCC(CCC2CCC(NC(=O)CCCCCCCCC[*]=O)CC2)CC1,389.15,train
698ddbe96c00d07d5428bf99,[*]NC1CCC(CCC2CCC(NC(=O)CCCCCCCCCCC[*]=O)CC2)CC1,378.15,test
698ddbe96c00d07d5428bf9a,[*]Nc1cccc(NC(=O)CCCCC[*]=O)c1,387.4,train
698ddbe96c00d07d5428bf9b,[*]Nc1ccc(NC(=O)CCCCC[*]=O)cc1,406.15,test
698ddbe96c00d07d5428bf9c,[*]Nc1cccc(NC(=O)CCCCCCC[*]=O)c1,388.65,train
698ddbe96c00d07d5428bf9d,[*]Nc1ccc(NC(=O)CCCCCCC[*]=O)cc1,411.15,train
698ddbe96c00d07d5428bf9e,[*]Nc1ccc(Cc2ccc(NC(=O)CCCCCCCC[*]=O)cc2)cc1,413.15,train
698ddbe96c00d07d5428bf9f,[*]Nc1ccc(NC(=O)CCCCCCCCC[*]=O)cc1,398.15,train
698ddbe96c00d07d5428bfa0,[*]Nc1ccc(Cc2ccc(NC(=O)CCCCCCCCC[*]=O)cc2)cc1,433.15,test
698ddbe96c00d07d5428bfa1,[*]CCCCCCCCCCC(=O)N[*]C,261.15,train
698ddbe96c00d07d5428bfa2,[*]CCCCCCCCCCCC(=O)N[*]C,244.14999999999998,test
698ddbe96c00d07d5428bfa3,[*]NC(CCC(=O)OCc1ccccc1)C[*]=O,290.15,train
698ddbe96c00d07d5428bfa4,[*]C(=O)NCCCCCCNC(=O)c1ccc[*]nc1,353.15,train
698ddbe96c00d07d5428bfa5,[*]Nc1ccc(NC(=O)c2ccc(P(=O)(c3ccccc3)c3ccc(C[*]=O)cc3)cc2)cc1,525.15,train
698ddbe96c00d07d5428bfa6,[*]CCCCCCNC(=O)C(=O)N[*],523.15,train
698ddbe96c00d07d5428bfa7,[*]C(=O)c1ccc(C(=O)N2CC(C)N[*]CC2C)cc1,623.15,train
698ddbe96c00d07d5428bfa8,[*]C(=O)c1cccc(C(=O)N2CCN[*]CC2)c1,487.65,val
698ddbe96c00d07d5428bfa9,[*]Nc1ccc(CC(C)(C)NC(=O)CCC[*]=O)cc1,431.15,train
698ddbe96c00d07d5428bfaa,[*]Nc1ccc(CC(C)(C)NC(=O)CCCCC[*]=O)cc1,403.15,test
698ddbe96c00d07d5428bfab,[*]Nc1ccc(CC(C)(C)NC(=O)CCCCCCCCC[*]=O)cc1,365.15,train
698ddbe96c00d07d5428bfac,[*]Nc1ccc(CC(C)(C)NC(=O)c2ccc(C[*]=O)cc2)cc1,448.15,train
698ddbe96c00d07d5428bfad,[*]CC(C)C(=O)N[*],369.15,train
698ddbe96c00d07d5428bfae,[*]C(=O)NC1CCCC[*]O1,418.15,test
698ddbe96c00d07d5428bfaf,[*]CC1CCCC(CNC(=O)CCCCC(=O)N[*])C1,380.15,train
698ddbe96c00d07d5428bfb0,[*]NC1CCC(CC2CCC(NC(=O)CCCCCCCCCCCCC[*]=O)CC2)CC1,404.15,train
698ddbe96c00d07d5428bfb1,[*]NC(CCC(=O)OCCCCC)C[*]=O,253.14999999999998,train
698ddbe96c00d07d5428bfb2,[*]NC(CCC(=O)OCCCC)C[*]=O,258.15,train
698ddbe96c00d07d5428bfb3,[*]NC(CCC(=O)OCCCCCC)C[*]=O,248.14999999999998,train
698ddbe96c00d07d5428bfb4,[*]NC(CCC(=O)OCC)C[*]=O,273.15,test
698ddbe96c00d07d5428bfb5,[*]NC(CCC(=O)OCCCCCCCC)C[*]=O,213.64999999999998,train
698ddbe96c00d07d5428bfb6,[*]NC(CCC(=O)OCCC)C[*]=O,263.15,train
698ddbe96c00d07d5428bfb7,[*]CCCCCCCCCCNC(=O)CCP(C)(=O)CCC(=O)N[*],318.65,train
698ddbe96c00d07d5428bfb8,[*]CCCCCCCCCCCCNC(=O)CCP(C)(=O)CCC(=O)N[*],317.15,train
698ddbe96c00d07d5428bfb9,[*]CCCCCCNC(=O)CCc1ccc(CC(=O)N[*])cc1,360.15,train
698ddbe96c00d07d5428bfba,[*]CCCCCCNC(=O)CC(C)(C)c1ccc(C(C)(C)CC(=O)N[*])cc1,364.15,train
698ddbe96c00d07d5428bfbb,[*]CCCCCCNC(=O)CC(C)c1ccc(C(C)CC(=O)N[*])cc1,361.15,train
698ddbe96c00d07d5428bfbc,[*]Nc1ccc(C(C)(C)c2ccc(NC(=O)c3cccc(C[*]=O)c3)cc2)cc1,552.15,train
698ddbe96c00d07d5428bfbd,[*]Nc1ccc(NC(=O)CCCCCCCC[*]=O)cc1,403.15,train
698ddbe96c00d07d5428bfbe,[*]Nc1ccc(NC(=O)CCCC[*]=O)cc1,408.15,train
698ddbe96c00d07d5428bfbf,[*]CCCCNC(=O)c1cccc(C(=O)N[*])c1,414.15,train
698ddbe96c00d07d5428bfc0,[*]CCCCCCNC(=O)c1c(Cl)c(Cl)c(C(=O)N[*])c(Cl)c1Cl,555.15,train
698ddbe96c00d07d5428bfc5,[*]Nc1ccc(NC(=O)CCCCCC[*]=O)cc1,406.15,train
698ddbe96c00d07d5428bfc6,[*]Nc1ccc(CCNC(=O)CCCCC[*]=O)cc1,388.15,train
698ddbe96c00d07d5428bfc7,[*]Nc1cccc(NC(=O)c2cc(C[*]=O)cc(S(=O)(=O)c3ccccc3)c2)c1,550.15,train
698ddbe96c00d07d5428bfc8,[*]Nc1ccc(NC(=O)c2cc(C[*]=O)cc(S(=O)(=O)c3ccccc3)c2)cc1,581.15,train
698ddbe96c00d07d5428bfc9,[*]Nc1ccc(-c2ccc(NC(=O)c3cc(C[*]=O)cc(S(=O)(=O)c4ccccc4)c3)cc2)cc1,592.15,train
698ddbe96c00d07d5428bfca,[*]Oc1ccc(NC(=O)c2cc(C(=O)Nc3ccc[*]cc3)cc(S(=O)(=O)c3ccccc3)c2)cc1,552.15,train
698ddbe96c00d07d5428bfcb,[*]Nc1ccc(Cc2ccc(NC(=O)c3cc(C[*]=O)cc(S(=O)(=O)c4ccccc4)c3)cc2)cc1,543.15,train
698ddbe96c00d07d5428bfcc,[*]Nc1ccc(C(C)(C)c2ccc(NC(=O)c3cc(C[*]=O)cc(S(=O)(=O)c4ccccc4)c3)cc2)cc1,560.15,test
698ddbe96c00d07d5428bfcd,[*]c1ccc(NC(=O)c2cc(C(=O)Nc3ccc(S[*](=O)=O)cc3)cc(S(=O)(=O)c3ccccc3)c2)cc1,580.15,train
698ddbe96c00d07d5428bfce,[*]CCCCCCNC(=O)CCCCC(=O)NCC(=O)N[*],326.54999999999995,train
698ddbe96c00d07d5428bfcf,[*]Nc1ccc(NC(=O)c2cccc(C(=O)c3ccc(C[*]=O)cc3)c2)cc1,530.65,train
698ddbe96c00d07d5428bfd0,[*]Nc1cccc(C(=O)c2ccc(NC(=O)c3cccc(C(=O)c4ccc(C[*]=O)cc4)c3)cc2)c1,488.15,train
698ddbe96c00d07d5428bfd1,[*]Nc1ccc(Cc2ccc(NC(=O)/C=C/c3ccc(/C=C/C[*]=O)cc3)cc2)cc1,503.15,val
698ddbe96c00d07d5428bfd2,[*]Nc1c(-c2ccccc2)cc(-c2ccc(-c3cc(-c4ccccc4)c(NC(=O)c4ccc(C[*]=O)cc4)c(-c4ccccc4)c3)cc2)cc1-c1ccccc1,408.15,train
698ddbe96c00d07d5428bfd3,[*]Nc1c(C)c(C)c(C(=O)c2ccc(NC(=O)c3ccc(C[*]=O)cc3)cc2)c(C)c1C,639.15,train
698ddbe96c00d07d5428bfd4,[*]Nc1ccc(C(=O)c2c(C)c(C)c(C(=O)c3ccc(NC(=O)c4ccc(C[*]=O)cc4)cc3)c(C)c2C)cc1,618.15,train
698ddbe96c00d07d5428bfd5,[*]Nc1cc(NC(=O)c2cc(OCCN(C)c3ccc(C#N)cc3)cc(C[*]=O)c2)cc(C(=O)OCCN(C)c2ccc(C#N)cc2)c1,440.15,train
698ddbe96c00d07d5428bfd6,[*]Nc1cc(NC(=O)c2ccc(C[*]=O)cc2)cc(-c2nc3ccccc3[nH]2)c1,540.65,train
698ddbe96c00d07d5428bfd7,[*]Nc1cc(NC(=O)c2cc(OCCN(C)c3ccc(S(=O)(=O)C(F)(F)C(F)(F)C(F)(F)C(F)(F)C(F)(F)C(F)(F)C(F)(F)C(F)(F)F)cc3)cc(C[*]=O)c2)cc(C(=O)OCCN(C)c2ccc(C#N)cc2)c1,430.15,train
698ddbe96c00d07d5428bfd8,[*]Nc1cc(NC(=O)c2cc(OCCN(C)c3ccc(C#N)cc3)cc(C[*]=O)c2)cc(C(=O)OCCN(C)c2ccc(S(=O)(=O)C(F)(F)C(F)(F)C(F)(F)C(F)(F)C(F)(F)C(F)(F)C(F)(F)C(F)(F)F)cc2)c1,438.15,test
698ddbe96c00d07d5428bfd9,[*]CCN(C)C(=O)CCCCCCCCC(=O)N[*]C,273.15,train
698ddbe96c00d07d5428bfda,[*]Nc1ccc(NC(=O)c2ccc(NC(=O)c3ccc(P(=O)(c4ccccc4)c4ccc(C[*]=O)cc4)cc3)cc2)cc1,516.15,test
698ddbe96c00d07d5428bfdb,[*]CCCCCCNC(=O)c1ccc(C2(C)CC(C)(C)c3ccc(C(=O)N[*])cc32)cc1,463.15,train
698ddbe96c00d07d5428bfdc,[*]Nc1cc(NC(=O)c2ccc(C[*]=O)cc2)cc(-c2nc3ccccc3oc2=O)c1,376.15,train
698ddbe96c00d07d5428bfdd,[*]CCOC(=O)NCCCCCCNC(=O)O[*],329.15,train
698ddbe96c00d07d5428bfde,[*]CCOC(=O)NCCCCCCCCCNC(=O)O[*],317.15,train
698ddbe96c00d07d5428bfdf,[*]CCOC(=O)NCCCCCCCCCCNC(=O)O[*],333.95,train
698ddbe96c00d07d5428bfe0,[*]CCCOC(=O)NCCCCCCNC(=O)O[*],328.15,train
698ddbe96c00d07d5428bfe1,[*]CCCCOC(=O)NCCCCCCNC(=O)O[*],306.65,train
698ddbe96c00d07d5428bfe2,[*]CCCCOC(=O)NCC(F)(F)C(F)(F)C(F)(F)C(F)(F)CNC(=O)O[*],306.15,train
698ddbe96c00d07d5428bfe3,[*]CCCCCOC(=O)NCCCCCCNC(=O)O[*],306.15,test
698ddbe96c00d07d5428bfe4,[*]CCCCCOC(=O)NCC(F)(F)C(F)(F)C(F)(F)C(F)(F)CNC(=O)O[*],306.15,train
698ddbe96c00d07d5428bfe5,[*]CCCCCCOC(=O)NCC(F)(F)C(F)(F)C(F)(F)C(F)(F)CNC(=O)O[*],278.15,train
698ddbe96c00d07d5428bfe6,[*]CCCCCCOC(=O)NCCCCCCNC(=O)O[*],441.15,train
698ddbe96c00d07d5428bfe7,[*]CCCCCCCOC(=O)NCCCCCCNC(=O)O[*],328.15,train
698ddbe96c00d07d5428bfe8,[*]CCCCCCCCOC(=O)NCCCCCCNC(=O)O[*],331.15,train
698ddbe96c00d07d5428bfe9,[*]CCCCCCCCCOC(=O)NCCCCCCNC(=O)O[*],331.15,test
698ddbe96c00d07d5428bfea,[*]CCCCCCCCCCOC(=O)NCCCCCCNC(=O)O[*],328.15,train
698ddbe96c00d07d5428bfeb,[*]CCCCCCCCCCCCOC(=O)NCCCCCCNC(=O)O[*],309.15,train
698ddbe96c00d07d5428bfec,[*]CCCCCCCCCCCCOC(=O)NCCCCCCCCCCNC(=O)O[*],307.15,train
698ddbe96c00d07d5428bfed,[*]CCCCCCCCCCCCCCCCOC(=O)NCCCCCCNC(=O)O[*],312.15,train
698ddbe96c00d07d5428bfee,[*]CCCCCCCCCCCCCCCCOC(=O)NCCCCCCCCCCNC(=O)O[*],307.15,val
698ddbe96c00d07d5428bfef,[*]CC#CCOC(=O)NCCCCCCNC(=O)O[*],228.14999999999998,val
698ddbe96c00d07d5428bff0,[*]CC(F)(F)C(F)(F)COC(=O)NCCCCCCNC(=O)O[*],282.15,train
698ddbe96c00d07d5428bff1,[*]CC(F)(F)C(F)(F)COC(=O)NCC(F)(F)C(F)(F)C(F)(F)C(F)(F)CNC(=O)O[*],311.15,train
698ddbe96c00d07d5428bff2,[*]CC(F)(F)C(F)(F)C(F)(F)COC(=O)NCCCCCCNC(=O)O[*],289.15,train
698ddbe96c00d07d5428bff3,[*]CC(F)(F)C(F)(F)C(F)(F)COC(=O)NCC(F)(F)C(F)(F)C(F)(F)C(F)(F)CNC(=O)O[*],298.15,train
698ddbe96c00d07d5428bff4,[*]CC(F)(F)C(F)(F)C(F)(F)C(F)(F)COC(=O)NCCCCCCNC(=O)O[*],271.15,train
698ddbe96c00d07d5428bff5,[*]CC(F)(F)C(F)(F)C(F)(F)C(F)(F)COC(=O)NCC(F)(F)C(F)(F)C(F)(F)C(F)(F)CNC(=O)O[*],293.15,test
698ddbe96c00d07d5428bff6,[*]CCOC(=O)Nc1cc(NC(=O)O[*])ccc1C,325.15,test
698ddbe96c00d07d5428bff7,[*]CCCOC(=O)Nc1cc(NC(=O)O[*])ccc1C,279.15,train
698ddbe96c00d07d5428bff8,[*]CCCCOC(=O)Nc1ccc(C)c(NC(=O)O[*])c1,315.15,train
698ddbe96c00d07d5428bff9,[*]CCCCCOC(=O)Nc1ccc(C)c(NC(=O)O[*])c1,325.15,train
698ddbe96c00d07d5428bffa,[*]CCCCCCOC(=O)Nc1ccc(C)c(NC(=O)O[*])c1,305.15,train
698ddbe96c00d07d5428bffb,[*]CCCCCCCOC(=O)Nc1ccc(C)c(NC(=O)O[*])c1,334.15,train
698ddbe96c00d07d5428bffc,[*]CC(CC)(CC)COC(=O)Nc1ccc(C)c(NC(=O)O[*])c1,213.14999999999998,train
698ddbe96c00d07d5428bffd,[*]CCCCCCCCOC(=O)Nc1ccc(C)c(NC(=O)O[*])c1,337.15,train
698ddbe96c00d07d5428bffe,[*]CCCCCCCCCOC(=O)Nc1ccc(C)c(NC(=O)O[*])c1,335.15,test
698ddbe96c00d07d5428bfff,[*]CCCCCCCCCCOC(=O)Nc1ccc(C)c(NC(=O)O[*])c1,291.15,train
698ddbe96c00d07d5428c000,[*]CCCCCCOC(=O)NCc1ccc(CNC(=O)O[*])cc1,329.15,train
698ddbe96c00d07d5428c001,[*]CCCCCCCCCCOC(=O)NCc1ccc(CNC(=O)O[*])cc1,322.15,val
698ddbe96c00d07d5428c002,[*]CCCCCCCCCCCCOC(=O)NCc1ccc(CNC(=O)O[*])cc1,318.15,train
698ddbe96c00d07d5428c003,[*]CCCCCCCCCCCCCCCCOC(=O)NCc1ccc(CNC(=O)O[*])cc1,320.15,test
698ddbe96c00d07d5428c004,[*]CCOC(=O)Nc1ccc(Cc2ccc(NC(=O)O[*])cc2)cc1,412.15,val
698ddbe96c00d07d5428c005,[*]CCCOC(=O)Nc1ccc(Cc2ccc(NC(=O)O[*])cc2)cc1,392.15,test
698ddbe96c00d07d5428c006,[*]CCCCOC(=O)Nc1ccc(Cc2ccc(NC(=O)O[*])cc2)cc1,382.15,val
698ddbe96c00d07d5428c007,[*]CCCCCOC(=O)Nc1ccc(Cc2ccc(NC(=O)O[*])cc2)cc1,368.15,train
698ddbe96c00d07d5428c008,[*]CC(C)(C)COC(=O)Nc1ccc(Cc2ccc(NC(=O)O[*])cc2)cc1,367.15,test
698ddbe96c00d07d5428c009,[*]CCCCCCOC(=O)Nc1ccc(Cc2ccc(NC(=O)O[*])cc2)cc1,344.15,train
698ddbe96c00d07d5428c00a,[*]CCCCCCCOC(=O)Nc1ccc(Cc2ccc(NC(=O)O[*])cc2)cc1,357.15,train
698ddbe96c00d07d5428c00b,[*]CCCCCCCCOC(=O)Nc1ccc(Cc2ccc(NC(=O)O[*])cc2)cc1,352.15,train
698ddbe96c00d07d5428c00c,[*]CCCCCCCCCOC(=O)Nc1ccc(Cc2ccc(NC(=O)O[*])cc2)cc1,345.15,train
698ddbe96c00d07d5428c00d,[*]CCCCCCCCCCOC(=O)Nc1ccc(Cc2ccc(NC(=O)O[*])cc2)cc1,333.15,train
698ddbe96c00d07d5428c00e,[*]CCCCCCCCCCCCOC(=O)Nc1ccc(Cc2ccc(NC(=O)O[*])cc2)cc1,316.15,train
698ddbe96c00d07d5428c00f,[*]CCCCCCCCCCCCCCCCOC(=O)Nc1ccc(Cc2ccc(NC(=O)O[*])cc2)cc1,313.15,train
698ddbe96c00d07d5428c010,[*]Cc1cccc(COC(=O)Nc2ccc(Cc3ccc(NC(=O)O[*])cc3)cc2)c1,379.15,test
698ddbe96c00d07d5428c011,[*]Cc1cc(COC(=O)Nc2ccc(Cc3ccc(NC(=O)O[*])cc3)cc2)cc(C(C)(C)C)c1,387.15,train
698ddbe96c00d07d5428c012,[*]CCOC(=O)Nc1ccc(CCc2ccc(NC(=O)O[*])cc2)cc1,390.04999999999995,test
698ddbe96c00d07d5428c013,[*]CCOC(=O)Nc1ccc(CCCc2ccc(NC(=O)O[*])cc2)cc1,347.25,train
698ddbe96c00d07d5428c014,[*]CCOC(=O)Nc1ccc(CCCCc2ccc(NC(=O)O[*])cc2)cc1,378.84999999999997,test
698ddbe96c00d07d5428c015,[*]C/C=C/COC(=O)NCCCCCCNC(=O)O[*],229.14999999999998,train
698ddbe96c00d07d5428c016,[*]C/C=C/COC(=O)NCCCCCCNC(=O)O[*],229.14999999999998,test
698ddbe96c00d07d5428c017,[*]C/C=C/COC(=O)NCCCCCCNC(=O)O[*],234.14999999999998,train
698ddbe96c00d07d5428c018,[*]C/C=C/COC(=O)NCCCCCCNC(=O)O[*],234.14999999999998,train
698ddbe96c00d07d5428c019,[*]C(=O)OCCOC(=O)N1CCN[*]CC1,333.15,train
698ddbe96c00d07d5428c01a,[*]C(=O)OCC(C)(C)COC(=O)N1CCN[*]CC1,343.15,train
698ddbe96c00d07d5428c01b,[*]CC(C)(C)COC(=O)Nc1ccc(C)c(NC(=O)O[*])c1,241.14999999999998,test
698ddbe96c00d07d5428c01c,[*]CC1CCC(COC(=O)Nc2ccc(Cc3ccc(NC(=O)O[*])cc3)cc2)CC1,407.15,train
698ddbe96c00d07d5428c01d,[*]CCCCCCOC(=O)NCCCCNC(=O)O[*],289.15,test
698ddbe96c00d07d5428c01e,[*]CCCCCCCCCCCCCNC(=O)CCCCCCCCCCCC(=O)N[*],329.65,train
698ddbe96c00d07d5428c01f,[*]CC(C)(C)CS(=O)(=O)CC(C)(C)COC(=O)NCCCCCCNC(=O)O[*],303.15,train
698ddbe96c00d07d5428c020,[*]C(=O)OCC(C)(C)CS(=O)(=O)CC(C)(C)COC(=O)N1CC(C)N[*]CC1C,358.15,train
698ddbe96c00d07d5428c021,[*]OC(COC(=O)Nc1ccc(Cc2ccc(NC[*]=O)cc2)cc1)c1ccco1,313.15,train
698ddbe96c00d07d5428c022,[*]OC(c1ccco1)C(OC(=O)Nc1ccc(Cc2ccc(NC[*]=O)cc2)cc1)c1ccco1,347.15,train
698ddbe96c00d07d5428c023,[*]COC(=O)Nc1ccc(Cc2ccc(NC(=O)OCc3cocc3[*])cc2)cc1,318.15,train
698ddbe96c00d07d5428c024,[*]OC(COC(=O)NCCCCCCNC[*]=O)c1ccco1,290.15,train
698ddbe96c00d07d5428c025,[*]Oc1ccc(C(c2ccc(OC(=O)Nc3ccc(Cc4ccc(NC[*]=O)cc4)cc3)cc2)(C(F)(F)F)C(F)(F)F)cc1,354.15,train
698ddbe96c00d07d5428c026,[*]CC(C)(C)CS(=O)(=O)CC(C)(C)COC(=O)Nc1ccc(Cc2ccc(NC(=O)O[*])cc2)cc1,363.15,train
698ddbe96c00d07d5428c027,[*]CCCCCCCNC(=O)N[*],335.15,train
698ddbe96c00d07d5428c028,[*]CCCCCCCCCNC(=O)N[*],403.15,test
698ddbe96c00d07d5428c029,[*]CCCCCCCCCCCCNC(=O)NCCCCCCNC(=O)N[*],322.15,test
698ddbe96c00d07d5428c02a,[*]CCCCCCCCCCCCCCNC(=O)NCCCCCCNC(=O)N[*],320.15,train
698ddbe96c00d07d5428c02b,[*]CCCCCCCCCCCCCCNC(=O)NCCCCCCCCCCNC(=O)N[*],313.15,val
698ddbe96c00d07d5428c02c,[*]CCCCCCNC(=O)NCc1ccc(CNC(=O)N[*])cc1,345.15,test
698ddbe96c00d07d5428c02d,[*]CCCCCCCCNC(=O)NCc1ccc(CNC(=O)N[*])cc1,341.15,train
698ddbe96c00d07d5428c02e,[*]CCCCCCCCCCNC(=O)NCc1ccc(CNC(=O)N[*])cc1,328.15,train
698ddbe96c00d07d5428c02f,[*]CCCCCCCCCCCCCCNC(=O)NCc1ccc(CNC(=O)N[*])cc1,327.15,train
698ddbe96c00d07d5428c030,[*]CCCCCCCCCCCCCCCCCCNC(=O)NCc1ccc(CNC(=O)N[*])cc1,325.15,train
698ddbe96c00d07d5428c031,[*]Nc1ccc(Cc2ccc(NC(=O)NCCCCCCNC[*]=O)cc2)cc1,351.15,test
698ddbe96c00d07d5428c032,[*]Nc1ccc(Cc2ccc(NC(=O)NCCCCCCCCNC[*]=O)cc2)cc1,323.15,train
698ddbe96c00d07d5428c033,[*]Nc1ccc(Cc2ccc(NC(=O)NCCCCCCCCCCNC[*]=O)cc2)cc1,319.15,test
698ddbe96c00d07d5428c034,[*]Nc1ccc(Cc2ccc(NC(=O)NCCCCCCCCCCCCNC[*]=O)cc2)cc1,324.15,train
698ddbe96c00d07d5428c035,[*]Nc1ccc(Cc2ccc(NC(=O)NCCCCCCCCCCCCCCCCCCNC[*]=O)cc2)cc1,321.15,val
698ddbe96c00d07d5428c036,[*]c1ccc(NC(=O)Nc2ccc(NC(=O)Nc3ccc(-c4nc(-c5ccc([N+](=O)[O-])cc5)[nH]c4[*])cc3)cc2)cc1,565.15,train
698ddbe96c00d07d5428c037,[*]CCCC1CC(=O)N[*]C(=O)C1,363.15,train
698ddbe96c00d07d5428c038,[*]c1ccc(Oc2ccc(-n3c(=O)c4cc5c(=O)n[*]c(=O)c5cc4c3=O)cc2)cc1,658.15,val
698ddbe96c00d07d5428c039,[*]c1ccc(Oc2ccc(Oc3ccc(-n4c(=O)c5cc6c(=O)n[*]c(=O)c6cc5c4=O)cc3)cc2)cc1,585.15,test
698ddbe96c00d07d5428c03a,[*]C(=O)Oc1ccc(OC(=O)c2ccc3c(c2)C(=O)N(c2ccc(Oc4ccc(N5C(=O)c6ccc[*]cc6C5=O)cc4)cc2)C3=O)cc1,543.15,val
698ddbe96c00d07d5428c03b,[*]C(=O)Oc1ccc(OC(=O)c2ccc3c(c2)C(=O)N(c2ccc(Oc4ccc(Oc5ccc(N6C(=O)c7ccc[*]cc7C6=O)cc5)cc4)cc2)C3=O)cc1,503.15,val
698ddbe96c00d07d5428c03c,[*]c1ccc(Sc2ccc(-n3c(=O)c4cc5c(=O)n[*]c(=O)c5cc4c3=O)cc2)cc1,673.15,test
698ddbe96c00d07d5428c03d,[*]CCCC(C)(C)CCCn1c(=O)c2cc3c(=O)n[*]c(=O)c3cc2c1=O,408.15,train
698ddbe96c00d07d5428c03e,[*]CCCCC(C)CCn1c(=O)c2cc3c(=O)n[*]c(=O)c3cc2c1=O,408.15,train
698ddbe96c00d07d5428c03f,[*]CCCCCCCCCn1c(=O)c2cc3c(=O)n[*]c(=O)c3cc2c1=O,383.15,train
698ddbe96c00d07d5428c040,[*]c1ccc2c(c1)Cc1cc(-n3c(=O)c4cc5c(=O)n[*]c(=O)c5cc4c3=O)ccc1-2,595.15,val
698ddbe96c00d07d5428c041,[*]c1ccc(-c2nc3cc(C(=O)c4ccc5nc(-c6ccccc6)c(-c6ccc(-n7c(=O)c8cc9c(=O)n[*]c(=O)c9cc8c7=O)cc6)nc5c4)ccc3nc2-c2ccccc2)cc1,513.15,train
698ddbe96c00d07d5428c042,[*]c1ccc(-c2nc3cc(Oc4ccc5nc(-c6ccccc6)c(-c6ccc(-n7c(=O)c8cc9c(=O)n[*]c(=O)c9cc8c7=O)cc6)nc5c4)ccc3nc2-c2ccccc2)cc1,547.15,train
698ddbe96c00d07d5428c043,[*]c1ccc(-c2nc3cc(-c4ccc5nc(-c6ccccc6)c(-c6ccc(-n7c(=O)c8cc9c(=O)n[*]c(=O)c9cc8c7=O)cc6)nc5c4)ccc3nc2-c2ccccc2)cc1,490.15,test
698ddbe96c00d07d5428c044,[*]c1ccc(-c2nc3cc(S(=O)(=O)c4ccc5nc(-c6ccccc6)c(-c6ccc(-n7c(=O)c8cc9c(=O)n[*]c(=O)c9cc8c7=O)cc6)nc5c4)ccc3nc2-c2ccccc2)cc1,459.15,train
698ddbe96c00d07d5428c045,[*]c1ccc(-c2nc3cc(-c4ccc5nc(-c6ccccc6)c(-c6ccc(N7C(=O)C8OC9C(=O)N[*]C(=O)C9C8C7=O)cc6)nc5c4)ccc3nc2-c2ccccc2)cc1,503.15,test
698ddbe96c00d07d5428c046,[*]c1ccc(-c2nc3cc(C(=O)c4ccc5nc(-c6ccccc6)c(-c6ccc(N7C(=O)C8OC9C(=O)N[*]C(=O)C9C8C7=O)cc6)nc5c4)ccc3nc2-c2ccccc2)cc1,528.15,train
698ddbe96c00d07d5428c047,[*]c1ccc(Oc2ccc(N3C(=O)c4ccc(Oc5ccc6c(c5)C(=O)N[*]C6=O)cc4C3=O)cc2)cc1,538.15,train
698ddbe96c00d07d5428c048,[*]c1ccc(Oc2cccc(Oc3ccc(N4C(=O)c5ccc(Oc6cccc(Oc7ccc8c(c7)C(=O)N[*]C8=O)c6)cc5C4=O)cc3)c2)cc1,461.15,test
698ddbe96c00d07d5428c049,[*]C(=O)Nc1ccc(NC(=O)c2ccc3c(c2)C(=O)N(c2ccc(S(=O)(=O)c4ccc(N5C(=O)c6ccc[*]cc6C5=O)cc4)cc2)C3=O)cc1,641.15,train
698ddbe96c00d07d5428c04a,[*]c1ccc2c(c1)C(=O)N(c1cccc(C(F)(F)C(F)(F)C(F)(F)c3cccc(N4C(=O)c5ccc(C(F)(F)C(F)(F)C[*](F)F)cc5C4=O)c3)c1)C2=O,430.15,train
698ddbe96c00d07d5428c04b,[*]c1ccc2c(c1)C(=O)N(c1cccc(C(F)(F)C(F)(F)C(F)(F)C(F)(F)C(F)(F)c3cccc(N4C(=O)c5ccc(C(F)(F)C(F)(F)C[*](F)F)cc5C4=O)c3)c1)C2=O,384.15,train
698ddbe96c00d07d5428c04c,[*]c1ccc2c(c1)C(=O)N(c1cccc(C(F)(F)C(F)(F)C(F)(F)C(F)(F)C(F)(F)c3cccc(N4C(=O)c5ccc(C(F)(F)C(F)(F)C(F)(F)C[*](F)F)cc5C4=O)c3)c1)C2=O,417.15,train
698ddbe96c00d07d5428c04d,[*]c1ccc2c(c1)C(=O)N(c1cccc(C(F)(F)C(F)(F)C(F)(F)c3cccc(N4C(=O)c5ccc(C(F)(F)C(F)(F)C(F)(F)C[*](F)F)cc5C4=O)c3)c1)C2=O,432.15,train
698ddbe96c00d07d5428c04e,[*]c1ccc2c(c1)C(=O)N(c1cccc(C(F)(F)C(F)(F)C(F)(F)C(F)(F)C(F)(F)c3cccc(N4C(=O)c5ccc(C(F)(F)C(F)(F)C(F)(F)C(F)(F)C(F)(F)C(F)(F)C[*](F)F)cc5C4=O)c3)c1)C2=O,381.65,train
698ddbe96c00d07d5428c04f,[*]c1ccc2c(c1)C(=O)N(c1cccc(C(F)(F)C(F)(F)C(F)(F)c3cccc(N4C(=O)c5ccc(C(F)(F)C(F)(F)C(F)(F)C(F)(F)C(F)(F)C(F)(F)C[*](F)F)cc5C4=O)c3)c1)C2=O,406.65,test
698ddbe96c00d07d5428c050,[*]c1ccc2c(c1)C(=O)N(c1ccc(Cc3ccc(N4C(=O)c5ccc(C(F)(F)C(F)(F)C[*](F)F)cc5C4=O)cc3)cc1)C2=O,563.15,train
698ddbe96c00d07d5428c051,[*]c1ccc2c(c1)C(=O)N(c1ccc(Oc3ccc(N4C(=O)c5ccc(C(F)(F)C(F)(F)C(F)(F)C(F)(F)C(F)(F)C[*](F)F)cc5C4=O)cc3)cc1)C2=O,458.15,train
698ddbe96c00d07d5428c052,[*]c1ccc2c(c1)C(=O)N(c1cccc(Oc3cccc(N4C(=O)c5ccc(C(F)(F)C(F)(F)C[*](F)F)cc5C4=O)c3)c1)C2=O,585.15,train
698ddbe96c00d07d5428c053,[*]c1ccc2c(c1)C(=O)N(c1ccc(Oc3ccc(N4C(=O)c5ccc(C(F)(F)C(F)(F)C[*](F)F)cc5C4=O)cc3)cc1)C2=O,495.15,train
698ddbe96c00d07d5428c054,[*]c1ccc2c(c1)C(=O)N(c1ccc(Oc3ccc(N4C(=O)c5ccc(C(F)(F)C(F)(F)C(F)(F)C(F)(F)C(F)(F)C(F)(F)C(F)(F)C[*](F)F)cc5C4=O)cc3)cc1)C2=O,459.15,train
698ddbe96c00d07d5428c055,[*]c1ccc2c(c1)C(=O)N(c1ccc(Oc3ccc(N4C(=O)c5ccc(C(F)(F)C(F)(F)C(F)(F)C[*](F)F)cc5C4=O)cc3)cc1)C2=O,485.15,train
698ddbe96c00d07d5428c056,[*]c1ccc2c(c1)C(=O)N(c1ccc(Oc3ccc(N4C(=O)c5ccc(C(F)(F)C(F)(F)C(F)(F)C(F)(F)C(F)(F)C(F)(F)C[*](F)F)cc5C4=O)cc3)cc1)C2=O,451.15,train
698ddbe96c00d07d5428c057,[*]c1ccc2c(c1)C(=O)N(c1ccc(S(=O)(=O)c3ccc(N4C(=O)c5ccc(C(F)(F)C(F)(F)C[*](F)F)cc5C4=O)cc3)cc1)C2=O,532.15,test
698ddbe96c00d07d5428c058,[*]c1cccc(C(F)(F)C(F)(F)C(F)(F)C(F)(F)C(F)(F)c2cccc(N3C(=O)c4ccc(Oc5ccc6c(c5)C(=O)N[*]C6=O)cc4C3=O)c2)c1,430.15,test
698ddbe96c00d07d5428c059,[*]c1cccc(C(F)(F)C(F)(F)C(F)(F)c2cccc(N3C(=O)c4ccc(Oc5ccc6c(c5)C(=O)N[*]C6=O)cc4C3=O)c2)c1,456.15,train
698ddbe96c00d07d5428c05a,[*]c1cccc(Oc2cccc(N3C(=O)c4ccc(Oc5ccc6c(c5)C(=O)N[*]C6=O)cc4C3=O)c2)c1,480.15,test
698ddbe96c00d07d5428c05b,[*]C(=O)Nc1ccc(-c2ccc(NC(=O)c3ccc4c(c3)C(=O)N(c3ccc(S(=O)(=O)c5ccc(N6C(=O)c7ccc[*]cc7C6=O)cc5)cc3)C4=O)cc2)cc1,643.15,train
698ddbe96c00d07d5428c05c,[*]C(=O)Nc1cccc(NC(=O)c2ccc3c(c2)C(=O)N(c2ccc(S(=O)(=O)c4ccc(N5C(=O)c6ccc[*]cc6C5=O)cc4)cc2)C3=O)c1,584.15,val
698ddbe96c00d07d5428c05d,[*]C(=O)Nc1ccc(Cc2ccc(NC(=O)c3ccc4c(c3)C(=O)N(c3ccc(S(=O)(=O)c5ccc(N6C(=O)c7ccc[*]cc7C6=O)cc5)cc3)C4=O)cc2)cc1,597.15,train
698ddbe96c00d07d5428c05e,[*]C(=O)Nc1ccc(Oc2ccc(NC(=O)c3ccc4c(c3)C(=O)N(c3ccc(S(=O)(=O)c5ccc(N6C(=O)c7ccc[*]cc7C6=O)cc5)cc3)C4=O)cc2)cc1,554.15,train
698ddbe96c00d07d5428c05f,[*]C(=O)Nc1ccc(S(=O)(=O)c2ccc(NC(=O)c3ccc4c(c3)C(=O)N(c3ccc(S(=O)(=O)c5ccc(N6C(=O)c7ccc[*]cc7C6=O)cc5)cc3)C4=O)cc2)cc1,580.15,test
698ddbe96c00d07d5428c060,[*]c1ccc(Cc2ccc(-n3c(=O)c4cc5c(=O)n[*]c(=O)c5cc4c3=O)cc2)cc1,624.15,train
698ddbe96c00d07d5428c061,[*]c1ccc(C(=O)c2ccc(-n3c(=O)c4cc5c(=O)n[*]c(=O)c5cc4c3=O)cc2)cc1,697.15,train
698ddbe96c00d07d5428c062,[*]c1ccc(-n2c(=O)c3cc4c(=O)n[*]c(=O)c4cc3c2=O)cc1,690.15,test
698ddbe96c00d07d5428c063,[*]c1cccc(-n2c(=O)c3cc4c(=O)n[*]c(=O)c4cc3c2=O)c1,703.15,val
698ddbe96c00d07d5428c064,[*]c1ccc(Oc2ccc(C(=O)c3cccc(C(=O)c4ccc(Oc5ccc(-n6c(=O)c7cc8c(=O)n[*]c(=O)c8cc7c6=O)cc5)cc4)c3)cc2)cc1,520.15,train
698ddbe96c00d07d5428c065,[*]c1ccc(Oc2ccc(Oc3ccc(Oc4ccc(-n5c(=O)c6cc7c(=O)n[*]c(=O)c7cc6c5=O)cc4)cc3)cc2)cc1,568.15,train
698ddbe96c00d07d5428c066,[*]c1ccc(Oc2cccc(Oc3ccc(-n4c(=O)c5cc6c(=O)n[*]c(=O)c6cc5c4=O)cc3)c2)cc1,599.15,test
698ddbe96c00d07d5428c067,[*]c1ccc(Oc2ccc(-c3ccc(Oc4ccc(-n5c(=O)c6cc7c(=O)n[*]c(=O)c7cc6c5=O)cc4)cc3)cc2)cc1,573.15,train
698ddbe96c00d07d5428c068,[*]c1cccc(Oc2ccc(S(=O)(=O)c3ccc(Oc4cccc(-n5c(=O)c6cc7c(=O)n[*]c(=O)c7cc6c5=O)c4)cc3)cc2)c1,496.29999999999995,train
698ddbe96c00d07d5428c069,[*]c1ccc(Oc2ccc(C(c3ccc(Oc4ccc(-n5c(=O)c6cc7c(=O)n[*]c(=O)c7cc6c5=O)cc4)cc3)(C(F)(F)F)C(F)(F)F)cc2)cc1,583.15,test
698ddbe96c00d07d5428c06a,[*]c1ccc(Oc2ccc(N3C(=O)c4ccc(-c5ccc6c(c5)C(=O)N[*]C6=O)cc4C3=O)cc2)cc1,552.15,train
698ddbe96c00d07d5428c06b,[*]c1ccc(Oc2ccc(N3C(=O)c4ccc(-c5cccc6c5C(=O)N[*]C6=O)cc4C3=O)cc2)cc1,593.15,val
698ddbe96c00d07d5428c06c,[*]c1ccc(Cc2ccc(N3C(=O)c4ccc(-c5ccc6c(c5)C(=O)N[*]C6=O)cc4C3=O)cc2)cc1,571.15,train
698ddbe96c00d07d5428c06d,[*]c1ccc(N2C(=O)c3ccc(-c4ccc5c(c4)C(=O)N[*]C5=O)cc3C2=O)cc1,614.15,val
698ddbe96c00d07d5428c06e,[*]c1cccc(N2C(=O)c3ccc(-c4ccc5c(c4)C(=O)N[*]C5=O)cc3C2=O)c1,606.4,train
698ddbe96c00d07d5428c06f,[*]c1ccc(C)c(N2C(=O)c3ccc(-c4ccc5c(c4)C(=O)N[*]C5=O)cc3C2=O)c1,668.15,train
698ddbe96c00d07d5428c070,[*]c1ccc(-c2ccc(N3C(=O)c4ccc(-c5ccc6c(c5)C(=O)N[*]C6=O)cc4C3=O)c(C)c2)cc1C,575.15,train
698ddbe96c00d07d5428c071,[*]c1ccc(Oc2ccc(C(C)(C)c3ccc(Oc4ccc(N5C(=O)c6ccc(-c7ccc8c(c7)C(=O)N[*]C8=O)cc6C5=O)cc4)cc3)cc2)cc1,503.15,train
698ddbe96c00d07d5428c072,[*]c1ccc(Oc2ccc(C(c3ccc(Oc4ccc(N5C(=O)c6ccc(-c7ccc8c(c7)C(=O)N[*]C8=O)cc6C5=O)cc4)cc3)(C(F)(F)F)C(F)(F)F)cc2)cc1,535.15,train
698ddbe96c00d07d5428c073,[*]c1ccc(Oc2ccc(C(=O)c3ccc(C(=O)c4ccc(Oc5ccc(N6C(=O)c7ccc(-c8ccc9c(c8)C(=O)N[*]C9=O)cc7C6=O)cc5)cc4)cc3)cc2)cc1,518.15,test
698ddbe96c00d07d5428c074,[*]c1ccc(Oc2ccc(C(=O)c3cccc(C(=O)c4ccc(Oc5ccc(N6C(=O)c7ccc(-c8ccc9c(c8)C(=O)N[*]C9=O)cc7C6=O)cc5)cc4)c3)cc2)cc1,495.15,train
698ddbe96c00d07d5428c075,[*]CCCCCCN1C(=O)c2ccc(Oc3ccc4c(c3)C(=O)N[*]C4=O)cc2C1=O,437.15,val
698ddbe96c00d07d5428c076,[*]CCCCCCCCN1C(=O)c2ccc(Oc3ccc4c(c3)C(=O)N[*]C4=O)cc2C1=O,418.15,train
698ddbe96c00d07d5428c077,[*]c1ccc(N2C(=O)c3ccc(Oc4ccc5c(c4)C(=O)N[*]C5=O)cc3C2=O)cc1,658.65,train
698ddbe96c00d07d5428c078,[*]c1ccc(-c2ccc(N3C(=O)c4ccc(Oc5ccc6c(c5)C(=O)N[*]C6=O)cc4C3=O)cc2)cc1,559.15,train
698ddbe96c00d07d5428c079,[*]c1ccc(Oc2ccc(C(=O)c3cccc(C(=O)c4ccc(Oc5ccc(N6C(=O)c7ccc(Oc8ccc9c(c8)C(=O)N[*]C9=O)cc7C6=O)cc5)cc4)c3)cc2)cc1,481.15,train
698ddbe96c00d07d5428c07a,[*]c1ccc(Oc2cccc(N3C(=O)c4ccc(Oc5ccc6c(c5)C(=O)N[*]C6=O)cc4C3=O)c2)cc1,518.15,train
698ddbe96c00d07d5428c07b,[*]c1ccc(Oc2ccccc2N2C(=O)c3ccc(Oc4ccc5c(c4)C(=O)N[*]C5=O)cc3C2=O)cc1,537.15,test
698ddbe96c00d07d5428c07c,[*]c1cccc(Oc2ccc(Oc3cccc(N4C(=O)c5ccc(Oc6ccc7c(c6)C(=O)N[*]C7=O)cc5C4=O)c3)cc2)c1,477.15,train
698ddbe96c00d07d5428c07d,[*]c1cccc(Oc2cccc(Oc3cccc(N4C(=O)c5ccc(Oc6ccc7c(c6)C(=O)N[*]C7=O)cc5C4=O)c3)c2)c1,472.15,test
698ddbe96c00d07d5428c07e,[*]c1ccc(Oc2cccc(Oc3ccc(N4C(=O)c5ccc(Oc6ccc7c(c6)C(=O)N[*]C7=O)cc5C4=O)cc3)c2)cc1,489.65,train
698ddbe96c00d07d5428c07f,[*]c1ccc(Oc2ccc(Oc3ccc(N4C(=O)c5ccc(Oc6ccc7c(c6)C(=O)N[*]C7=O)cc5C4=O)cc3)cc2)cc1,511.15,train
698ddbe96c00d07d5428c080,[*]c1ccc2c(c1)C(=O)N(c1ccc(Oc3ccc(C(=O)c4cccc(C(=O)c5ccc(Oc6ccc(N7C(=O)c8ccc(C[*](C(F)(F)F)C(F)(F)F)cc8C7=O)cc6)cc5)c4)cc3)cc1)C2=O,509.15,val
698ddbe96c00d07d5428c081,[*]c1ccc2c(c1)C(=O)N(c1ccccc1Oc1ccc(N3C(=O)c4ccc(C[*](C(F)(F)F)C(F)(F)F)cc4C3=O)cc1)C2=O,549.15,train
698ddbe96c00d07d5428c082,[*]c1ccc2c(c1)C(=O)N(c1cccc(Oc3cccc(N4C(=O)c5ccc(C[*](C(F)(F)F)C(F)(F)F)cc5C4=O)c3)c1)C2=O,517.15,test
698ddbe96c00d07d5428c083,[*]c1ccc2c(c1)C(=O)N(c1cccc(Oc3ccc(N4C(=O)c5ccc(C[*](C(F)(F)F)C(F)(F)F)cc5C4=O)cc3)c1)C2=O,533.15,train
698ddbe96c00d07d5428c084,[*]c1ccc2c(c1)C(=O)N(c1ccc(Oc3ccc(N4C(=O)c5ccc(C[*](C(F)(F)F)C(F)(F)F)cc5C4=O)cc3)cc1)C2=O,576.15,train
698ddbe96c00d07d5428c085,[*]c1ccc2c(c1)C(=O)N(c1ccc(Oc3ccc(Oc4ccc(N5C(=O)c6ccc(C[*](C(F)(F)F)C(F)(F)F)cc6C5=O)cc4)cc3)cc1)C2=O,552.15,train
698ddbe96c00d07d5428c086,[*]c1ccc2c(c1)C(=O)N(c1ccc(Oc3cccc(Oc4ccc(N5C(=O)c6ccc(C[*](C(F)(F)F)C(F)(F)F)cc6C5=O)cc4)c3)cc1)C2=O,527.15,train
698ddbe96c00d07d5428c087,[*]c1ccc2c(c1)C(=O)N(c1cccc(Oc3ccc(Oc4cccc(N5C(=O)c6ccc(C[*](C(F)(F)F)C(F)(F)F)cc6C5=O)c4)cc3)c1)C2=O,503.15,train
698ddbe96c00d07d5428c088,[*]c1ccc2c(c1)C(=O)N(c1cccc(Oc3cccc(Oc4cccc(N5C(=O)c6ccc(C[*](C(F)(F)F)C(F)(F)F)cc6C5=O)c4)c3)c1)C2=O,480.15,train
698ddbe96c00d07d5428c089,[*]C(=O)c1ccc2c(c1)C(=O)N(c1cccc(C(=O)c3cccc(N4C(=O)c5ccc[*]cc5C4=O)c3)c1)C2=O,515.15,train
698ddbe96c00d07d5428c08a,[*]C(=O)c1ccc2c(c1)C(=O)N(c1cccc(C(=O)Nc3cccc(N4C(=O)c5ccc[*]cc5C4=O)c3)c1)C2=O,560.15,train
698ddbe96c00d07d5428c08b,[*]C(=O)c1ccc2c(c1)C(=O)N(c1cccc(C(=O)Nc3ccc(N4C(=O)c5ccc[*]cc5C4=O)cc3)c1)C2=O,581.15,val
698ddbe96c00d07d5428c08c,[*]C(=O)c1ccc2c(c1)C(=O)N(c1ccc(C(=O)Nc3cccc(N4C(=O)c5ccc[*]cc5C4=O)c3)cc1)C2=O,584.15,train
698ddbe96c00d07d5428c08d,[*]C(=O)c1ccc2c(c1)C(=O)N(c1cccc(C(=O)N(C)c3ccc(N4C(=O)c5ccc[*]cc5C4=O)cc3)c1)C2=O,533.65,train
698ddbe96c00d07d5428c08e,[*]C(=O)c1ccc2c(c1)C(=O)N(c1ccc(Cc3ccc(C(=O)c4ccc(N5C(=O)c6ccc[*]cc6C5=O)cc4)cc3)cc1)C2=O,580.15,train
698ddbe96c00d07d5428c08f,[*]C(=O)c1ccc2c(c1)C(=O)N(c1cccc(Cc3ccc(C(=O)c4ccc(N5C(=O)c6ccc[*]cc6C5=O)cc4)cc3)c1)C2=O,527.15,train
698ddbe96c00d07d5428c090,[*]C(=O)c1ccc2c(c1)C(=O)N(c1ccc(Cc3ccc(C(=O)c4cccc(N5C(=O)c6ccc[*]cc6C5=O)c4)cc3)cc1)C2=O,563.15,train
698ddbe96c00d07d5428c091,[*]C(=O)c1ccc2c(c1)C(=O)N(c1cccc(Cc3ccc(C(=O)c4cccc(N5C(=O)c6ccc[*]cc6C5=O)c4)cc3)c1)C2=O,538.65,test
698ddbe96c00d07d5428c092,[*]C(=O)c1ccc2c(c1)C(=O)N(c1ccc(Oc3ccc(C(=O)c4cccc(C(=O)c5ccc(Oc6ccc(N7C(=O)c8ccc[*]cc8C7=O)cc6)cc5)c4)cc3)cc1)C2=O,495.15,test
698ddbe96c00d07d5428c093,[*]C(=O)c1ccc2c(c1)C(=O)N(c1ccc(Oc3ccc(C(=O)c4ccc(C(=O)c5ccc(Oc6ccc(N7C(=O)c8ccc[*]cc8C7=O)cc6)cc5)cc4)cc3)cc1)C2=O,506.15,test
698ddbe96c00d07d5428c094,[*]C(=O)c1ccc2c(c1)C(=O)N(c1ccc(Oc3ccc(C(=O)c4ccc(C(=O)c5ccc(C(=O)c6ccc(Oc7ccc(N8C(=O)c9ccc[*]cc9C8=O)cc7)cc6)cc5)cc4)cc3)cc1)C2=O,506.15,val
698ddbe96c00d07d5428c095,[*]C(=O)c1ccc2c(c1)C(=O)N(c1ccc(Oc3ccc(C(=O)c4ccc(Oc5ccc(C(=O)c6ccc(Oc7ccc(N8C(=O)c9ccc[*]cc9C8=O)cc7)cc6)cc5)cc4)cc3)cc1)C2=O,488.15,train
698ddbe96c00d07d5428c096,[*]CCCCCCCCCCCCN1C(=O)c2ccc(C(=O)c3ccc4c(c3)C(=O)N[*]C4=O)cc2C1=O,360.65,train
698ddbe96c00d07d5428c097,[*]CCCCCCCCN1C(=O)c2ccc(C(=O)c3ccc4c(c3)C(=O)N[*]C4=O)cc2C1=O,386.15,train
698ddbe96c00d07d5428c098,[*]CCCCCCN1C(=O)c2ccc(C(=O)c3ccc4c(c3)C(=O)N[*]C4=O)cc2C1=O,400.15,train
698ddbe96c00d07d5428c099,[*]C(=O)c1ccc2c(c1)C(=O)N(c1ccc(C(=O)c3ccc(C(=O)c4ccc(N5C(=O)c6ccc[*]cc6C5=O)cc4)cc3)cc1)C2=O,559.15,test
698ddbe96c00d07d5428c09a,[*]C(=O)c1ccc2c(c1)C(=O)N(c1ccc(C(=O)c3ccc(Cc4ccc(C(=O)c5ccc(N6C(=O)c7ccc[*]cc7C6=O)cc5)cc4)cc3)cc1)C2=O,558.65,train
698ddbe96c00d07d5428c09b,[*]C(=O)c1ccc2c(c1)C(=O)N(c1cccc(Cc3ccc(Cc4ccc(Cc5cccc(N6C(=O)c7ccc[*]cc7C6=O)c5)cc4)cc3)c1)C2=O,508.65,train
698ddbe96c00d07d5428c09c,[*]C(=O)c1ccc2c(c1)C(=O)N(c1cccc(C(=O)c3ccc(C(=O)c4cccc(N5C(=O)c6ccc[*]cc6C5=O)c4)cc3)c1)C2=O,513.15,train
698ddbe96c00d07d5428c09d,[*]C(=O)c1ccc2c(c1)C(=O)N(c1ccc(C(=O)c3cccc(C(=O)c4ccc(N5C(=O)c6ccc[*]cc6C5=O)cc4)c3)cc1)C2=O,549.15,train
698ddbe96c00d07d5428c09e,[*]C(=O)c1ccc2c(c1)C(=O)N(c1cccc(Cc3ccc(Cc4cccc(N5C(=O)c6ccc[*]cc6C5=O)c4)cc3)c1)C2=O,513.15,train
698ddbe96c00d07d5428c09f,[*]C(=O)c1ccc2c(c1)C(=O)N(c1ccc(C(=O)c3ccc(N4C(=O)c5ccc[*]cc5C4=O)cc3)cc1)C2=O,567.15,train
698ddbe96c00d07d5428c0a0,[*]C(=O)c1ccc2c(c1)C(=O)N(c1cccc(Cc3cccc(N4C(=O)c5ccc[*]cc5C4=O)c3)c1)C2=O,522.65,train
698ddbe96c00d07d5428c0a1,[*]C(=O)c1ccc2c(c1)C(=O)N(c1cccc(N3C(=O)c4ccc[*]cc4C3=O)c1)C2=O,563.15,train
698ddbe96c00d07d5428c0a2,[*]C(=O)c1ccc2c(c1)C(=O)N(c1ccc(C)c(N3C(=O)c4ccc[*]cc4C3=O)c1)C2=O,592.65,test
698ddbe96c00d07d5428c0a3,[*]C(=O)c1ccc2c(c1)C(=O)N(c1ccc(-c3ccc(N4C(=O)c5ccc[*]cc5C4=O)c(C)c3)cc1C)C2=O,638.15,train
698ddbe96c00d07d5428c0a4,[*]C(=O)c1ccc2c(c1)C(=O)N(c1ccc3c(c1)Cc1cc(N4C(=O)c5ccc[*]cc5C4=O)ccc1-3)C2=O,614.65,test
698ddbe96c00d07d5428c0a5,[*]C(=O)c1ccc2c(c1)C(=O)N(c1ccc(Oc3ccc(N4C(=O)c5ccc[*]cc5C4=O)cc3)cc1)C2=O,548.65,val
698ddbe96c00d07d5428c0a6,[*]C(=O)c1ccc2c(c1)C(=O)N(c1ccc(Sc3ccc(N4C(=O)c5ccc[*]cc5C4=O)cc3)cc1)C2=O,549.15,train
698ddbe96c00d07d5428c0a7,[*]C(=O)c1ccc2c(c1)C(=O)N(c1ccc(Cc3ccc(N4C(=O)c5ccc[*]cc5C4=O)cc3)cc1)C2=O,568.15,test
698ddbe96c00d07d5428c0a8,[*]C(=O)c1ccc2c(c1)C(=O)N(c1ccc(Cc3ccc(N4C(=O)c5ccc[*]cc5C4=O)c(C)c3)cc1C)C2=O,583.15,val
698ddbe96c00d07d5428c0a9,[*]C(=O)c1ccc2c(c1)C(=O)N(c1ccc(-c3ccc(N4C(=O)c5ccc[*]cc5C4=O)cc3)cc1)C2=O,655.15,train
698ddbe96c00d07d5428c0aa,[*]C(=O)c1ccc2c(c1)C(=O)N(c1ccc(N3C(=O)c4ccc[*]cc4C3=O)cc1)C2=O,590.15,val
698ddbe96c00d07d5428c0ab,[*]C(=O)c1ccc2c(c1)C(=O)N(c1cccc(OCCOCCOc3cccc(N4C(=O)c5ccc[*]cc5C4=O)c3)c1)C2=O,428.15,val
698ddbe96c00d07d5428c0ac,[*]C(=O)c1ccc2c(c1)C(=O)N(c1ccc(OCCOc3ccc(N4C(=O)c5ccc[*]cc5C4=O)cc3)cc1)C2=O,519.15,train
698ddbe96c00d07d5428c0ad,[*]C(=O)c1ccc2c(c1)C(=O)N(c1ccc(OCCOCCOc3ccc(N4C(=O)c5ccc[*]cc5C4=O)cc3)cc1)C2=O,508.15,train
698ddbe96c00d07d5428c0ae,[*]C(=O)c1ccc2c(c1)C(=O)N(c1ccc(OCCOCCOCCOc3ccc(N4C(=O)c5ccc[*]cc5C4=O)cc3)cc1)C2=O,473.15,val
698ddbe96c00d07d5428c0af,[*]C(=O)c1ccc2c(c1)C(=O)N(c1cccc(OCCOc3cccc(N4C(=O)c5ccc[*]cc5C4=O)c3)c1)C2=O,464.15,test
698ddbe96c00d07d5428c0b0,[*]C(=O)c1ccc2c(c1)C(=O)N(c1cccc(Oc3cccc(Oc4cccc(N5C(=O)c6ccc[*]cc6C5=O)c4)c3)c1)C2=O,484.15,train
698ddbe96c00d07d5428c0b1,[*]C(=O)c1ccc2c(c1)C(=O)N(c1ccc(Oc3ccc(C(C)(C)c4ccc(Oc5ccc(N6C(=O)c7ccc[*]cc7C6=O)cc5)cc4)cc3)cc1)C2=O,579.15,test
698ddbe96c00d07d5428c0b2,[*]C(=O)c1ccc2c(c1)C(=O)N(c1ccc(Oc3ccc(C(c4ccc(Oc5ccc(N6C(=O)c7ccc[*]cc7C6=O)cc5)cc4)(C(F)(F)F)C(F)(F)F)cc3)cc1)C2=O,534.65,test
698ddbe96c00d07d5428c0b3,[*]c1cccc(S(=O)(=O)c2cccc(N3C(=O)c4ccc(Oc5ccc(Sc6ccc(Oc7ccc8c(c7)C(=O)N[*]C8=O)cc6)cc5)cc4C3=O)c2)c1,504.15,train
698ddbe96c00d07d5428c0b4,[*]c1cccc(S(=O)(=O)c2cccc(N3C(=O)c4ccc(Oc5ccc(S(=O)(=O)c6ccc(Oc7ccc8c(c7)C(=O)N[*]C8=O)cc6)cc5)cc4C3=O)c2)c1,478.15,test
698ddbe96c00d07d5428c0b5,[*]c1ccc(Oc2ccc(N3C(=O)c4cccc(Oc5ccc(-c6ccc(Oc7cccc8c7C(=O)N[*]C8=O)cc6)cc5)c4C3=O)cc2)cc1,550.15,train
698ddbe96c00d07d5428c0b6,[*]c1ccc(Oc2ccc(N3C(=O)c4ccc(Oc5ccc(-c6ccc(Oc7ccc8c(c7)C(=O)N[*]C8=O)cc6)cc5)cc4C3=O)cc2)cc1,502.15,train
698ddbe96c00d07d5428c0b7,[*]c1ccc(Oc2cccc(Oc3ccc(N4C(=O)c5cccc(Oc6ccc(-c7ccc(Oc8cccc9c8C(=O)N[*]C9=O)cc7)cc6)c5C4=O)cc3)c2)cc1,497.15,train
698ddbe96c00d07d5428c0b8,[*]c1ccc(Oc2cccc(Oc3ccc(N4C(=O)c5ccc(Oc6ccc(-c7ccc(Oc8ccc9c(c8)C(=O)N[*]C9=O)cc7)cc6)cc5C4=O)cc3)c2)cc1,478.15,val
698ddbe96c00d07d5428c0b9,[*]c1cccc(N2C(=O)c3cccc(Oc4ccc(-c5ccc(Oc6cccc7c6C(=O)N[*]C7=O)cc5)cc4)c3C2=O)c1,548.15,test
698ddbe96c00d07d5428c0ba,[*]c1cccc(N2C(=O)c3ccc(Oc4ccc(-c5ccc(Oc6ccc7c(c6)C(=O)N[*]C7=O)cc5)cc4)cc3C2=O)c1,520.15,train
698ddbe96c00d07d5428c0bb,[*]c1cccc(N2C(=O)c3cccc(Oc4ccc(C(=O)c5ccc(Oc6cccc7c6C(=O)N[*]C7=O)cc5)cc4)c3C2=O)c1,521.15,train
698ddbe96c00d07d5428c0bc,[*]c1cccc(N2C(=O)c3ccc(Oc4ccc(C(=O)c5ccc(Oc6ccc7c(c6)C(=O)N[*]C7=O)cc5)cc4)cc3C2=O)c1,512.15,train
698ddbe96c00d07d5428c0bd,[*]c1ccc(Oc2ccc(-c3cccc4c3C(=O)N(Oc3ccc(C(=O)c5ccc(Oc6cccc7c6C(=O)N[*]C7=O)cc5)cc3)C4=O)cc2)cc1,525.15,train
698ddbe96c00d07d5428c0be,[*]c1ccc(Oc2ccc(N3C(=O)c4ccc(Oc5ccc(C(=O)c6ccc(Oc7ccc8c(c7)C(=O)N[*]C8=O)cc6)cc5)cc4C3=O)cc2)cc1,483.15,train
698ddbe96c00d07d5428c0bf,[*]c1ccc(Oc2cccc(Oc3ccc(N4C(=O)c5ccc(Oc6ccc(C(=O)c7ccc(Oc8ccc9c(c8)C(=O)N[*]C9=O)cc7)cc6)cc5C4=O)cc3)c2)cc1,467.15,train
698ddbe96c00d07d5428c0c0,[*]c1ccc(Oc2cccc(Oc3ccc(N4C(=O)c5cccc(Oc6ccc(C(=O)c7ccc(Oc8cccc9c8C(=O)N[*]C9=O)cc7)cc6)c5C4=O)cc3)c2)cc1,489.15,test
698ddbe96c00d07d5428c0c1,[*]c1cccc(N2C(=O)c3cccc(Oc4ccc(C(C)(C)c5ccc(Oc6cccc7c6C(=O)N[*]C7=O)cc5)cc4)c3C2=O)c1,500.65,train
698ddbe96c00d07d5428c0c2,[*]c1cccc(N2C(=O)c3ccc(Oc4ccc(C(C)(C)c5ccc(Oc6ccc7c(c6)C(=O)N[*]C7=O)cc5)cc4)cc3C2=O)c1,490.65,train
698ddbe96c00d07d5428c0c3,[*]c1ccc(Oc2ccc(N3C(=O)c4cccc(Oc5ccc(C(C)(C)c6ccc(Oc7cccc8c7C(=O)N[*]C8=O)cc6)cc5)c4C3=O)cc2)cc1,508.15,val
698ddbe96c00d07d5428c0c4,[*]c1ccc(Oc2ccc(N3C(=O)c4ccc(Oc5ccc(C(C)(C)c6ccc(Oc7ccc8c(c7)C(=O)N[*]C8=O)cc6)cc5)cc4C3=O)cc2)cc1,488.15,train
698ddbe96c00d07d5428c0c5,[*]c1cccc(N2C(=O)c3cccc(Oc4ccc(Sc5ccc(Oc6cccc7c6C(=O)N[*]C7=O)cc5)cc4)c3C2=O)c1,504.15,test
698ddbe96c00d07d5428c0c6,[*]c1cccc(N2C(=O)c3ccc(Oc4ccc(Sc5ccc(Oc6ccc7c(c6)C(=O)N[*]C7=O)cc5)cc4)cc3C2=O)c1,482.15,train
698ddbe96c00d07d5428c0c7,[*]c1ccc(Oc2ccc(N3C(=O)c4cccc(Oc5ccc(Sc6ccc(Oc7cccc8c7C(=O)N[*]C8=O)cc6)cc5)c4C3=O)cc2)cc1,507.15,train
698ddbe96c00d07d5428c0c8,[*]c1ccc(Oc2ccc(N3C(=O)c4ccc(Oc5ccc(Sc6ccc(Oc7ccc8c(c7)C(=O)N[*]C8=O)cc6)cc5)cc4C3=O)cc2)cc1,485.15,train
698ddbe96c00d07d5428c0c9,[*]c1ccc(Oc2cccc(Oc3ccc(N4C(=O)c5ccc(Oc6ccc(Sc7ccc(Oc8ccc9c(c8)C(=O)N[*]C9=O)cc7)cc6)cc5C4=O)cc3)c2)cc1,451.15,val
698ddbe96c00d07d5428c0ca,[*]c1ccc(Oc2cccc(Oc3ccc(N4C(=O)c5cccc(Oc6ccc(Sc7ccc(Oc8cccc9c8C(=O)N[*]C9=O)cc7)cc6)c5C4=O)cc3)c2)cc1,475.15,train
698ddbe96c00d07d5428c0cb,[*]c1cccc(N2C(=O)c3cccc(Oc4ccc(S(=O)(=O)c5ccc(Oc6cccc7c6C(=O)N[*]C7=O)cc5)cc4)c3C2=O)c1,539.15,train
698ddbe96c00d07d5428c0cc,[*]c1cccc(N2C(=O)c3ccc(Oc4ccc(S(=O)(=O)c5ccc(Oc6ccc7c(c6)C(=O)N[*]C7=O)cc5)cc4)cc3C2=O)c1,538.15,train
698ddbe96c00d07d5428c0cd,[*]c1ccc(Oc2ccc(N3C(=O)c4cccc(Oc5ccc(S(=O)(=O)c6ccc(Oc7cccc8c7C(=O)N[*]C8=O)cc6)cc5)c4C3=O)cc2)cc1,540.15,train
698ddbe96c00d07d5428c0ce,[*]c1ccc(Oc2ccc(N3C(=O)c4ccc(Oc5ccc(S(=O)(=O)c6ccc(Oc7ccc8c(c7)C(=O)N[*]C8=O)cc6)cc5)cc4C3=O)cc2)cc1,533.15,test
698ddbe96c00d07d5428c0cf,[*]c1ccc(Oc2cccc(Oc3ccc(N4C(=O)c5ccc(Oc6ccc(S(=O)(=O)c7ccc(Oc8ccc9c(c8)C(=O)N[*]C9=O)cc7)cc6)cc5C4=O)cc3)c2)cc1,492.15,test
698ddbe96c00d07d5428c0d0,[*]c1ccc(Oc2cccc(Oc3ccc(N4C(=O)c5cccc(Oc6ccc(S(=O)(=O)c7ccc(Oc8cccc9c8C(=O)N[*]C9=O)cc7)cc6)c5C4=O)cc3)c2)cc1,503.15,train
698ddbe96c00d07d5428c0d1,[*]c1ccc(Oc2ccc(N3C(=O)c4cccc(Oc5cccc(Oc6cccc7c6C(=O)N[*]C7=O)c5)c4C3=O)cc2)cc1,499.15,val
698ddbe96c00d07d5428c0d2,[*]c1ccc(Oc2ccc(N3C(=O)c4ccc(Oc5cccc(Oc6ccc7c(c6)C(=O)N[*]C7=O)c5)cc4C3=O)cc2)cc1,482.15,train
698ddbe96c00d07d5428c0d3,[*]c1ccc(Oc2cccc(Oc3ccc(N4C(=O)c5cccc(Oc6cccc(Oc7cccc8c7C(=O)N[*]C8=O)c6)c5C4=O)cc3)c2)cc1,466.15,test
698ddbe96c00d07d5428c0d4,[*]c1cccc(N2C(=O)c3ccc(Oc4cccc(Oc5ccc6c(c5)C(=O)N[*]C6=O)c4)cc3C2=O)c1,497.15,train
698ddbe96c00d07d5428c0d5,[*]c1cccc(N2C(=O)c3cccc(Oc4cccc(Oc5cccc6c5C(=O)N[*]C6=O)c4)c3C2=O)c1,514.15,train
698ddbe96c00d07d5428c0d6,[*]c1ccc(Oc2ccc(N3C(=O)c4cccc(Oc5ccc(Oc6cccc7c6C(=O)N[*]C7=O)cc5)c4C3=O)cc2)cc1,536.15,train
698ddbe96c00d07d5428c0d7,[*]c1ccc(Oc2cccc(Oc3ccc(N4C(=O)c5cccc(Oc6ccc(Oc7cccc8c7C(=O)N[*]C8=O)cc6)c5C4=O)cc3)c2)cc1,487.15,train
698ddbe96c00d07d5428c0d8,[*]c1ccc(Oc2cccc(Oc3ccc(N4C(=O)c5ccc(Oc6ccc(Oc7ccc8c(c7)C(=O)N[*]C8=O)cc6)cc5C4=O)cc3)c2)cc1,472.15,train
698ddbe96c00d07d5428c0d9,[*]c1cccc(N2C(=O)c3ccc(Oc4ccc(Oc5ccc6c(c5)C(=O)N[*]C6=O)cc4)cc3C2=O)c1,528.15,train
698ddbe96c00d07d5428c0da,[*]c1cccc(N2C(=O)c3cccc(Oc4ccc(Oc5cccc6c5C(=O)N[*]C6=O)cc4)c3C2=O)c1,532.15,train
698ddbe96c00d07d5428c0db,[*]c1cccc(N2C(=O)c3ccc(Oc4ccc(Oc5ccc(Oc6ccc7c(c6)C(=O)N[*]C7=O)cc5)cc4)cc3C2=O)c1,500.15,train
698ddbe96c00d07d5428c0dc,[*]c1cccc(N2C(=O)c3cccc(Oc4ccc(Oc5ccc(Oc6cccc7c6C(=O)N[*]C7=O)cc5)cc4)c3C2=O)c1,511.15,train
698ddbe96c00d07d5428c0dd,[*]c1ccc(Oc2ccc(N3C(=O)c4cccc(Oc5ccc(Oc6ccc(Oc7cccc8c7C(=O)N[*]C8=O)cc6)cc5)c4C3=O)cc2)cc1,512.15,train
698ddbe96c00d07d5428c0de,[*]c1ccc(Oc2ccc(N3C(=O)c4ccc(Oc5ccc(Oc6ccc(Oc7ccc8c(c7)C(=O)N[*]C8=O)cc6)cc5)cc4C3=O)cc2)cc1,488.15,test
698ddbe96c00d07d5428c0df,[*]c1ccc(Oc2cccc(Oc3ccc(N4C(=O)c5ccc(Oc6ccc(Oc7ccc(Oc8ccc9c(c8)C(=O)N[*]C9=O)cc7)cc6)cc5C4=O)cc3)c2)cc1,457.15,val
698ddbe96c00d07d5428c0e0,[*]c1ccc2c(c1)C(=O)N(c1ccc(Cc3ccc(N4C(=O)c5ccc(C[*](C(F)(F)F)C(F)(F)F)cc5C4=O)cc3)cc1)C2=O,570.15,test
698ddbe96c00d07d5428c0e1,[*]c1ccc2c(c1)C(=O)N(c1ccc(C(C)(C)c3ccc(N4C(=O)c5ccc(C[*](C(F)(F)F)C(F)(F)F)cc5C4=O)cc3)cc1)C2=O,583.15,train
698ddbe96c00d07d5428c0e2,[*]c1ccc(Oc2ccc(N3C(=O)c4ccc(Oc5ccc(Oc6ccc7c(c6)C(=O)N[*]C7=O)cc5)cc4C3=O)cc2)cc1,533.65,val
698ddbe96c00d07d5428c0e3,[*]C(=O)NCCNC(=O)c1ccc(N2C(=O)c3ccc[*]cc3C2=O)cc1,508.15,train
698ddbe96c00d07d5428c0e4,[*]C(=O)NCCCCCCNC(=O)c1ccc(N2C(=O)c3ccc[*]cc3C2=O)cc1,498.15,test
698ddbe96c00d07d5428c0e5,[*]C(=O)Nc1ccc(Cc2ccc(NC(=O)c3ccc(N4C(=O)c5ccc[*]cc5C4=O)cc3)cc2)cc1,495.15,train
698ddbe96c00d07d5428c0e6,[*]C(=O)NC1CCC(CC2CCC(NC(=O)c3ccc(N4C(=O)c5ccc[*]cc5C4=O)cc3)CC2)CC1,548.15,train
698ddbe96c00d07d5428c0e7,[*]c1ccc(C2(c3ccc(N4C(=O)c5ccc(-c6ccc7c(c6)C(=O)N[*]C7=O)cc5C4=O)cc3)c3ccccc3-c3ccccc32)cc1,661.15,train
698ddbe96c00d07d5428c0e8,[*]c1cccc(N2C(=O)c3ccc(Oc4ccc5c(c4)C(=O)N[*]C5=O)cc3C2=O)c1,553.15,val
698ddbe96c00d07d5428c0e9,[*]c1ccc(Cc2ccc(N3C(=O)c4ccc(Oc5ccc6c(c5)C(=O)N[*]C6=O)cc4C3=O)cc2)cc1,544.15,train
698ddbe96c00d07d5428c0ea,[*]c1ccc(C2(c3ccc(N4C(=O)c5ccc(Oc6ccc7c(c6)C(=O)N[*]C7=O)cc5C4=O)cc3)c3ccccc3-c3ccccc32)cc1,646.15,train
698ddbe96c00d07d5428c0eb,[*]c1ccc(Oc2ccc(N3C(=O)c4ccc(Oc5ccc(C(c6ccc(Oc7ccc8c(c7)C(=O)N[*]C8=O)cc6)(C(F)(F)F)C(F)(F)F)cc5)cc4C3=O)cc2)cc1,530.15,val
698ddbe96c00d07d5428c0ec,[*]c1ccc(Cc2ccc(N3C(=O)CC(Nc4ccc(Cc5ccc(NC6CC(=O)N[*]C6=O)cc5)cc4)C3=O)cc2)cc1,512.15,test
698ddbe96c00d07d5428c0ed,[*]C(=O)c1ccc2c(c1)C(=O)N(c1cccc(C(=O)c3ccc(Cc4ccc(C(=O)c5cccc(N6C(=O)c7ccc[*]cc7C6=O)c5)cc4)cc3)c1)C2=O,533.65,train
698ddbe96c00d07d5428c0ee,[*]c1ccc(N2C(=O)c3ccc(Oc4ccc(Sc5ccc(Oc6ccc7c(c6)C(=O)N[*]C7=O)cc5)cc4)cc3C2=O)cc1,511.15,train
698ddbe96c00d07d5428c0ef,[*]c1ccc(NC(=O)c2cccc(C(=O)Nc3ccc(-n4c(=O)c5cc6c(=O)n[*]c(=O)c6cc5c4=O)cc3)c2)cc1,569.15,train
698ddbe96c00d07d5428c0f0,[*]c1ccc(Oc2cccc(N3C(=O)c4ccc(-c5ccc6c(c5)C(=O)N[*]C6=O)cc4C3=O)c2)cc1,532.15,train
698ddbe96c00d07d5428c0f1,[*]c1ccc(-c2ccc(N3C(=O)c4ccc(Oc5ccc(Sc6ccc(Oc7ccc8c(c7)C(=O)N[*]C8=O)cc6)cc5)cc4C3=O)cc2)cc1,530.15,test
698ddbe96c00d07d5428c0f2,[*]C(=O)c1ccc2nc(-c3ccccc3)c(-c3ccc(N4C(=O)c5ccc(C(=O)c6ccc7c(c6)C(=O)N(c6ccc(-c8nc9cc[*]ccc9nc8-c8ccccc8)cc6)C7=O)cc5C4=O)cc3)nc2c1,528.15,train
698ddbe96c00d07d5428c0f3,[*]c1ccc(N2C(=O)c3ccc(C(=O)c4ccc5c(c4)C(=O)N(c4ccc(-c6nc7cc(Oc8ccc9nc(-c%10ccccc%10)c[*]nc9c8)ccc7nc6-c6ccccc6)cc4)C5=O)cc3C2=O)cc1,527.15,train
698ddbe96c00d07d5428c0f4,[*]c1ccc(N2C(=O)c3ccc(C(=O)c4ccc5c(c4)C(=O)N(c4ccc(-c6nc7cc(-c8ccc9nc(-c%10ccccc%10)c[*]nc9c8)ccc7nc6-c6ccccc6)cc4)C5=O)cc3C2=O)cc1,533.15,test
698ddbe96c00d07d5428c0f5,[*]c1ccc(N2C(=O)c3ccc(C(=O)c4ccc5c(c4)C(=O)N(c4ccc(-c6nc7cc(S(=O)(=O)c8ccc9nc(-c%10ccccc%10)c[*]nc9c8)ccc7nc6-c6ccccc6)cc4)C5=O)cc3C2=O)cc1,513.15,train
698ddbe96c00d07d5428c0f6,[*]C(=O)Nc1ccccc1NC(=O)c1ccc(N2C(=O)c3ccc[*]cc3C2=O)cc1,488.15,train
698ddbe96c00d07d5428c0f7,[*]C(=O)Nc1ccc(S(=O)(=O)c2ccc(NC(=O)c3ccc(N4C(=O)c5ccc[*]cc5C4=O)cc3)cc2)cc1,525.15,train
698ddbe96c00d07d5428c0f8,[*]C(=O)Nc1cccc(NC(=O)/C=C/c2cccc(N3C(=O)c4ccc[*]cc4C3=O)c2)c1,530.65,train
698ddbe96c00d07d5428c0f9,[*]C(=O)Nc1cccc(NC(=O)c2ccc3c(c2)C(=O)N(c2ccc(Oc4cccc5c(Oc6ccc(N7C(=O)c8ccc[*]cc8C7=O)cc6)cccc45)cc2)C3=O)c1,536.15,train
698ddbe96c00d07d5428c0fa,[*]C(=O)Nc1ccc(Oc2ccc(Oc3ccc(NC(=O)c4ccc5c(c4)C(=O)N(c4ccc(Oc6cccc7c(Oc8ccc(N9C(=O)c%10ccc[*]cc%10C9=O)cc8)cccc67)cc4)C5=O)cc3)cc2)cc1,558.15,val
698ddbe96c00d07d5428c0fb,[*]C(=O)Nc1ccc(Oc2ccc(-c3ccc(Oc4ccc(NC(=O)c5ccc6c(c5)C(=O)N(c5ccc(Oc7cccc8c(Oc9ccc(N%10C(=O)c%11ccc[*]cc%11C%10=O)cc9)cccc78)cc5)C6=O)cc4)cc3)cc2)cc1,583.15,train
698ddbe96c00d07d5428c0fc,[*]C(=O)Nc1ccc(C(c2ccc(NC(=O)c3ccc4c(c3)C(=O)N(c3ccc(Oc5cccc6c(Oc7ccc(N8C(=O)c9ccc[*]cc9C8=O)cc7)cccc56)cc3)C4=O)cc2)(C(F)(F)F)C(F)(F)F)cc1,556.15,test
698ddbe96c00d07d5428c0fd,[*]C(=O)Nc1ccc(Oc2ccc(C(C)(C)c3ccc(Oc4ccc(NC(=O)c5ccc6c(c5)C(=O)N(c5ccc(Oc7cccc8c(Oc9ccc(N%10C(=O)c%11ccc[*]cc%11C%10=O)cc9)cccc78)cc5)C6=O)cc4)cc3)cc2)cc1,508.15,train
698ddbe96c00d07d5428c0fe,[*]C(=O)Nc1ccc(Oc2ccc(C(c3ccc(Oc4ccc(NC(=O)c5ccc6c(c5)C(=O)N(c5ccc(Oc7cccc8c(Oc9ccc(N%10C(=O)c%11ccc[*]cc%11C%10=O)cc9)cccc78)cc5)C6=O)cc4)cc3)(C(F)(F)F)C(F)(F)F)cc2)cc1,504.15,train
698ddbe96c00d07d5428c0ff,[*]C(=O)Nc1ccc(Oc2ccc(S(=O)(=O)c3ccc(Oc4ccc(NC(=O)c5ccc6c(c5)C(=O)N(c5ccc(Oc7cccc8c(Oc9ccc(N%10C(=O)c%11ccc[*]cc%11C%10=O)cc9)cccc78)cc5)C6=O)cc4)cc3)cc2)cc1,533.15,train
698ddbe96c00d07d5428c100,[*]C(=O)Nc1ccc(-c2sc(-c3ccc(NC(=O)c4ccc5c(c4)C(=O)N(c4ccc(Oc6cccc7c(Oc8ccc(N9C(=O)c%10ccc[*]cc%10C9=O)cc8)cccc67)cc4)C5=O)cc3)c(-c3ccccc3)c2-c2ccccc2)cc1,613.15,train
698ddbe96c00d07d5428c101,[*]c1ccc2c(c1)C(=O)N(c1ccc(Oc3ccc(C(c4ccc(Oc5ccc(N6C(=O)c7ccc(C[*](C(F)(F)F)C(F)(F)F)cc7C6=O)cc5)cc4)(C(F)(F)F)C(F)(F)F)cc3)cc1)C2=O,533.15,val
698ddbe96c00d07d5428c102,[*]C(=O)c1ccc2c(c1)C(=O)N(c1ccc(C(c3ccc(N4C(=O)c5ccc[*]cc5C4=O)cc3)(C(F)(F)F)C(F)(F)F)cc1)C2=O,581.18,train
698ddbe96c00d07d5428c103,[*]c1ccc2c(c1)C(=O)N(c1ccc(N3C(=O)c4ccc(C[*](C(F)(F)F)C(F)(F)F)cc4C3=O)cc1)C2=O,624.15,test
698ddbe96c00d07d5428c104,[*]c1ccc(C(c2ccc(N3C(=O)c4ccc(-c5ccc6c(c5)C(=O)N[*]C6=O)cc4C3=O)cc2)(C(F)(F)F)C(F)(F)F)cc1,616.15,train
698ddbe96c00d07d5428c105,[*]c1ccc2c(c1)C(=O)N(c1ccc(C(c3ccc(N4C(=O)c5ccc(C[*](C(F)(F)F)C(F)(F)F)cc5C4=O)cc3)(C(F)(F)F)C(F)(F)F)cc1)C2=O,588.25,train
698ddbe96c00d07d5428c106,[*]c1ccc2c(c1)C(=O)N(c1cc(C)c(N3C(=O)c4ccc(C[*](C(F)(F)F)C(F)(F)F)cc4C3=O)cc1C)C2=O,628.15,train
698ddbe96c00d07d5428c107,[*]C(=O)c1ccc2c(c1)C(=O)N(c1c(C)cc(C)c(N3C(=O)c4ccc[*]cc4C3=O)c1C)C2=O,683.15,train
698ddbe96c00d07d5428c108,[*]c1ccc2c(c1)C(=O)N(c1c(C)cc(C)c(N3C(=O)c4ccc(C[*](C(F)(F)F)C(F)(F)F)cc4C3=O)c1C)C2=O,650.15,test
698ddbe96c00d07d5428c109,[*]c1ccc2c(c1)C(=O)N(c1c(C)c(C)c(N3C(=O)c4ccc(C[*](C(F)(F)F)C(F)(F)F)cc4C3=O)c(C)c1C)C2=O,693.15,train
698ddbe96c00d07d5428c10a,[*]c1cc2c(cc1C)-c1cc(C)c(N3C(=O)c4ccc(-c5ccc6c(c5)C(=O)N[*]C6=O)cc4C3=O)cc1S2(=O)=O,763.15,val
698ddbe96c00d07d5428c10b,[*]c1ccc(Oc2cc3ccccc3cc2Oc2ccc(-n3c(=O)c4cc5c(=O)n[*]c(=O)c5cc4c3=O)cc2)cc1,589.15,train
698ddbe96c00d07d5428c10c,[*]c1ccc(Oc2cc3ccccc3cc2Oc2ccc(N3C(=O)c4ccc(-c5ccc6c(c5)C(=O)N[*]C6=O)cc4C3=O)cc2)cc1,526.65,train
698ddbe96c00d07d5428c10d,[*]c1ccc(Oc2cc3ccccc3cc2Oc2ccc(N3C(=O)c4ccc(Oc5ccc6c(c5)C(=O)N[*]C6=O)cc4C3=O)cc2)cc1,548.65,train
698ddbe96c00d07d5428c10e,[*]C(=O)c1ccc2c(c1)C(=O)N(c1ccc(Oc3cc4ccccc4cc3Oc3ccc(N4C(=O)c5ccc[*]cc5C4=O)cc3)cc1)C2=O,519.15,train
698ddbe96c00d07d5428c10f,[*]c1ccc(Oc2cc3ccccc3cc2Oc2ccc(N3C(=O)c4ccc(S(=O)(=O)c5ccc6c(c5)C(=O)N[*]C6=O)cc4C3=O)cc2)cc1,548.15,train
698ddbe96c00d07d5428c110,[*]c1ccc2c(c1)C(=O)N(c1cc(OCCN(CC)c3ccc(/N=N/c4ccc([N+](=O)[O-])cc4)cc3)cc(N3C(=O)c4ccc(C[*](C(F)(F)F)C(F)(F)F)cc4C3=O)c1)C2=O,483.15,train
698ddbe96c00d07d5428c111,[*]c1ccc(C(c2ccccc2)(c2ccc(-n3c(=O)c4cc5c(=O)n[*]c(=O)c5cc4c3=O)cc2)C(F)(F)F)cc1,709.15,test
698ddbe96c00d07d5428c112,[*]C(=O)c1cccc(C(=O)N[*]c2ccccc2)c1,421.15,train
698ddbe96c00d07d5428c113,[*]C(=O)c1ccc(C(=O)N[*]c2ccccc2)cc1,452.15,train
698ddbe96c00d07d5428c114,[*]C(=O)c1ccc(C(=O)N[*]c2ccccc2)c(Sc2ccccc2)c1,425.15,train
698ddbe96c00d07d5428c115,[*]C(=O)c1ccc2c(c1)C(=O)N(c1c(-c3ccccc3)cc(-c3ccc(-c4cc(-c5ccccc5)c(N5C(=O)c6ccc[*]cc6C5=O)c(-c5ccccc5)c4)cc3)cc1-c1ccccc1)C2=O,538.15,train
698ddbe96c00d07d5428c116,[*]c1ccc(N2C(=O)c3ccc(-c4cccc5c4C(=O)N[*]C5=O)cc3C2=O)cc1,683.65,train
698ddbe96c00d07d5428c117,[*]CCCOC(=O)OCCCCCCOC(=O)OCCCN1C(=O)c2ccc(C(=O)c3ccc4c(c3)C(=O)N[*]C4=O)cc2C1=O,343.15,train
698ddbe96c00d07d5428c118,[*]CCCCCCOC(=O)OCCCOC(=O)OCCCCCCN1C(=O)c2ccc(C(=O)c3ccc4c(c3)C(=O)N[*]C4=O)cc2C1=O,334.15,val
698ddbe96c00d07d5428c119,[*]CCCCCCOC(=O)OCCCCCCOC(=O)OCCCCCCN1C(=O)c2ccc(C(=O)c3ccc4c(c3)C(=O)N[*]C4=O)cc2C1=O,313.15,train
698ddbe96c00d07d5428c11a,[*]C1C(=O)N(c2c(CC)cccc2CC)C(=O)C1[*],561.15,train
698ddbe96c00d07d5428c11b,[*]C1C(=O)N(c2ccccc2C)C(=O)C1[*],608.15,train
698ddbe96c00d07d5428c11c,[*]CC(C)(C)C1C(=O)N(c2c(CC)cccc2CC)C(=O)C1[*],483.15,train
698ddbe96c00d07d5428c11d,[*]c1cc(-c2nc3ccccc3[nH]2)cc(-n2c(=O)c3cc4c(=O)n[*]c(=O)c4cc3c2=O)c1,453.15,train
698ddbe96c00d07d5428c11e,[*]C(=O)c1ccc2c(c1)C(=O)N(c1cc(-c3nc4ccccc4[nH]3)cc(N3C(=O)c4ccc[*]cc4C3=O)c1)C2=O,470.15,test
698ddbe96c00d07d5428c11f,[*]C(=O)c1ccc2c(c1)C(=O)N(c1ccc(C3(C)CC(C)(C)c4ccc(N5C(=O)c6ccc[*]cc6C5=O)cc43)cc1)C2=O,593.15,train
698ddbe96c00d07d5428c120,[*]C1C(=O)N(c2ccccc2C(=O)OC)C(=O)C1[*],532.15,train
698ddbe96c00d07d5428c121,[*]C1C(=O)N(c2ccccc2C(=O)OCC)C(=O)C1[*],503.15,val
698ddbe96c00d07d5428c122,[*]C1C(=O)N(c2ccccc2C(=O)OCCCC)C(=O)C1[*],454.15,test
698ddbe96c00d07d5428c123,[*]CC1[*]CC(=O)N(c2ccccc2)C1=O,509.15,test
698ddbe96c00d07d5428c124,[*]c1cc(-c2nc3ccccc3oc2=O)cc(-n2c(=O)c3cc4c(=O)n[*]c(=O)c4cc3c2=O)c1,403.15,train
698ddbe96c00d07d5428c125,[*]C(=O)c1ccc2c(c1)C(=O)N(c1cc(-c3nc4ccccc4oc3=O)cc(N3C(=O)c4ccc[*]cc4C3=O)c1)C2=O,368.15,train
698ddbe96c00d07d5428c126,[*]OC(=O)c1ccc(CCCCCCc2ccc(C[*]=O)cc2)cc1,293.15,train
698ddbe96c00d07d5428c127,[*]OC(=O)c1ccc(C(C)(C)c2ccc(C[*]=O)cc2)cc1,373.15,test
698ddbe96c00d07d5428c128,[*]OC(=O)c1ccc(Cc2ccc(C[*]=O)cc2)cc1,395.15,test
698ddbe96c00d07d5428c129,[*]OC(=O)c1ccc(CCCCCc2ccc(C[*]=O)cc2)cc1,315.65,train
698ddbe96c00d07d5428c12a,[*]OC(=O)Cc1ccc(CC[*]=O)cc1,338.15,train
698ddbe96c00d07d5428c12b,[*]OC(=O)CCCCCCCCC[*]=O,333.15,val
698ddbe96c00d07d5428c12c,[*]OC(=O)c1ccc(CCCCc2ccc(C[*]=O)cc2)cc1,319.15,train
698ddbe96c00d07d5428c12d,[*]OC(=O)c1ccc(C(F)(F)C(F)(F)C(F)(F)c2ccc(C[*]=O)cc2)cc1,371.15,train
698ddbe96c00d07d5428c12e,[*]OC(=O)c1cccc(C[*]=O)c1,403.15,train
698ddbe96c00d07d5428c12f,[*]CC1(C)CC[*](C)C(=O)OC1=O,417.15,train
698ddbe96c00d07d5428c130,[*]CC1CC[*]C(=O)OC1=O,413.15,train
698ddbe96c00d07d5428c131,[*]CCCCCCOC(=O)O[*],231.14999999999998,train
698ddbe96c00d07d5428c132,[*]OC1C(C)(C)C(OC[*]=O)C1(C)C,433.15,train
698ddbe96c00d07d5428c133,[*]CC(F)(F)C(F)(F)C(F)(F)C(F)(F)COC(=O)O[*],232.14999999999998,train
698ddbe96c00d07d5428c134,[*]Oc1ccc(Cc2ccc(OC[*]=O)cc2)cc1,406.65,train
698ddbe96c00d07d5428c135,[*]Oc1ccc(Cc2ccc(OC[*]=O)c(C)c2)cc1C,324.15,train
698ddbe96c00d07d5428c136,[*]Oc1ccc(C(C)c2ccc(OC[*]=O)cc2)cc1,403.15,test
698ddbe96c00d07d5428c137,[*]Oc1ccc(C(CCC)c2ccc(OC[*]=O)cc2)cc1,396.15,train
698ddbe96c00d07d5428c138,[*]Oc1ccc(C(c2ccc(OC[*]=O)cc2)C(C)C)cc1,422.15,train
698ddbe96c00d07d5428c139,[*]Oc1ccc(C(c2ccccc2)c2ccc(OC[*]=O)cc2)cc1,443.15,test
698ddbe96c00d07d5428c13a,[*]Oc1ccc(C(C)(C)c2ccc(OC[*]=O)cc2)cc1,421.15,train
698ddbe96c00d07d5428c13b,[*]Oc1ccc(C(c2ccccc2)c2ccc(OC[*]=O)cc2C)c(C)c1,455.15,train
698ddbe96c00d07d5428c13c,[*]Oc1ccc(C(C)(CC)c2ccc(OC[*]=O)cc2)cc1,409.15,train
698ddbe96c00d07d5428c13d,[*]Oc1ccc(C(C)(CCC)c2ccc(OC[*]=O)cc2)cc1,410.15,val
698ddbe96c00d07d5428c13e,[*]Oc1ccc(C(C)(C)c2ccc(OC[*]=O)c(C)c2)cc1C,397.15,test
698ddbe96c00d07d5428c13f,[*]Oc1ccc(C(C)(C)c2ccc(OC[*]=O)c(Cl)c2)cc1Cl,420.15,train
698ddbe96c00d07d5428c140,[*]Oc1c(Cl)cc(C(C)(C)c2cc(Cl)c(OC[*]=O)c(Cl)c2)cc1Cl,500.15,train
698ddbe96c00d07d5428c141,[*]Oc1c(Br)cc(C(C)(C)c2cc(Br)c(OC[*]=O)c(Br)c2)cc1Br,501.65,train
698ddbe96c00d07d5428c142,[*]Oc1ccc(C(C)(c2ccccc2)c2ccc(OC[*]=O)cc2)cc1,452.15,val
698ddbe96c00d07d5428c143,[*]Oc1ccc(C(CCC)(CCC)c2ccc(OC[*]=O)cc2)cc1,421.15,test
698ddbe96c00d07d5428c144,[*]Oc1ccc(C2(c3ccc(OC[*]=O)cc3)CCCC2)cc1,439.15,train
698ddbe96c00d07d5428c145,[*]Oc1ccc(C2(c3ccc(OC[*]=O)cc3)CCCCC2)cc1,448.15,train
698ddbe96c00d07d5428c146,[*]Oc1ccc(C2(c3ccc(OC[*]=O)c(C)c3)CCCCC2)cc1C,410.65,train
698ddbe96c00d07d5428c147,[*]Oc1c(Cl)cc(C2(c3cc(Cl)c(OC[*]=O)c(Cl)c3)CCCCC2)cc1Cl,436.15,train
698ddbe96c00d07d5428c148,[*]Oc1ccc(C2(c3ccc(OC[*]=O)c(Cl)c3)CCCCC2)cc1Cl,452.15,val
698ddbe96c00d07d5428c149,[*]Oc1ccc(C2(c3ccc(OC[*]=O)cc3)c3ccccc3-c3ccccc32)cc1,628.15,train
698ddbe96c00d07d5428c14a,[*]Oc1ccc(C(c2ccccc2)(c2ccccc2)c2ccc(OC[*]=O)cc2)cc1,486.15,test
698ddbe96c00d07d5428c14b,[*]Oc1ccc(C(c2ccc(OC[*]=O)cc2)(C(F)(F)F)C(F)(F)F)cc1,449.15,test
698ddbe96c00d07d5428c14c,[*]Oc1ccc(C(c2ccc(OC[*]=O)cc2)(C(F)(F)Cl)C(F)(F)Cl)cc1,456.65,train
698ddbe96c00d07d5428c14d,[*]Oc1ccc(C(C#N)(c2ccccc2)c2ccc(OC[*]=O)cc2)cc1,411.15,val
698ddbe96c00d07d5428c14e,[*]Oc1cccc(C(F)(F)C(F)(F)C(F)(F)c2cccc(OC[*]=O)c2)c1,319.15,val
698ddbe96c00d07d5428c14f,[*]Oc1ccc(C(C)(C)c2ccc(C(C)(C)c3ccc(OC[*]=O)cc3)cc2)cc1,427.15,train
698ddbe96c00d07d5428c150,[*]Oc1c(C)cc(C(C)(C)c2cc(C)c(OC[*]=O)c(C)c2)cc1C,466.15,test
698ddbe96c00d07d5428c151,[*]Oc1ccc(Cc2ccc(OC[*]=S)cc2)cc1,368.15,train
698ddbe96c00d07d5428c152,[*]Oc1ccc(C(C)c2ccc(OC[*]=S)cc2)cc1,380.15,train
698ddbe96c00d07d5428c153,[*]Oc1ccc(C(CC)c2ccc(OC[*]=S)cc2)cc1,377.15,train
698ddbe96c00d07d5428c154,[*]Oc1ccc(C(CCC)c2ccc(OC[*]=S)cc2)cc1,403.15,train
698ddbe96c00d07d5428c155,[*]Oc1ccc(C(c2ccc(OC[*]=S)cc2)C(C)C)cc1,408.15,train
698ddbe96c00d07d5428c156,[*]Oc1ccc(C(c2ccc(OC[*]=S)cc2)C(CC)CC)cc1,421.15,train
698ddbe96c00d07d5428c157,[*]Oc1ccc(C2(c3ccc(OC[*]=S)cc3)CCCC2)cc1,352.15,train
698ddbe96c00d07d5428c158,[*]Oc1ccc(C2(c3ccc(OC[*]=S)cc3)CCCCC2)cc1,428.15,train
698ddbe96c00d07d5428c159,[*]Oc1ccc(C2(c3ccc(OC[*]=S)cc3)CCC(C)CC2)cc1,441.15,train
698ddbe96c00d07d5428c15a,[*]Oc1ccc(C(c2ccccc2)c2ccc(OC[*]=S)cc2)cc1,452.15,train
698ddbe96c00d07d5428c15b,[*]Oc1ccc(C(c2ccc(OC[*]=S)cc2)c2cccc3ccccc23)cc1,464.15,train
698ddbe96c00d07d5428c15c,[*]Oc1ccc(C(C)(C)c2ccc(OC[*]=S)cc2)cc1,413.65,test
698ddbe96c00d07d5428c15d,[*]Oc1ccc(C(C)(CC)c2ccc(OC[*]=S)cc2)cc1,375.15,train
698ddbe96c00d07d5428c15e,[*]Oc1ccc(C(C)(CC(C)C)c2ccc(OC[*]=S)cc2)cc1,401.15,train
698ddbe96c00d07d5428c15f,[*]Oc1ccc(C(CC)(CC)c2ccc(OC[*]=S)cc2)cc1,394.15,train
698ddbe96c00d07d5428c160,[*]Oc1ccc(C(C)(c2ccccc2)c2ccc(OC[*]=S)cc2)cc1,454.15,train
698ddbe96c00d07d5428c161,[*]Oc1ccc(C(CC)(c2ccccc2)c2ccc(OC[*]=S)cc2)cc1,446.15,train
698ddbe96c00d07d5428c162,[*]CCCCOC(=O)O[*],246.14999999999998,train
698ddbe96c00d07d5428c163,[*]CCCCCCCCCCOC(=O)O[*],236.14999999999998,train
698ddbe96c00d07d5428c164,[*]Oc1ccc(C(C)(C)c2ccc(OC[*]=O)c(C(C)C)c2)cc1C(C)C,353.15,train
698ddbe96c00d07d5428c165,[*]Oc1cc(Br)c(C(C)(C)c2c(Br)cc(OC[*]=O)cc2Br)c(Br)c1,540.15,train
698ddbe96c00d07d5428c166,[*]Oc1cc(Cl)c(C(C)(C)c2c(Cl)cc(OC[*]=O)cc2Cl)c(Cl)c1,513.15,train
698ddbe96c00d07d5428c167,[*]CCCCCOC(=O)O[*],230.2,test
698ddbe96c00d07d5428c168,[*]c1ccc(OC(=O)Oc2ccc(C3[*]OC(=O)c4ccccc43)cc2)cc1,525.3499999999999,test
698ddbe96c00d07d5428c169,[*]Oc1ccc(C(=C(Cl)Cl)c2ccc(OC[*]=O)cc2)cc1,440.15,train
698ddbe96c00d07d5428c16a,[*]Oc1ccc(C2(c3ccc(OC[*]=O)cc3)CC3CCC2C3)cc1,508.15,train
698ddbe96c00d07d5428c16b,[*]Oc1ccc(C(c2ccc(OC[*]=O)cc2)C(Cl)(Cl)Cl)cc1,503.15,train
698ddbe96c00d07d5428c16c,[*]CC(C)(C)CS(=O)(=O)CC(C)(C)COC(=O)O[*],323.15,test
698ddbe96c00d07d5428c16d,[*]Oc1c(C)cc(C(C)(C)c2cc(C)c(OC[*]=O)c(Cl)c2)cc1Cl,427.15,val
698ddbe96c00d07d5428c16e,[*]CCN[*],225.14999999999998,test
698ddbe96c00d07d5428c16f,[*]CCN[*]C(C)=O,353.15,train
698ddbe96c00d07d5428c170,[*]CCN[*]C(=O)CC,333.15,train
698ddbe96c00d07d5428c171,[*]CCN[*]C(=O)CCC,315.15,test
698ddbe96c00d07d5428c172,[*]CCN[*]C(=O)C(C)C,303.15,train
698ddbe96c00d07d5428c173,[*]CCN[*]C(=O)CCCC,286.15,train
698ddbe96c00d07d5428c174,[*]CCN[*]C(=O)CC(C)C,303.15,train
698ddbe96c00d07d5428c175,[*]CCN[*]C(=O)CCCCC,280.15,train
698ddbe96c00d07d5428c176,[*]CCCN[*]C(=O)CCCCC,257.15,test
698ddbe96c00d07d5428c177,[*]CCN[*]C(=O)CCCCCC,283.15,train
698ddbe96c00d07d5428c178,[*]CCN[*]C(=O)CCCCCCC,283.15,train
698ddbe96c00d07d5428c179,[*]CCN[*]C(=O)CCCCCCCCCCC,283.15,train
698ddbe96c00d07d5428c17a,[*]CCN[*]C(=O)CCCCCCCCCCCCCCCCC,283.15,train
698ddbe96c00d07d5428c17b,[*]CCN[*]C(=O)c1ccccc1,384.15,train
698ddbe96c00d07d5428c17c,[*]CCCN[*]C(=O)c1ccccc1,345.15,train
698ddbe96c00d07d5428c17d,[*]CCN[*]C(=O)c1ccc2ccccc2c1,403.15,train
698ddbe96c00d07d5428c17e,[*]CCCN[*]C(=O)C(F)(F)C(F)(F)C(F)(F)C(F)(F)C(F)(F)C(F)(F)C(F)(F)F,298.15,train
698ddbe96c00d07d5428c17f,[*]CCCN[*]C(C)=O,303.15,train
698ddbe96c00d07d5428c180,[*]CCCN[*]C(=O)CC,281.15,train
698ddbe96c00d07d5428c181,[*]CCN[*]C(=O)CCC(=O)OC,304.15,train
698ddbe96c00d07d5428c182,[*]c1ccc(-c2cnc3ccc(-c4ccc5ncc[*]nc5c4)cc3n2)cc1,649.15,train
698ddbe96c00d07d5428c183,[*]c1ccc(-c2ccc(-c3ccc(-c4cnc5ccc(-c6ccc7ncc[*]nc7c6)cc5n4)cc3)cc2)cc1,578.15,train
698ddbe96c00d07d5428c184,[*]c1ccc(-c2nc3cc(-c4ccc5nc(-c6ccccc6)c[*]nc5c4)ccc3nc2-c2ccccc2)cc1,638.15,train
698ddbe96c00d07d5428c185,[*]C(=O)c1ccc2ncc(-c3ccc(-c4cnc5ccc[*]cc5n4)cc3)nc2c1,591.15,test
698ddbe96c00d07d5428c186,[*]C(=O)c1ccc2nc(-c3ccccc3)c(-c3ccc(-c4nc5cc[*]ccc5nc4-c4ccccc4)cc3)nc2c1,598.15,train
698ddbe96c00d07d5428c187,[*]c1ccc(-c2cnc3ccc(S(=O)(=O)c4ccc5ncc[*]nc5c4)cc3n2)cc1,615.15,train
698ddbe96c00d07d5428c188,[*]c1ccc(-c2nc3cc(S(=O)(=O)c4ccc5nc(-c6ccccc6)c[*]nc5c4)ccc3nc2-c2ccccc2)cc1,618.15,train
698ddbe96c00d07d5428c189,[*]c1ccc(-c2cnc3cc4ncc[*]nc4cc3n2)cc1,665.15,train
698ddbe96c00d07d5428c18a,[*]c1ccc(-c2nc3cc4nc[*]c(-c5ccccc5)nc4cc3nc2-c2ccccc2)cc1,668.15,train
698ddbe96c00d07d5428c18b,[*]c1cccc(-c2nc3cc4nc[*]c(-c5ccccc5)nc4cc3nc2-c2ccccc2)c1,638.15,test
698ddbe96c00d07d5428c18c,[*]c1cccc(-c2nc3cc(-c4ccc5nc(-c6ccccc6)c[*]nc5c4)ccc3nc2-c2ccccc2)c1,593.15,test
698ddbe96c00d07d5428c18d,[*]C(=O)c1ccc2nc(-c3ccc(-c4cnc5cc[*]ccc5n4)cc3)cnc2c1,591.15,train
698ddbe96c00d07d5428c18e,[*]c1ccc(-c2cnc3cc(S(=O)(=O)c4ccc5nc[*]cnc5c4)ccc3n2)cc1,615.15,train
698ddbe96c00d07d5428c18f,[*]c1ccc(-c2cnc3ccc(-c4ccc5nc[*]cnc5c4)cc3n2)cc1,649.15,test
698ddbe96c00d07d5428c190,[*]c1ccc(-c2cnc3cc4nc[*]cnc4cc3n2)cc1,665.15,train
698ddbe96c00d07d5428c191,[*]c1ccc(-c2nc3ccc(S(=O)(=O)c4ccc5nc[*]c(-c6ccccc6)nc5c4)cc3nc2-c2ccccc2)cc1,618.15,train
698ddbe96c00d07d5428c192,[*]c1cccc(-c2nc3cc4nc(-c5ccccc5)c[*]nc4cc3nc2-c2ccccc2)c1,638.15,train
698ddbe96c00d07d5428c193,[*]c1ccc(-c2nc3cc4nc(-c5ccccc5)c[*]nc4cc3nc2-c2ccccc2)cc1,668.15,train
698ddbe96c00d07d5428c194,[*]c1ccc2nc[*]cc(-c3ccccc3)c2c1,688.15,train
698ddbe96c00d07d5428c195,[*]C(=O)c1ccc2nc(-c3ccccc3)c(-c3ccc(-c4nc5ccc[*]cc5nc4-c4ccccc4)cc3)nc2c1,593.15,test
698ddbe96c00d07d5428c196,[*]c1ccc(-c2ccc(-c3nc4ccc(-c5ccc6nc[*]c(-c7ccccc7)nc6c5)cc4nc3-c3ccccc3)cc2)cc1,677.15,train
698ddbe96c00d07d5428c197,[*]c1ccc(-c2nc3cc(S(=O)(=O)c4ccc5nc[*]c(-c6ccccc6)nc5c4)ccc3nc2-c2ccccc2)cc1,550.65,train
698ddbe96c00d07d5428c198,[*]c1ccc(-c2ccc(-c3cnc4cc(-c5ccc6nc[*]cnc6c5)ccc4n3)cc2)cc1,618.65,train
698ddbe96c00d07d5428c199,[*]c1ccc(-c2cnc3cc(-c4ccc5nc[*]cnc5c4)ccc3n2)cc1,623.15,val
698ddbe96c00d07d5428c19a,[*]C(=O)c1ccccc1-c1ccccc1C(=O)N1CCN[*]CC1,466.15,train
698ddbe96c00d07d5428c19b,[*]C(=O)c1ccc(C(C)(CC)c2ccc(C(=O)N3CCN[*]CC3)cc2)cc1,505.15,train
698ddbe96c00d07d5428c19c,[*]C(=O)CCC1(CCC(=O)N2CCN[*]CC2)c2ccccc2-c2ccccc21,418.15,train
698ddbe96c00d07d5428c19d,[*]CCCCCCn1ccc(-c2cccc(-c3ccn[*]n3)c2)n1,343.15,train
698ddbe96c00d07d5428c19e,[*]CCCCCCn1ccc(-c2ccc(-c3ccn[*]n3)cc2)n1,328.15,test
698ddbe96c00d07d5428c19f,[*]c1ccc(-n2ccc(-c3cccc(-c4ccn[*]n4)c3)n2)cc1,348.15,test
698ddbe96c00d07d5428c1a0,[*]c1ccc(-n2ccc(-c3ccc(-c4ccn[*]n4)cc3)n2)cc1,348.15,train
698ddbe96c00d07d5428c1a1,[*]CCC1CC(=O)N[*]C1=O,404.15,val
698ddbe96c00d07d5428c1a2,[*]c1cccc(-c2ccc3[nH]c(S(=O)(=O)c4nc5ccc[*]cc5[nH]4)nc3c2)c1,563.15,val
698ddbe96c00d07d5428c1a3,[*]c1nc(-c2ccccc2)nc(N(c2ccccc2)c2ncnc(N[*]c3ccccc3)n2)n1,552.15,test
698ddbe96c00d07d5428c1a4,[*]c1nc(C(F)(F)C(F)(F)C(F)(F)F)nc(C(F)(F)C(F)(F)C(F)(F)C(F)(F)C(F)(F)C[*](F)F)n1,268.15,val
698ddbe96c00d07d5428c1a5,[*]=Cc1ccc(/C=N/c2c(-c3ccccc3)cc(-c3ccc(-c4cc(-c5ccccc5)c(N=[*])c(-c5ccccc5)c4)cc3)cc2-c2ccccc2)cc1,573.15,test
698ddbe96c00d07d5428c1a6,[*]c1cccc(-c2nc3ccc(-c4ccc5nc[*][nH]c5c4)cc3[nH]2)c1,693.15,train
698ddbe96c00d07d5428c1a7,[*]c1ccc2cc(-c3nc4ccc(-c5ccc6nc[*][nH]c6c5)cc4[nH]3)ccc2c1,676.15,test
698ddbe96c00d07d5428c1a8,[*]NCCCCCCNc1nc[*]nc(-c2ccccc2)n1,368.15,train
698ddbe96c00d07d5428c1a9,[*]c1nc(-c2ccccc2)nc(N(C)CCCCCCN[*]C)n1,330.15,train
698ddbe96c00d07d5428c1aa,[*]c1nc(-c2ccccc2)nc(N(CCCCCCN[*]c2ccccc2)c2ccccc2)n1,347.15,train
698ddbe96c00d07d5428c1ab,[*]c1ccc(-c2nc3cc(-c4ccc5nc[*]c(-c6ccccc6)nc5c4)ccc3nc2-c2ccccc2)cc1,664.65,test
698ddbe96c00d07d5428c1ac,[*]c1cccc(-c2nc3cc(-c4ccc5nc[*]c(-c6ccccc6)nc5c4)ccc3nc2-c2ccccc2)c1,592.15,test
698ddbe96c00d07d5428c1ad,[*]c1ccc(-c2nc3cc(-c4ccc5nc[*]c(-c6ccc7ccccc7c6)nc5c4)ccc3nc2-c2ccc3ccccc3c2)cc1,606.15,train
698ddbe96c00d07d5428c1ae,[*]c1cccc(-c2nc3cc(-c4ccc5nc[*]c(-c6ccc7ccccc7c6)nc5c4)ccc3nc2-c2ccc3ccccc3c2)c1,590.15,train
698ddbe96c00d07d5428c1af,[*]c1ncnc(N(CCCCN[*]c2ccccc2)c2ccccc2)n1,364.15,val
698ddbe96c00d07d5428c1b0,[*]c1ncnc(N(CCCCCCN[*]c2ccccc2)c2ccccc2)n1,345.15,val
698ddbe96c00d07d5428c1b1,[*]c1ncnc(N(CCCCCCCCCCN[*]c2ccccc2)c2ccccc2)n1,328.15,train
698ddbe96c00d07d5428c1b2,[*]c1nc(C)nc(N(CCCCN[*]c2ccccc2)c2ccccc2)n1,358.15,train
698ddbe96c00d07d5428c1b3,[*]c1nc(C)nc(N(CCCCCCN[*]c2ccccc2)c2ccccc2)n1,340.15,train
698ddbe96c00d07d5428c1b4,[*]c1nc(C)nc(N(CCCCCCCCCCN[*]c2ccccc2)c2ccccc2)n1,321.15,val
698ddbe96c00d07d5428c1b5,[*]c1nc(-c2ccccc2)nc(N(CCCCN[*]c2ccccc2)c2ccccc2)n1,367.15,train
698ddbe96c00d07d5428c1b6,[*]c1nc(-c2ccccc2)nc(N(CCCCCCCCCCN[*]c2ccccc2)c2ccccc2)n1,335.15,test
698ddbe96c00d07d5428c1b7,[*]c1ccc(-c2nnc(-c3cccc(-c4nnc[*]n4-c4ccccc4)c3)n2-c2ccccc2)cc1,545.65,train
698ddbe96c00d07d5428c1b8,[*]O[Si](C)(C)Oc1ccc(C(C)(C)c2ccc[*]cc2)cc1,318.15,test
698ddbe96c00d07d5428c1b9,[*]O[Si](c1ccccc1)(c1ccccc1)c1cccc[*]c1,335.15,train
698ddbe96c00d07d5428c1ba,[*]CCC[Si][*](C)c1ccc(N(C)C)cc1,279.65,test
698ddbe96c00d07d5428c1bb,[*]CCC[Si][*](c1ccccc1)c1ccc(N(C)C)cc1,325.15,train
698ddbe96c00d07d5428c1bc,[*]CCC[Si][*](C)c1ccccc1,271.65,test
698ddbe96c00d07d5428c1bd,[*]C[Si][*](C)C,183.14999999999998,train
698ddbe96c00d07d5428c1be,[*]CCC[Si][*](C)C,218.14999999999998,val
698ddbe96c00d07d5428c1bf,[*]CCC[Si][*](c1ccc(C)cc1)c1ccc(C)cc1,311.15,test
698ddbe96c00d07d5428c1c0,[*]O[Si][*](CC)CC,134.14999999999998,train
698ddbe96c00d07d5428c1c1,[*]O[Si][*](CCC)CCC,195.64999999999998,train
698ddbe96c00d07d5428c1c2,[*]O[Si](C)(C)O[Si](C)(C)O[Si][*](c1c(F)c(F)c(F)c(F)c1F)c1c(F)c(F)c(F)c(F)c1F,231.14999999999998,train
698ddbe96c00d07d5428c1c3,[*]O[Si](C)(C)O[Si][*](C)c1c(F)c(F)c(F)c(F)c1F,208.14999999999998,train
698ddbe96c00d07d5428c1c4,[*]O[Si](C)(C)O[Si](C)(C)O[Si][*](C)c1c(F)c(F)c(F)c(F)c1F,190.14999999999998,train
698ddbe96c00d07d5428c1c5,[*]O[Si](C)(CCC(F)(F)F)CCC(F)(F)C(F)(F)C(F)(F)C(F)(F)C(F)(F)C(F)(F)CC[Si][*](C)CCC(F)(F)F,249.14999999999998,train
698ddbe96c00d07d5428c1c6,[*]O[Si](C)(CCC(F)(F)F)CCC(F)(F)C(F)(F)C(F)(F)C(F)(F)C(F)(F)C(F)(F)C(F)(F)C(F)(F)C(F)(F)C(F)(F)CC[Si][*](C)CCC(F)(F)F,262.15,train
698ddbe96c00d07d5428c1c7,[*]O[Si](C)(CCC(F)(F)F)CCC(F)(F)C(F)(F)C(F)(F)C(F)(F)C(F)(F)C(F)(F)C(F)(F)C(F)(F)CC[Si][*](C)CCC(F)(F)F,245.14999999999998,train
698ddbe96c00d07d5428c1c8,[*]O[Si](C)(CCC(F)(F)F)CCC(F)(F)C(F)(F)C(F)(F)C(F)(F)CC[Si][*](C)CCC(F)(F)F,248.14999999999998,train
698ddbe96c00d07d5428c1c9,[*]O[Si](C)(CCC(F)(F)F)CCC(F)(F)CC[Si][*](C)CCC(F)(F)F,235.14999999999998,train
698ddbe96c00d07d5428c1ca,[*]O[Si](C)(CCC(F)(F)F)CCC(F)(F)C(F)(F)CC[Si][*](C)CCC(F)(F)F,246.14999999999998,train
698ddbe96c00d07d5428c1cb,[*]O[Si][*](C)C,150.14999999999998,test
698ddbe96c00d07d5428c1cc,[*]O[Si][*](C)C,150.14999999999998,train
698ddbe96c00d07d5428c1cd,[*]O[Si][*](C)c1c(F)c(F)c(F)c(F)c1F,248.14999999999998,test
698ddbe96c00d07d5428c1ce,[*]O[Si][*](C)CCC(F)(F)F,204.14999999999998,train
698ddbe96c00d07d5428c1cf,[*]O[Si](C)(Oc1ccc[*]cc1)c1ccccc1,368.15,val
698ddbe96c00d07d5428c1d0,[*]O[Si](C)(Oc1ccc(C(C)(C)c2ccc[*]cc2)cc1)c1ccccc1,331.15,train
698ddbe96c00d07d5428c1d1,[*]O[Si](C)(C)Oc1ccc[*]cc1,363.15,train
698ddbe96c00d07d5428c1d2,[*]O[Si](C)(C)c1c(F)c(F)c(F)c([Si][*](C)C)c1F,244.64999999999998,train
698ddbe96c00d07d5428c1d3,[*]O[Si](C)(C)O[Si](C)(C)O[Si](C)(C)O[Si](C)(c1ccccc1)c1cccc([Si][*](C)c2ccccc2)c1,231.14999999999998,train
698ddbe96c00d07d5428c1d4,[*]O[Si](C)(C)O[Si](C)(C)c1c(F)c(F)c(F)c([Si][*](C)C)c1F,212.14999999999998,train
698ddbe96c00d07d5428c1d5,[*]O[Si](C)(C)c1cccc(C(F)(F)C(F)(F)c2cccc([Si][*](C)C)c2)c1,271.15,train
698ddbe96c00d07d5428c1d6,[*]O[Si](C)(C)c1cccc(C(F)(F)C(F)(F)C(F)(F)c2cccc([Si][*](C)C)c2)c1,265.15,train
698ddbe96c00d07d5428c1d7,[*]O[Si](C)(C)O[Si](C)(C)c1ccc([Si][*](C)C)cc1,210.64999999999998,train
698ddbe96c00d07d5428c1d8,[*]O[Si](C)(C)O[Si](C)(C)O[Si](C)(C)O[Si](C)(C)O[Si](C)(C)c1ccc([Si][*](C)C)cc1,193.14999999999998,val
698ddbe96c00d07d5428c1d9,[*]O[Si](C)(C)O[Si](C)(C)O[Si](C)(C)O[Si](C)(C)c1cccc([Si][*](C)C)c1,198.14999999999998,train
698ddbe96c00d07d5428c1da,[*]O[Si](C)(C)O[Si](C)(C)O[Si](C)(C)O[Si](C)(C)c1ccc([Si][*](C)C)cc1,201.14999999999998,train
698ddbe96c00d07d5428c1db,[*]O[Si](C)(C)O[Si](C)(C)O[Si](C)(C)c1ccc([Si][*](C)C)cc1,211.14999999999998,val
698ddbe96c00d07d5428c1dc,[*]O[Si](O[Si](C)(C)c1ccc([Si][*](C)C)cc1)(c1ccccc1)c1ccccc1,273.15,train
698ddbe96c00d07d5428c1dd,[*]O[Si](C)(C)c1ccc([Si][*](C)C)cc1,255.14999999999998,train
698ddbe96c00d07d5428c1de,[*]O[Si][*](C)CCC,153.14999999999998,train
698ddbe96c00d07d5428c1df,[*]O[Si][*](C)CCCCCCCC,181.14999999999998,train
698ddbe96c00d07d5428c1e0,[*]O[SiH][*]C,269.76,train
698ddbe96c00d07d5428c1e1,[*]O[Si][*](C)CC,140.14999999999998,train
698ddbe96c00d07d5428c1e2,[*]C/C=C/C[Si][*](C)C,215.64999999999998,train
698ddbe96c00d07d5428c1e3,[*]C/C=C/C[Si][*](C)c1ccccc1,272.15,val
698ddbe96c00d07d5428c1e4,[*]C/C=C/C[Si][*](CCCOc1ccccc1)c1ccccc1,268.15,train
698ddbe96c00d07d5428c1e5,[*]C/C=C/C[Si][*](C)CCCOc1ccc2ccccc2c1,272.15,val
698ddbe96c00d07d5428c1e6,[*]C/C=C/C[Si][*](C)CCCOc1ccc(-c2ccccc2)cc1,283.15,val
698ddbe96c00d07d5428c1e7,[*]C/C=C/C[Si][*](C)CCCOc1ccccc1,243.14999999999998,train
698ddbe96c00d07d5428c1e8,[*]O[Si][*](C)CCCCOc1ccc(-c2ccc(C#N)cc2)cc1,295.65,train
698ddbe96c00d07d5428c1e9,[*]O[Si][*](C)CCCCCCCCOc1ccc(C(=O)Oc2ccc(C#N)cc2C)cc1,278.65,train
698ddbe96c00d07d5428c1ea,[*]C[Si][*](C)CCCCCC,195.54999999999998,train
698ddbe96c00d07d5428c1eb,[*]O[Si][*](C)CCCCCC,162.29999999999998,train
698ddbe96c00d07d5428c1ec,[*]C[Si][*](C)CCCN(CC)CC,241.39999999999998,test
698ddbe96c00d07d5428c1ed,[*]C[Si][*](C)CCCn1c2ccccc2c2ccccc21,344.34999999999997,train
698ddbe96c00d07d5428c1ee,[*]O[Si][*](C)CCCn1c2ccccc2c2ccccc21,328.59999999999997,test
698ddbe96c00d07d5428c1ef,[*]C[Si][*](C)CCCOCCOCCOC,199.84999999999997,train
698ddbe96c00d07d5428c1f0,[*]O[Si][*](C)CCCOCCOCCOC,183.04999999999998,train
698ddbe96c00d07d5428c1f1,[*]C[Si][*](CCC)CCC,232.14999999999998,test
698ddbe96c00d07d5428c1f2,[*]C[Si][*](CCCC)CCCC,243.14999999999998,train
698ddbe96c00d07d5428c1f3,[*]C[Si][*](CCCCC)CCCCC,218.14999999999998,train
698ddbe96c00d07d5428c1f4,[*]C[Si][*](CCCCCC)CCCCCC,217.14999999999998,train
698ddbe96c00d07d5428c1f5,[*]N=P[*](OC)OC,206.34999999999997,train
698ddbe96c00d07d5428c1f6,[*]N=P[*](OCC)OCC,189.14999999999998,val
698ddbe96c00d07d5428c1f7,[*]N=P[*](OCCC)OCCC,189.14999999999998,train
698ddbe96c00d07d5428c1f8,[*]N=P[*](OCCCC)OCCCC,168.14999999999998,train
698ddbe96c00d07d5428c1f9,[*]N=P[*](OCCC)OCCCCC,173.14999999999998,test
698ddbe96c00d07d5428c1fa,[*]N=P[*](OCCCCC)OCCCCC,169.14999999999998,val
698ddbe96c00d07d5428c1fb,[*]N=P[*](OCCCCCC)OCCCCCC,169.14999999999998,test
698ddbe96c00d07d5428c1fc,[*]N=P[*](OCCCCCCC)OCCCCCCC,179.14999999999998,train
698ddbe96c00d07d5428c1fd,[*]N=P[*](OCCCCCCCC)OCCCCCCCC,189.14999999999998,train
698ddbe96c00d07d5428c1fe,[*]N=P[*](OCCCCCCCCC)OCCCCCCCCC,217.14999999999998,train
698ddbe96c00d07d5428c1ff,[*]N=P[*](OCCCCCCCCCC)OCCCCCCCCCC,229.14999999999998,train
698ddbe96c00d07d5428c200,[*]N=P[*](Oc1ccccc1)Oc1ccccc1,265.15,train
698ddbe96c00d07d5428c201,[*]N=P[*](Oc1ccc(-c2ccccc2)cc1)Oc1ccc(-c2ccccc2)cc1,358.15,test
698ddbe96c00d07d5428c202,[*]N=P[*](OCc1ccccc1)OCc1ccccc1,241.74999999999997,test
698ddbe96c00d07d5428c203,[*]N=P[*](OCc1ccc(-c2ccccc2)cc1)OCc1ccc(-c2ccccc2)cc1,333.15,train
698ddbe96c00d07d5428c204,[*]N=P[*](OCCc1ccccc1)OCCc1ccccc1,240.45,test
698ddbe96c00d07d5428c205,[*]N=P[*](OCCCc1ccccc1)OCCCc1ccccc1,226.14999999999998,test
698ddbe96c00d07d5428c206,[*]N=P[*](OCC(F)(F)F)OCC(F)(F)F,207.14999999999998,train
698ddbe96c00d07d5428c207,[*]N=P[*](OCC(F)(F)C(F)(F)F)OCC(F)(F)C(F)(F)F,220.64999999999998,train
698ddbe96c00d07d5428c208,[*]N=P[*](OCC(F)(F)C(F)(F)C(F)(F)C(F)(F)C(F)(F)C(F)(F)C(F)(F)F)OCC(F)(F)C(F)(F)C(F)(F)C(F)(F)C(F)(F)C(F)(F)C(F)(F)F,233.14999999999998,train
698ddbe96c00d07d5428c209,[*]N=P[*](Oc1ccc(F)cc1)Oc1ccc(F)cc1,269.15,val
698ddbe96c00d07d5428c20a,[*]N=P[*](Oc1cccc(C(F)(F)F)c1)Oc1cccc(C(F)(F)F)c1,238.14999999999998,train
698ddbe96c00d07d5428c20b,[*]N=P[*](OCc1ccc(Br)cc1)OCc1ccc(Br)cc1,272.34999999999997,train
698ddbe96c00d07d5428c20c,[*]N=P[*](OCCOC)OCCOC,195.14999999999998,train
698ddbe96c00d07d5428c20d,[*]N=P[*](OCCOCCOC)OCCOCCOC,192.14999999999998,train
698ddbe96c00d07d5428c20e,[*]N=P[*](OCCOCCOCC)OCCOCCOCC,195.14999999999998,train
698ddbe96c00d07d5428c20f,[*]N=P[*](OCCOCCOCCCC)OCCOCCOCCCC,189.14999999999998,val
698ddbe96c00d07d5428c210,[*]N=P[*](NCC)NCC,303.15,train
698ddbe96c00d07d5428c211,[*]N=P[*](N(C)C)N(C)C,269.15,train
698ddbe96c00d07d5428c212,[*]N=P[*](N1CCCCC1)N1CCCCC1,292.15,test
698ddbe96c00d07d5428c213,[*]N=P[*](Nc1ccccc1)Nc1ccccc1,376.59999999999997,train
698ddbe96c00d07d5428c214,[*]N=P[*](Cl)Cl,210.14999999999998,test
698ddbe96c00d07d5428c215,[*]N=P[*](Oc1ccc(Cl)cc1)Oc1ccc(Cl)cc1,277.15,train
698ddbe96c00d07d5428c216,[*]N=P[*](Oc1ccc(Cl)cc1Cl)Oc1ccc(Cl)cc1Cl,275.15,val
698ddbe96c00d07d5428c217,[*]N=P[*](Oc1ccc(C)c(C)c1)Oc1ccc(C)c(C)c1,271.65,train
698ddbe96c00d07d5428c218,[*]N=P[*](Oc1ccc(C(C)C)cc1)Oc1ccc(C(C)C)cc1,273.15,train
698ddbe96c00d07d5428c219,[*]N=P[*](Oc1ccc(C)cc1)Oc1ccc(C)cc1,278.15,train
698ddbe96c00d07d5428c21a,[*]N=P[*](C)C,231.14999999999998,train
698ddbe96c00d07d5428c21b,[*]N=P[*](Oc1ccc2ccccc2c1)Oc1ccc2ccccc2c1,320.15,test
698ddbe96c00d07d5428c21c,[*]N=P[*](Oc1cccc(C)c1)Oc1cccc(C)c1,248.14999999999998,val
698ddbe96c00d07d5428c21d,[*]=NP(Cl)(Cl)=NP(Cl)(Cl)=NC(=[*])Cl,252.14999999999998,test
698ddbe96c00d07d5428c21e,[*]N=P1[*]Oc2ccccc2-c2ccccc2O1,433.15,train
698ddbe96c00d07d5428c21f,[*]CCC[*]=O,288.15,train
698ddbe96c00d07d5428c220,[*]Oc1ccc(C(=O)c2ccc[*]cc2)cc1,427.15,train
698ddbe96c00d07d5428c221,[*]OS(=O)(=O)c1cccc(C(=O)c2cccc(S(=O)(=O)Oc3ccc(C(C)(C)c4ccc[*]cc4)cc3)c2)c1,395.15,val
698ddbe96c00d07d5428c222,[*]OS(=O)(=O)c1cccc(S(=O)(=O)Oc2ccc(C(C)(C)c3ccc[*]cc3)cc2)c1,397.15,train
698ddbe96c00d07d5428c223,[*]C1CCCCC1S[*](=O)=O,350.15,train
698ddbe96c00d07d5428c224,[*]C1CCCC(S[*](=O)=O)C1,381.15,test
698ddbe96c00d07d5428c225,[*]OS(=O)(=O)c1ccc[*]cc1,392.15,train
698ddbe96c00d07d5428c226,[*]CC(C)(C)CS[*](=O)=O,381.65,val
698ddbe96c00d07d5428c227,[*]c1ccc(Cc2ccc(S[*](=O)=O)cc2)cc1,500.65,train
698ddbe96c00d07d5428c228,[*]c1ccc[*]cc1,564.65,test
698ddbe96c00d07d5428c229,[*]c1ccc(C[*]C)cc1,366.15,train
698ddbe96c00d07d5428c22a,[*]CCc1ccc[*]cc1,338.15,val
698ddbe96c00d07d5428c22b,[*]CCc1cccc[*]c1,282.15,test
698ddbe96c00d07d5428c22c,[*]CCc1ccc[*]c(C)c1,330.65,train
698ddbe96c00d07d5428c22d,[*]CCc1ccc[*]c(CC)c1,298.15,train
698ddbe96c00d07d5428c22e,[*]CCc1cc(C)c[*]cc1C,373.15,train
698ddbe96c00d07d5428c22f,[*]CCCc1ccc(-c2c(-c3ccccc3)cc(-c3ccc(-c4cc(-c5ccccc5)c(-c5ccc[*]cc5)c(-c5ccccc5)c4-c4ccccc4)cc3)c(-c3ccccc3)c2-c2ccccc2)cc1,563.15,test
698ddbe96c00d07d5428c230,[*]CCCc1ccc(-c2c(-c3ccccc3)cc(-c3cccc(-c4cc(-c5ccccc5)c(-c5ccc[*]cc5)c(-c5ccccc5)c4-c4ccccc4)c3)c(-c3ccccc3)c2-c2ccccc2)cc1,513.15,train
698ddbe96c00d07d5428c231,[*]CCCCc1ccc(-c2c(-c3ccccc3)cc(-c3ccc(-c4cc(-c5ccccc5)c(-c5ccc[*]cc5)c(-c5ccccc5)c4-c4ccccc4)cc3)c(-c3ccccc3)c2-c2ccccc2)cc1,478.15,test
698ddbe96c00d07d5428c232,[*]CCCCc1ccc(-c2c(-c3ccccc3)cc(-c3cccc(-c4cc(-c5ccccc5)c(-c5ccc[*]cc5)c(-c5ccccc5)c4-c4ccccc4)c3)c(-c3ccccc3)c2-c2ccccc2)cc1,453.15,val
698ddbe96c00d07d5428c233,[*]CCCCCCc1ccc(-c2c(-c3ccccc3)cc(-c3ccc(-c4cc(-c5ccccc5)c(-c5ccc[*]cc5)c(-c5ccccc5)c4-c4ccccc4)cc3)c(-c3ccccc3)c2-c2ccccc2)cc1,523.15,test
698ddbe96c00d07d5428c234,[*]CCCCCCc1ccc(-c2c(-c3ccccc3)cc(-c3cccc(-c4cc(-c5ccccc5)c(-c5ccc[*]cc5)c(-c5ccccc5)c4-c4ccccc4)c3)c(-c3ccccc3)c2-c2ccccc2)cc1,488.15,train
698ddbe96c00d07d5428c235,[*]CCCCCCCCCCc1ccc(-c2c(-c3ccccc3)cc(-c3ccc(-c4cc(-c5ccccc5)c(-c5ccc[*]cc5)c(-c5ccccc5)c4-c4ccccc4)cc3)c(-c3ccccc3)c2-c2ccccc2)cc1,508.15,train
698ddbe96c00d07d5428c236,[*]CCCCCCCCCCCCCCc1ccc(-c2c(-c3ccccc3)cc(-c3ccc(-c4cc(-c5ccccc5)c(-c5ccc[*]cc5)c(-c5ccccc5)c4-c4ccccc4)cc3)c(-c3ccccc3)c2-c2ccccc2)cc1,458.15,train
698ddbe96c00d07d5428c237,[*]CCCCCCCCCCCCCCc1ccc(-c2c(-c3ccccc3)cc(-c3cccc(-c4cc(-c5ccccc5)c(-c5ccc[*]cc5)c(-c5ccccc5)c4-c4ccccc4)c3)c(-c3ccccc3)c2-c2ccccc2)cc1,433.15,train
698ddbe96c00d07d5428c238,[*]CCc1ccc[*]c(C#N)c1,363.15,train
698ddbe96c00d07d5428c239,[*]CCc1ccc[*]c(Cl)c1,348.15,train
698ddbe96c00d07d5428c23a,[*]CCc1ccc[*]c(Br)c1,353.15,train
698ddbe96c00d07d5428c23b,[*]CCc1ccc[*]c2ccccc12,433.15,train
698ddbe96c00d07d5428c23c,[*]c1cccc[*]c1,378.08,train
698ddbe96c00d07d5428c23d,[*]/C=C/c1ccc[*]cc1,513.15,test
698ddbe96c00d07d5428c23e,[*]c1ccc(C(F)(F)C[*](F)F)cc1,350.09999999999997,val
698ddbe96c00d07d5428c23f,[*]c1cccc(-c2cccc(C(F)(F)C(F)(F)C[*](F)F)c2)c1,318.15,train
698ddbe96c00d07d5428c240,[*]c1ccc(C(Cl)(Cl)C[*]Cl)cc1,433.15,train
698ddbe96c00d07d5428c241,[*]c1cccc(C(F)(F)C(F)(F)C[*](F)F)c1,302.15,test
698ddbe96c00d07d5428c242,[*]CCCCCCCCCCc1ccc(-c2c(-c3ccccc3)cc(-c3cccc(-c4cc(-c5ccccc5)c(-c5ccc[*]cc5)c(-c5ccccc5)c4-c4ccccc4)c3)c(-c3ccccc3)c2-c2ccccc2)cc1,453.15,train
698ddbe96c00d07d5428c243,[*]CCc1cc(Cl)c[*]c(Cl)c1,383.15,test
698ddbe96c00d07d5428c244,[*]C1c2cccc3cccc(c23)C1[*],523.15,train
698ddbe96c00d07d5428c245,[*]CCC(C)(C)C[*](C)C,360.15,train
698ddbe96c00d07d5428c246,[*]C([2H])([2H])C[*]([2H])C([2H])([2H])[2H],273.15,train
698ddbe96c00d07d5428c247,[*]CCC1CC[*]C2CCCC12,374.15,train
698ddbe96c00d07d5428c248,[*]CCCC[*]C,220.54999999999998,test
698ddbe96c00d07d5428c249,[*]CC[*]C1CCCCC1C,459.15,val
698ddbe96c00d07d5428c24a,[*]CC[*]C1CCC(C(C)(C)C)CC1,404.15,train
698ddbe96c00d07d5428c24b,[*]CCCCCC[*]C,207.14999999999998,train
698ddbe96c00d07d5428c24c,[*]CCCCCC[*]CC,200.14999999999998,train
698ddbe96c00d07d5428c24d,[*]CCCCCC[*]CCC,205.14999999999998,train
698ddbe96c00d07d5428c24e,[*]CCCCCC[*]CCCC,204.14999999999998,val
698ddbe96c00d07d5428c24f,[*]CCCCCC[*]CCCCCC,197.14999999999998,test
698ddbe96c00d07d5428c250,[*]CCCCCC[*]CCCCCCCC,201.14999999999998,test
698ddbe96c00d07d5428c251,[*]CCCCCC[*]CCCCCCCCCC,208.14999999999998,train
698ddbe96c00d07d5428c252,[*]CC[*]CCCCCCCCCCCCCCCCCC,185.14999999999998,train
698ddbe96c00d07d5428c253,[*]C1CCC[*]C1,338.25,train
698ddbe96c00d07d5428c254,[*]C1C2CCC(C2)C1[*],513.15,test
698ddbe96c00d07d5428c255,[*]CCC([2H])C[*]([2H])C,225.64999999999998,train
698ddbe96c00d07d5428c256,[*]C1C2CC(C)C(C2)C1[*],623.15,test
698ddbe96c00d07d5428c257,[*]C1CC2CC1C[*]C2CCCC,508.15,train
698ddbe96c00d07d5428c258,[*]C1CC2CC1C[*]C2CCCCCC,525.15,test
698ddbe96c00d07d5428c259,[*]CCC1CC[*]C2C3CC(CC)C(C3)C12,411.15,train
698ddbe96c00d07d5428c25a,[*]CCC1CC[*]C2C3CCC(C3)C12,437.15,train
698ddbe96c00d07d5428c25b,[*]CC[*]c1ccc(C(=O)OCCN(CC)CC)cc1,347.15,train
698ddbe96c00d07d5428c25c,[*]CC[*]c1ccc(/C(Cc2ccccc2)=N/O)cc1,384.15,train
698ddbe96c00d07d5428c25d,[*]CC[*]c1ccccc1COCCCCCCCC,286.15,train
698ddbe96c00d07d5428c25e,[*]CC[*]c1ccc(C(O)C(F)(F)F)cc1,383.15,train
698ddbe96c00d07d5428c25f,[*]CC[*](C)c1ccc2ccccc2n1,466.15,test
698ddbe96c00d07d5428c260,[*]CC[*]c1ccc([Si](C)(C)OC(C)C)cc1,453.15,test
698ddbe96c00d07d5428c261,[*]CC[*]c1cccc(OC(C)=O)c1,349.15,train
698ddbe96c00d07d5428c262,[*]CC[*]c1cccc(NC(C)=O)c1,436.15,val
698ddbe96c00d07d5428c263,[*]CC[*](C)c1ccc2ccccc2c1,481.15,train
698ddbe96c00d07d5428c264,[*]CC[*]c1ccc(C([Sn](C)(C)C)[Sn](C)(C)C)cc1,413.15,train
698ddbe96c00d07d5428c265,[*]CC[*]c1ccc(C([Si](C)(C)C)[Si](C)(C)C)cc1,429.15,train
698ddbe96c00d07d5428c266,[*]CC[*]c1ccc(C[Si](C)(C)C)cc1,355.15,train
698ddbe96c00d07d5428c267,[*]CC[*]c1c([2H])c([2H])c([2H])c([2H])c1[2H],373.15,train
698ddbe96c00d07d5428c268,[*]CC(CC[*](C#N)C#N)c1ccc(OC(C)=O)cc1,453.15,train
698ddbe96c00d07d5428c269,[*]CC(CC[*](C#N)C#N)c1ccc(F)cc1,453.15,train
698ddbe96c00d07d5428c26a,[*]CC(CC[*](C#N)C#N)c1ccc(Cl)cc1,453.15,val
698ddbe96c00d07d5428c26b,[*]CC(CC[*](C#N)C#N)c1ccc(CCl)cc1,453.15,val
698ddbe96c00d07d5428c26c,[*]CC[*]c1ccc(COCCC(F)(F)C(F)(F)C(F)(F)C(F)(F)F)cc1,286.15,val
698ddbe96c00d07d5428c26d,[*]CC[*]c1ccc(COCCC(F)(F)C(F)(F)C(F)(F)C(F)(F)C(F)(F)C(F)(F)C(F)(F)C(F)(F)F)cc1,328.15,test
698ddbe96c00d07d5428c26e,[*]CC[*]c1ccc([Si](C)(C)O[Si](C)(C)C)cc1,308.65,train
698ddbe96c00d07d5428c26f,[*]CC[*]c1ccccc1O,445.15,train
698ddbe96c00d07d5428c270,[*]CC[*]c1cccc(O)c1,442.15,train
698ddbe96c00d07d5428c271,[*]CC[*]c1cc(OC)c(OC(C)=O)c(OC)c1,420.15,train
698ddbe96c00d07d5428c272,[*]CC[*]c1cc(OC)c(O)c(OC)c1,420.15,test
698ddbe96c00d07d5428c273,[*]CC[*]c1ccc(COc2ccc(-c3ccc(C#N)cc3)cc2)cc1,405.15,train
698ddbe96c00d07d5428c274,[*]CC[*]c1ccc(Cl)c([N+](=O)[O-])c1,406.04999999999995,train
698ddbe96c00d07d5428c275,[*]CC[*]c1ccccc1Br,422.15,train
698ddbe96c00d07d5428c276,[*]C(c1ccc(N(C)C)cc1)C[*]c1ccc([N+](=O)[O-])cc1,412.15,val
698ddbe96c00d07d5428c277,[*]CCCCC(c1ccc(O)cc1)C[*]c1ccc(O)cc1C,298.15,train
698ddbe96c00d07d5428c278,[*]CCCCCC(c1ccc(O)cc1)C[*]c1ccc(O)cc1C,289.15,test
698ddbe96c00d07d5428c279,[*]CCCCCCC(c1ccc(O)cc1)C[*]c1ccc(O)cc1C,291.15,val
698ddbe96c00d07d5428c27a,[*]CCCCCCCC(c1ccc(O)cc1)C[*]c1ccc(O)cc1C,277.15,train
698ddbe96c00d07d5428c27b,[*]CCCCCCCCC(c1ccc(O)cc1)C[*]c1ccc(O)cc1C,261.15,train
698ddbe96c00d07d5428c27c,[*]CCCCCCCCCC(c1ccc(O)cc1)C[*]c1ccc(O)cc1C,272.15,train
698ddbe96c00d07d5428c27d,[*]CCCCCCCCCCC(c1ccc(O)cc1)C[*]c1ccc(O)cc1C,269.15,train
698ddbe96c00d07d5428c27e,[*]CCCCCCCCCCCC(c1ccc(O)cc1)C[*]c1ccc(O)cc1C,277.15,train
698ddbe96c00d07d5428c27f,[*]CCCCCCCCCCCCC(c1ccc(O)cc1)C[*]c1ccc(O)cc1C,272.15,train
698ddbe96c00d07d5428c280,[*]CC[*]c1cccc(Br)c1,375.15,train
698ddbe96c00d07d5428c281,[*]CC[*]c1ccc(OC(C)=O)c(OC)c1,388.15,val
698ddbe96c00d07d5428c282,[*]CC[*]c1ccc(O)c(OC)c1,415.15,train
698ddbe96c00d07d5428c283,[*]CC[*]c1ccc(COCCC(F)(F)C(F)(F)C(F)(F)C(F)(F)C(F)(F)C(F)(F)F)cc1,291.15,train
698ddbe96c00d07d5428c284,[*]CC[*]c1ccc([Si](C)(C)O[Si](C)(C)O[Si](C)(C)C)cc1,246.14999999999998,train
698ddbe96c00d07d5428c285,[*]CC[*]c1ccc([Si](C)(O[Si](C)(C)C)O[Si](C)(C)C)cc1,327.15,train
698ddbe96c00d07d5428c286,[*]CC[*]c1ccc([Si](O[Si](C)(C)C)(O[Si](C)(C)C)O[Si](C)(C)C)cc1,387.15,train
698ddbe96c00d07d5428c287,[*]CC[*]c1ccc(CCl)cc1,386.65,train
698ddbe96c00d07d5428c288,[*]CC[*]c1ccc(OP2(OCCOCCOCCOC)=NP(OCCOCCOCCOC)(OCCOCCOCCOC)=NP(OCCOCCOCCOC)(OCCOCCOCCOC)=N2)cc1,227.14999999999998,train
698ddbe96c00d07d5428c289,[*]CC[*](C)c1ccc(C(O)C(F)(F)F)cc1,472.15,train
698ddbe96c00d07d5428c28a,[*]CC[*]c1ccc([Si](C)(C)O)cc1,420.15,train
698ddbe96c00d07d5428c28b,[*]CC[*]c1ccccc1OC(C)=O,391.15,test
698ddbe96c00d07d5428c28c,[*]CC[*]c1ccc([SiH](C)C)cc1,378.15,train
698ddbe96c00d07d5428c28d,[*]CC[*]c1ccc(Cn2c3ccccc3c3ccccc32)cc1,439.15,train
698ddbe96c00d07d5428c28e,[*]CCC(c1ccccc1)C[*]c1ccccc1,377.45,train
698ddbe96c00d07d5428c28f,[*]CC[*]c1cc(C(=O)Oc2ccc(OC)cc2)ccc1C(=O)Oc1ccc(OC)cc1,388.15,test
698ddbe96c00d07d5428c290,[*]CC[*]c1c(F)c(F)c(OCC(F)(F)C(F)(F)F)c(F)c1F,334.15,train
698ddbe96c00d07d5428c291,[*]CC[*]c1c(F)c(F)c(OCC(F)(F)C(F)(F)C(F)(F)C(F)(F)C(F)(F)C(F)(F)C(F)(F)F)c(F)c1F,294.15,val
698ddbe96c00d07d5428c292,[*]CC[*]c1c(F)c(F)c(OC)c(F)c1F,367.15,train
698ddbe96c00d07d5428c293,[*]CCC1CC[*]C2C3CC(c4ccc(COC(C)CC)cc4)C(C3)C12,412.15,train
698ddbe96c00d07d5428c294,[*]CC[*]c1ccc(OCCOCCOC(C)=O)cc1,270.15,val
698ddbe96c00d07d5428c295,[*]CC[*]c1cc(C(=O)Oc2ccc(OCCCC)cc2)ccc1C(=O)Oc1ccc(OCCCC)cc1,376.75,train
698ddbe96c00d07d5428c296,[*]CC[*](C)c1nc(N(CCOCCOCCOC)CCOCCOCCOC)nc(N(CCOCCOCCOC)c2ccccc2)n1,198.14999999999998,train
698ddbe96c00d07d5428c297,[*]CC[*]c1ccc(B(Oc2ccc(B3OC(C)(C)C(C)(C)O3)c3cccnc23)c2ccc(C(C)(C)C)cc2)cc1,548.15,train
698ddbe96c00d07d5428c298,[*]CC[*]c1ccc(B(Oc2ccc(-c3c(F)c(F)c(F)c(F)c3F)c3cccnc23)c2ccc(C(C)(C)C)cc2)cc1,518.15,train
698ddbe96c00d07d5428c299,[*]CC[*]c1ccc(B(Oc2cccc3cccnc23)c2ccc(C(C)(C)C)cc2)cc1,513.15,test
698ddbe96c00d07d5428c29a,[*]CC[*]c1ccc(B(Oc2ccc(Cl)c3cccnc23)c2ccc(C(C)(C)C)cc2)cc1,511.15,train
698ddbe96c00d07d5428c29b,[*]CC[*]c1ccc(B(Oc2ccc(-c3ccc(OC)cc3)c3cccnc23)c2ccc(C(C)(C)C)cc2)cc1,493.15,test
698ddbe96c00d07d5428c29c,[*]CC[*]c1ccc(B(Oc2ccc(-c3ccc(N(C)C)cc3)c3cccnc23)c2ccc(C(C)(C)C)cc2)cc1,503.15,train
698ddbe96c00d07d5428c29d,[*]CC[*]c1ccc(N(c2ccccc2)c2ccccc2)cc1,396.65,train
698ddbe96c00d07d5428c29e,[*]CCC[*](C)c1ccccc1,366.15,train
698ddbe96c00d07d5428c29f,[*]CC[*]c1ccc(-c2ccc3c(c2)C(CCCCCC)(CCCCCC)c2ccccc2-3)cc1,354.4,train
698ddbe96c00d07d5428c2a0,[*]CC[*]c1ccc(-c2ccc3c(c2)C(CCCCCC)(CCCCCC)c2cc(-c4ccc5c(c4)C(CCCCCC)(CCCCCC)c4ccccc4-5)ccc2-3)cc1,351.75,train
698ddbe96c00d07d5428c2a1,[*]CC[*]c1cc[n+](CCCCCCCC)cc1,479.34999999999997,train
698ddbe96c00d07d5428c2a2,[*]CC[*]c1cc(-c2ccc(C(=O)OC(C)CC)cc2)ccc1-c1ccc(C(=O)OC(C)CC)cc1,485.65,train
698ddbe96c00d07d5428c2a3,[*]CC[*]c1cc(-c2ccc(C(=O)OC(C)CCCCCC)cc2)ccc1-c1ccc(C(=O)OC(C)CCCCCC)cc1,375.15,val
698ddbe96c00d07d5428c2a4,[*]CC[*]c1cc(-c2ccc(C(=O)OC3CC(C)CCC3C(C)C)cc2)ccc1-c1ccc(C(=O)OC2CC(C)CCC2C(C)C)cc1,490.65,train
698ddbe96c00d07d5428c2a5,[*]CC[*]c1ccc(COCC(F)(F)C(F)(F)C(F)(F)C(F)(F)F)cc1,296.15,train
698ddbe96c00d07d5428c2a6,[*]CC[*]c1ccc(CCC(F)(F)C(F)(F)C(F)(F)C(F)(F)F)cc1,296.15,train
698ddbe96c00d07d5428c2a7,[*]CC[*]c1cccc(N(c2ccc(C)cc2)c2ccc(C)cc2)c1,399.65,test
698ddbe96c00d07d5428c2a8,[*]CC[*]c1ccc(-c2cccc3nsnc23)cc1,423.15,train
698ddbe96c00d07d5428c2a9,[*]CC[*]c1ccc(COc2ccc(-c3ccc(-c4ccc(C)cc4)c4nsnc34)cc2)cc1,390.15,train
698ddbe96c00d07d5428c2aa,[*]CC[*]c1ccc(COc2ccc(-c3ccc(-c4ccc(C)s4)c4nsnc34)cc2)cc1,403.15,train
698ddbe96c00d07d5428c2ab,[*]CC[*]c1ccc(COc2ccc(-c3ccc(-c4ccc(-c5ccc(CCCCCC)s5)s4)c4nsnc34)cc2)cc1,395.15,train
698ddbe96c00d07d5428c2ac,[*]CC[*]c1cc(C(=O)OC)ccc1-c1ccc(OCCCCCCCC)cc1,399.15,val
698ddbe96c00d07d5428c2ad,[*]CC[*]c1cc(C(=O)OCC)ccc1-c1ccc(OCCCCCCCC)cc1,368.15,train
698ddbe96c00d07d5428c2ae,[*]CC[*]c1cc(C(=O)OCCCC)ccc1-c1ccc(OCCCCCCCC)cc1,347.15,test
698ddbe96c00d07d5428c2af,[*]CC[*]c1cc(C(=O)OCCCCCC)ccc1-c1ccc(OCCCCCCCC)cc1,337.15,train
698ddbe96c00d07d5428c2b0,[*]CC[*]c1cc(C(=O)OCCCCCCCC)ccc1-c1ccc(OCCCCCCCC)cc1,330.15,train
698ddbe96c00d07d5428c2b1,[*]CC[*]c1cc(C(=O)OCCCCCCCCCC)ccc1-c1ccc(OCCCCCCCC)cc1,317.15,train
698ddbe96c00d07d5428c2b2,[*]CC[*]c1cc(C(=O)OCCCCCCCCCCCC)ccc1-c1ccc(OCCCCCCCC)cc1,315.15,train
698ddbe96c00d07d5428c2b3,[*]CC[*]c1c(F)c(F)c(P(=O)(O)O)c(F)c1F,603.15,val
698ddbe96c00d07d5428c2b4,[*]CC[*]c1c(F)c(F)c(C(F)(F)F)c(F)c1F,385.15,train
698ddbe96c00d07d5428c2b5,[*]CC[*]c1ccccc1C(F)(F)F,438.15,train
698ddbe96c00d07d5428c2b6,[*]CC[*]c1cc(C(F)(F)F)cc(C(F)(F)F)c1,389.15,train
698ddbe96c00d07d5428c2b7,[*]CC[*]c1ccccc1,373.04999999999995,train
698ddbe96c00d07d5428c2b8,[*]CC[*]c1ccccc1,373.04999999999995,train
698ddbe96c00d07d5428c2b9,[*]CC[*]c1ccccn1,378.15,train
698ddbe96c00d07d5428c2ba,[*]CC[*]c1ccccn1,378.15,train
698ddbe96c00d07d5428c2bb,[*]CC[*]OC(=O)C(Cl)(Cl)Cl,332.15,test
698ddbe96c00d07d5428c2bc,[*]CC[*]P(=O)(N(C)C)N(C)C,298.15,train
698ddbe96c00d07d5428c2bd,[*]CC[*]OC(=O)c1nn(C(C)=O)c2ccccc12,423.15,train
698ddbe96c00d07d5428c2be,[*]CC[*][Si](C)(C)C,410.15,train
698ddbe96c00d07d5428c2bf,[*]CC[*]OC(=O)OC([2H])([2H])[2H],328.15,train
698ddbe96c00d07d5428c2c0,[*]CC[*]OC(=O)OCC(Cl)(Cl)Cl,347.15,train
698ddbe96c00d07d5428c2c1,[*]CC[*]OC(=O)OCC(F)(F)F,330.15,train
698ddbe96c00d07d5428c2c2,[*]CC[*]OC(=O)OCCC(F)(F)C(F)(F)C(F)(F)C(F)(F)C(F)(F)C(F)(F)F,310.15,train
698ddbe96c00d07d5428c2c3,[*]/C(CC)=C(/[*])c1ccccc1,473.15,train
698ddbe96c00d07d5428c2c4,[*]/C(CCCCCC)=C(/[*])c1ccccc1,473.15,val
698ddbe96c00d07d5428c2c5,[*]/C(Cl)=C(/[*])c1ccccc1,488.15,train
698ddbe96c00d07d5428c2c6,[*]/C(Cl)=C(/[*])CCCC,463.15,train
698ddbe96c00d07d5428c2c7,[*]/C(Cl)=C(/[*])CCCCCC,423.15,train
698ddbe96c00d07d5428c2c8,[*]/C(Cl)=C(/[*])CCCCCCCC,363.15,train
698ddbe96c00d07d5428c2c9,[*]/C(C)=C(/[*])[Si](C)(C)CCCCCC,473.15,test
698ddbe96c00d07d5428c2ca,[*]/C(C)=C(/[*])[Si](C)(C)C[Si](C)(C)C,473.15,train
698ddbe96c00d07d5428c2cb,[*]/C(C)=C(/[*])[Si](C)(C)CC[Si](C)(C)C,473.15,test
698ddbe96c00d07d5428c2cc,[*]/C=C(/[*])C(CCCCC)[Si](C)(C)C,443.15,train
698ddbe96c00d07d5428c2cd,[*]/C=C(/[*])C(CCCCCCC)[Si](C)(C)C,423.15,test
698ddbe96c00d07d5428c2ce,[*]CC[*]n1c2ccccc2c2cc3ccccc3cc21,526.15,train
698ddbe96c00d07d5428c2cf,[*]CC[*]n1c2ccccc2c2c3ccccc3ccc21,564.65,train
698ddbe96c00d07d5428c2d0,[*]CC[*](CC(=O)O)C(=O)O,414.15,train
698ddbe96c00d07d5428c2d1,[*]CC[*]N1CCCC1=S,353.15,test
698ddbe96c00d07d5428c2d2,[*]/C=C/CC(C[*])c1ccccc1,287.15,test
698ddbe96c00d07d5428c2d3,[*]CC[*][Si](C)(C)Cc1ccccc1,249.14999999999998,test
698ddbe96c00d07d5428c2d4,[*]CC[*]OCCOCCOCCOC,197.14999999999998,val
698ddbe96c00d07d5428c2d5,[*]/C=C/C1CC[*]C([Si](C)(C)C)C1,386.15,train
698ddbe96c00d07d5428c2d6,[*]/C=C/C1CC[*]C([Si](C)(C)C[Si](C)(C)C)C1,297.15,test
698ddbe96c00d07d5428c2d7,[*]/C=C(/[*])c1ccc(-n2c(=O)c3cc4c(=O)n(-c5ccc(C#C)cc5)c(=O)c4cc3c2=O)cc1,693.15,train
698ddbe96c00d07d5428c2d8,[*]/C=C/C1CC[*]C(C(=O)OCCCCCCCCOc2ccc(/C=C/c3ccc([N+](=O)[O-])cc3)cc2)C1,324.15,test
698ddbe96c00d07d5428c2d9,[*]/C=C/C(C[*])COCC(=O)OCCCCCCCCOc1ccc(/C=C/c2ccc([N+](=O)[O-])cc2)cc1,296.15,train
698ddbe96c00d07d5428c2da,[*]/C=C/CC(C[*])(C(=O)OC12CC3CC(CC(C3)C1)C2)C(=O)OC12CC3CC(CC(C3)C1)C2,307.15,train
698ddbe96c00d07d5428c2db,[*]CC[*]OCCCCCCCCCCCOc1ccc(C(=O)Oc2ccc(C#N)cc2)cc1,310.15,train
698ddbe96c00d07d5428c2dc,[*]CC[*]OCCCCCCCCCCCOc1ccc(C(=O)Oc2ccc(OCC)cc2)cc1,310.15,train
698ddbe96c00d07d5428c2dd,[*]/C=C/C(C)C[*]C(=O)OC12CC3CC(CC(C3)C1)C2,388.15,test
698ddbe96c00d07d5428c2de,[*]CC[*]NC=O,423.15,train
698ddbe96c00d07d5428c2df,[*]CC[*]c1ccc2c(c1)OCO2,411.15,test
698ddbe96c00d07d5428c2e0,[*]CC[*]c1cccc2c1OCO2,392.15,train
698ddbe96c00d07d5428c2e1,[*]/C=C/C(C(=O)OCc1ccccc1)C[*]C(=O)OCc1ccccc1,294.15,test
698ddbe96c00d07d5428c2e2,[*]/C=C/C(C(=O)OCC)C[*]C(=O)OCC,279.15,train
698ddbe96c00d07d5428c2e3,[*]/C=C/C(COCc1ccccc1)C[*]COCc1ccccc1,269.15,test
698ddbe96c00d07d5428c2e4,[*]CC[*]S(=O)(=O)c1ccccc1,401.15,test
698ddbe96c00d07d5428c2e5,[*]/C=C(/[*])c1ccccc1C(F)(F)F,403.15,train
698ddbe96c00d07d5428c2e6,[*]/C=C(/[*])c1ccccc1[Si](C)(C)C,463.15,train
698ddbe96c00d07d5428c2e7,[*]/C=C(/[*])c1c(C)cc(C(C)(C)C)cc1C,473.15,train
698ddbe96c00d07d5428c2e8,[*]/C=C(/[*])c1ccccc1[Ge](C)(C)C,453.15,train
698ddbe96c00d07d5428c2e9,[*]/C=C(/[*])c1ccccc1C[Si](C)(C)C,443.15,train
698ddbe96c00d07d5428c2ea,[*]/C=C(/[*])c1c(F)c(F)c(CCCC)c(F)c1F,383.15,train
698ddbe96c00d07d5428c2eb,[*]/C(=C(/[*])c1ccc(CCCC)cc1)c1ccccc1,473.15,test
698ddbe96c00d07d5428c2ec,[*]/C(=C(/[*])c1ccc(C(C)(C)C)cc1)c1ccccc1,473.15,train
698ddbe96c00d07d5428c2ed,[*]/C(=C(/[*])c1ccc([Si](C)(C)C)cc1)c1ccccc1,473.15,train
698ddbe96c00d07d5428c2ee,[*]/C(=C(/[*])c1cccc([Si](C)(C)C)c1)c1ccccc1,473.15,train
698ddbe96c00d07d5428c2ef,[*]/C(=C(/[*])c1cccc([Ge](C)(C)C)c1)c1ccccc1,473.15,test
698ddbe96c00d07d5428c2f0,[*]/C(=C(/[*])c1ccc(Oc2ccccc2)cc1)c1ccccc1,473.15,train
698ddbe96c00d07d5428c2f1,[*]/C=C(/[*])C(CCC)[Si](C)(C)CCCCCC,313.15,train
698ddbe96c00d07d5428c2f2,[*]/C=C(/[*])C(CCC)[Si](C)(C)c1ccccc1,383.15,test
698ddbe96c00d07d5428c2f3,[*]/C(C)=C(/[*])SCC,433.15,train
698ddbe96c00d07d5428c2f4,[*]/C(C)=C(/[*])SCCCCCC,383.15,train
698ddbe96c00d07d5428c2f5,[*]/C(C)=C(/[*])SCCCCCCCCCC,333.15,test
698ddbe96c00d07d5428c2f6,[*]CC[*]OCCCCCCCOc1ccc(-c2ccc(C#N)cc2)cc1,286.15,train
698ddbe96c00d07d5428c2f7,[*]/C=C/C1CC[*]C(C(=O)OC)C1,338.15,train
698ddbe96c00d07d5428c2f8,[*]CC[*]OC(=O)/C=C/c1ccccc1,400.15,train
698ddbe96c00d07d5428c2f9,[*]/C=C(/[*])CCCOc1ccc(OC(=O)c2ccc(OC)cc2)cc1,293.15,test
698ddbe96c00d07d5428c2fa,[*]/C=C(/[*])CCCOc1ccc(OC(=O)c2ccc(OCCCC)cc2)cc1,309.15,val
698ddbe96c00d07d5428c2fb,[*]/C=C(/[*])CCCOc1ccc(OC(=O)c2ccc(OCCCCCCCC)cc2)cc1,315.15,train
698ddbe96c00d07d5428c2fc,[*]/C=C/C1CC[*]C(F)(F)C1(F)OC(F)(F)C(F)(F)C(F)(F)F,350.15,train
698ddbe96c00d07d5428c2fd,[*]CC[*]CO,309.15,train
698ddbe96c00d07d5428c2fe,[*]/C=C/C1CC[*]C(C(=O)OCCCCCCCCCCCOc2ccc(-c3ccc(C#N)cc3)cc2)C1C(=O)OCCCCCCCCCCCOc1ccc(-c2ccc(C#N)cc2)cc1,296.25,test
698ddbe96c00d07d5428c2ff,[*]/C=C/C1CC[*]C(C(=O)OCCCCCCOc2ccc(-c3ccc(C#N)cc3)cc2)C1C(=O)OCCCCCCOc1ccc(-c2ccc(C#N)cc2)cc1,328.95,train
698ddbe96c00d07d5428c300,[*]CC[*](CC(=O)OC)C(=O)O,432.15,train
698ddbe96c00d07d5428c301,[*]CC[*](CC(=O)OCC)C(=O)O,408.15,train
698ddbe96c00d07d5428c302,[*]/C=C/C(C)C[*]C(=O)OCCN(C)c1ccc(N(C)C)cc1,293.65,test
698ddbe96c00d07d5428c303,[*]/C=C/C(C)C[*]C(=O)OCCCN(C)c1ccc(N(C)C)cc1,284.65,train
698ddbe96c00d07d5428c304,[*]/C=C/C(C)C[*]C(=O)OCCCCCCN(C)c1ccc(N(C)C)cc1,275.15,test
698ddbe96c00d07d5428c305,[*]CC[*]OCCOc1ccc(/N=N/c2ccc(C#N)cc2)cc1,334.15,train
698ddbe96c00d07d5428c306,[*]CC[*]OCCOc1ccc(/N=N/c2ccc([N+](=O)[O-])cc2)cc1,327.15,test
698ddbe96c00d07d5428c307,[*]CC[*]OCCOc1ccc(C=C(C#N)C#N)cc1,311.15,test
698ddbe96c00d07d5428c308,[*]CC[*]OCCOc1ccc(/C=C(\C#N)C(=O)OC)cc1,320.15,train
698ddbe96c00d07d5428c309,[*]/C(=C(/[*])c1ccc([Si](C(C)C)(C(C)C)C(C)C)cc1)c1ccccc1,523.15,test
698ddbe96c00d07d5428c30a,[*]CC[*]N,330.15,train
698ddbe96c00d07d5428c30b,[*]CC(C)(/C=C(/[*])C)C(=O)OC,297.15,train
698ddbe96c00d07d5428c30c,[*]/C=C/C(C)(C(=O)OC)C[*]C,307.15,train
698ddbe96c00d07d5428c30d,[*]CC[*]P(=O)(O)O,361.15,test
698ddbe96c00d07d5428c30e,[*]CC[*]C1=NCCN1,224.79999999999998,val
698ddbe96c00d07d5428c30f,[*]/C=C/C1=C[*]CC(C(=O)OCC)(C(=O)OCC)C1,300.79999999999995,train
698ddbe96c00d07d5428c310,[*]/C=C/C1CC[*]C(C#N)C1,413.15,train
698ddbe96c00d07d5428c311,[*]/C=C/C1CC[*]C(C#N)(CC)C1,407.15,test
698ddbe96c00d07d5428c312,[*]/C=C/C1CC[*]C(C#N)(CCC)C1,381.15,train
698ddbe96c00d07d5428c313,[*]/C=C/C1CC[*]C(C#N)(CCCC)C1,360.15,train
698ddbe96c00d07d5428c314,[*]/C=C/C1CC[*]C(C#N)([Si](C)(C)C)C1,484.15,test
698ddbe96c00d07d5428c315,[*]/C=C/C1CC[*]C(C#N)([Si](C)(C)O[Si](C)(C)C)C1,361.15,train
698ddbe96c00d07d5428c316,[*]/C=C/C1CC[*]C(C#N)([Si](C)(C)O[Si](C)(C)O[Si](C)(C)C)C1,320.15,train
698ddbe96c00d07d5428c317,[*]/C=C/C1CC[*]C(C#N)(C[Si](C)(C)C)C1,401.15,train
698ddbe96c00d07d5428c318,[*]/C=C/C1CC[*]C(C#N)(C[Si](C)(C)O[Si](C)(C)C)C1,341.15,val
698ddbe96c00d07d5428c319,[*]/C=C/C1CC[*]C(C#N)([Si](C)(C)[Si](C)(C)C)C1,393.15,test
698ddbe96c00d07d5428c31a,[*]CC[*]CN,463.15,train
698ddbe96c00d07d5428c31b,[*]CC[*]n1cncn1,438.15,test
698ddbe96c00d07d5428c31c,[*]CC(C#N)C(CCC(C)(O)C=C)C[*](C)C,323.15,test
698ddbe96c00d07d5428c31d,[*]c1ccc2c(c1)C(CCCCCCCC)(CCCCCCCC)c1cc(-c3ccc4c(c3)C(c3ccc(-c5nnc(-c6ccc(C(C)(C)C)cc6)o5)cc3)(c3ccc(-c5nnc(-c6ccc(C(C)(C)C)cc6)o5)cc3)c3cc[*]ccc3-4)ccc1-2,486.15,train
698ddbe96c00d07d5428c31e,[*]CC/C(=C(/[*])c1ccccc1)c1ccccc1,393.65,train
698ddbe96c00d07d5428c31f,[*]/C(C)=C(/[*])[Ge](C)(C)C,523.15,val
698ddbe96c00d07d5428c320,[*]CC(OC(C)=O)C(CCC(C)(O)C=C)C[*](C)C,358.15,train
698ddbe96c00d07d5428c321,[*]c1ccc2c(c1)C(CCCCCC)(CCCCCC)c1cc(-c3ccc4c(c3)C(CC3=NC(Cc5ccccc5)CO3)(CC3=NC(Cc5ccccc5)CO3)c3cc[*]ccc3-4)ccc1-2,387.15,train
698ddbe96c00d07d5428c322,[*]/C=C/C1CC[*]C(C(=O)Oc2ccccc2)C1,345.75,train
698ddbe96c00d07d5428c323,[*]/C=C/C1CC[*]C(C(=O)Oc2ccccc2)C1C(=O)Oc1ccccc1,369.65,val
698ddbe96c00d07d5428c324,[*]/C=C/c1ccc2c(c1)C(CCCCCCOc1ccc3ccc(=O)oc3c1)(CCCCCCOc1ccc3ccc(=O)oc3c1)c1cc(/C=C/c3ccc4c(c3)C(CCCCCC)(CCCCCC)c3cc[*]ccc3-4)ccc1-2,388.15,train
698ddbe96c00d07d5428c325,[*]/C=C/C1CC[*]C(C(=O)OC)C1C(=O)OC,350.45,test
698ddbe96c00d07d5428c326,[*]/C=C/C1CC[*]C(C(=O)OC(C)(C)C)C1C(=O)OC(C)(C)C,356.54999999999995,train
698ddbe96c00d07d5428c327,[*]/C=C/CCCC(Cl)CCC[*],210.14999999999998,train
698ddbe96c00d07d5428c328,[*]/C=C/CCCCCCC(Cl)CCCCCC[*],216.14999999999998,train
698ddbe96c00d07d5428c329,[*]/C=C/CCCCCCCCCC(Cl)CCCCCCCCC[*],236.14999999999998,val
698ddbe96c00d07d5428c32a,[*]CC[*]n1ccc2ccccc21,292.15,train
698ddbe96c00d07d5428c32b,[*]/C=C/CCCCCCCCCC(CCCCCCCCC[*])COCCOCCOCCOCCOCc1ccc2ccc3cccc4ccc1c2c34,237.14999999999998,test
698ddbe96c00d07d5428c32c,[*]CCCCCCCCCCCCCCCCCCCCC[*]COCCOCCOCCOCCOCc1ccc2ccc3cccc4ccc1c2c34,252.14999999999998,test
698ddbe96c00d07d5428c32d,[*]/C=C/CCCCCCCCCC(CCCCCCCCC[*])COCCOCCOCCOCCOCCCCCC,197.14999999999998,train
698ddbe96c00d07d5428c32e,[*]/C=C/C[*](C)c1ccccc1,325.15,test
698ddbe96c00d07d5428c32f,[*]C1C2CC(C1[*])C([Si](C)(C)C)C2,576.15,train
698ddbe96c00d07d5428c330,[*]CC[*]N1CCCCCC1=O,447.75,train
698ddbe96c00d07d5428c331,[*]/C=C(/[*])CCCOC(=O)c1cc(-c2ccc(OC)cc2)ccc1-c1ccc(OC)cc1,345.54999999999995,train
698ddbe96c00d07d5428c332,[*]C1C2CC(CCCCCCCCC(=O)OCC)C(C2)C1[*],407.15,test
698ddbe96c00d07d5428c333,[*]/C=C/C1CC[*]C(C(=O)OCCNC(C)(C)C)C1,302.15,test
698ddbe96c00d07d5428c334,[*]C1C[*]C2CC1C(COCc1ccccc1)C2COCc1ccccc1,449.15,val
698ddbe96c00d07d5428c335,[*]C1C2CC(CCCCc3ccccc3)C(C2)C1[*],421.15,test
698ddbe96c00d07d5428c336,[*]CC[*]c1nnn[nH]1,345.15,train
698ddbe96c00d07d5428c337,[*]CC[*]C(=O)NC,444.15,train
698ddbe96c00d07d5428c338,[*]CC[*](C)C(=O)Oc1ccc(C(=O)O)cc1,383.15,train
698ddbe96c00d07d5428c339,[*]CC[*](C)C(=O)OCCCCCCOc1ccc(/C=N/c2ccc(C#N)cc2)cc1,308.15,train
698ddbe96c00d07d5428c33a,[*]CC[*](C)C(=O)OCCCCCCCCCCCOc1ccc(/C=N/c2ccc(C#N)cc2)cc1,296.15,train
698ddbe96c00d07d5428c33b,[*]CC[*](C)C(=O)OCCO[Si](C)(C)C,362.15,test
698ddbe96c00d07d5428c33c,[*]CC[*](C)C(=O)OC1CCCC1,348.15,train
698ddbe96c00d07d5428c33d,[*]CC[*]C(=O)OCC(C)O,266.15,test
698ddbe96c00d07d5428c33e,[*]CC[*](C)C(=O)OCCCCCOc1ccc(-c2ccc(C#N)cc2)cc1,333.15,train
698ddbe96c00d07d5428c33f,[*]CC[*](CC(=O)OCCCCCCCC)C(=O)OCCCCCCCC,254.14999999999998,val
698ddbe96c00d07d5428c340,[*]CC[*](CC(=O)OCCCCCCCCC)C(=O)OCCCCCCCCC,260.15,train
698ddbe96c00d07d5428c341,[*]CC[*](CC(=O)OC1CCCCCCC1)C(=O)OC1CCCCCCC1,397.15,train
698ddbe96c00d07d5428c342,[*]CC(OC)C(C(=O)OC)C[*]C(=O)OC,332.65,train
698ddbe96c00d07d5428c343,[*]CC(OCC)C(C(=O)OC)C[*]C(=O)OC,323.15,train
698ddbe96c00d07d5428c344,[*]CC(OCC(C)C)C(C(=O)OC)C[*]C(=O)OC,317.65,test
698ddbe96c00d07d5428c345,[*]CC(OCCCC)C(C(=O)OC)C[*]C(=O)OC,305.65,train
698ddbe96c00d07d5428c346,[*]CC(OC)C(C)(C(=O)OC)C[*](C)C(=O)OC,407.15,val
698ddbe96c00d07d5428c347,[*]CC(OCC)C(C)(C(=O)OC)C[*](C)C(=O)OC,404.15,train
698ddbe96c00d07d5428c348,[*]CC(OCC(C)C)C(C)(C(=O)OC)C[*](C)C(=O)OC,398.65,train
698ddbe96c00d07d5428c349,[*]CC(OCCCC)C(C)(C(=O)OC)C[*](C)C(=O)OC,370.65,train
698ddbe96c00d07d5428c34a,[*]CC[*]C(=O)OC(F)(F)C(F)(F)C(F)(F)C(F)(F)C(F)(F)C(F)(F)C(F)(F)C(F)(F)F,282.15,val
698ddbe96c00d07d5428c34b,[*]CC[*](C)C(=O)OCCn1c2ccccc2c2ccccc21,421.15,test
698ddbe96c00d07d5428c34c,[*]CC[*]C(=O)n1c2ccccc2c2ccccc21,323.25,train
698ddbe96c00d07d5428c34d,[*]CC[*]C(=O)NC(C)(C)CC(C)=O,345.65,test
698ddbe96c00d07d5428c34e,[*]CC[*](C)C(=O)OCC#N,364.15,train
698ddbe96c00d07d5428c34f,[*]CC[*](C)C(=O)OCCCCCCOc1ccc(C(=O)Oc2ccc(OC)cc2)cc1,319.15,test
698ddbe96c00d07d5428c350,[*]C(C(=O)OC)C[*]C(=O)OC(C)(C)C,357.15,train
698ddbe96c00d07d5428c351,[*]CC[*]C(=O)OCCOc1ccc(C(=O)Oc2ccc(OC)cc2)cc1,343.15,test
698ddbe96c00d07d5428c352,[*]CC[*]C(=O)OCCCCCCOc1ccc(C(=O)Oc2ccc(OC)cc2)cc1,302.65,train
698ddbe96c00d07d5428c353,[*]CC[*](C)C(=O)OCCCCCCOc1ccc(C(=O)Oc2ccc(OCCCC)cc2)cc1,322.15,test
698ddbe96c00d07d5428c354,[*]CC[*](C)C(=O)OCCOc1ccc(C(=O)Oc2ccc(OCCCC)cc2)cc1,410.15,train
698ddbe96c00d07d5428c355,[*]CC[*](CC(=O)Oc1ccc(OC)cc1)C(=O)Oc1ccc(OC)cc1,392.65,train
698ddbe96c00d07d5428c356,[*]CC[*]C(=O)OC(OCC)C(F)(F)F,278.15,test
698ddbe96c00d07d5428c357,[*]CC[*](C)C(=O)OC(OCC)C(F)(F)F,333.15,train
698ddbe96c00d07d5428c358,[*]CC[*](Cl)C(=O)OCCCCCCOc1ccc(C(=O)Oc2ccc(OCCCC)cc2)cc1,385.65,val
698ddbe96c00d07d5428c359,[*]CC[*](C)C(=O)OCc1cccs1,339.15,test
698ddbe96c00d07d5428c35a,[*]CC[*](C)C(=O)OCc1ccc[se]1,329.15,val
698ddbe96c00d07d5428c35b,[*]CC[*](C)C(=O)OCC1COCCOCCOCCOCCOC1,304.15,train
698ddbe96c00d07d5428c35c,[*]CC[*](CC(=O)Oc1ccc(OCC)cc1)C(=O)Oc1ccc(OCC)cc1,383.65,val
698ddbe96c00d07d5428c35d,[*]CC[*](CC(=O)Oc1ccc(OCCC)cc1)C(=O)Oc1ccc(OCCC)cc1,367.65,val
698ddbe96c00d07d5428c35e,[*]CC[*](CC(=O)Oc1ccc(OCCCCC)cc1)C(=O)Oc1ccc(OCCCCC)cc1,346.65,train
698ddbe96c00d07d5428c35f,[*]CC[*](CC(=O)Oc1ccc(OCCCCCCC)cc1)C(=O)Oc1ccc(OCCCCCCC)cc1,384.15,train
698ddbe96c00d07d5428c360,[*]CC[*]C(=O)OCCCCOC(=O)c1ccc(OC(=O)c2ccc(C#N)cc2)cc1,313.15,train
698ddbe96c00d07d5428c361,[*]CC[*]C(=O)OCCCCCOC(=O)c1ccc(OC(=O)c2ccc(C#N)cc2)cc1,303.15,train
698ddbe96c00d07d5428c362,[*]CC[*]C(=O)OCCCCCCOC(=O)c1ccc(OC(=O)c2ccc(C#N)cc2)cc1,303.15,train
698ddbe96c00d07d5428c363,[*]CC[*]C(=O)OCCCCCCCOC(=O)c1ccc(OC(=O)c2ccc(C#N)cc2)cc1,293.15,test
698ddbe96c00d07d5428c364,[*]CC[*]C(=O)OCCCCCCCCOC(=O)c1ccc(OC(=O)c2ccc(C#N)cc2)cc1,288.15,train
698ddbe96c00d07d5428c365,[*]CC[*]C(=O)OCCCCCCCCCOC(=O)c1ccc(OC(=O)c2ccc(C#N)cc2)cc1,288.15,test
698ddbe96c00d07d5428c366,[*]CC[*]C(=O)OCCCCCCCCCCOC(=O)c1ccc(OC(=O)c2ccc(C#N)cc2)cc1,288.15,train
698ddbe96c00d07d5428c367,[*]CC[*]C(=O)OCCCCCCCCCCCCOC(=O)c1ccc(OC(=O)c2ccc(C#N)cc2)cc1,288.15,train
698ddbe96c00d07d5428c368,[*]CC[*](C)C(=O)OCCOCCOCCOCCOCCOCCOCCOCCOC,215.14999999999998,train
698ddbe96c00d07d5428c369,[*]CC[*](CC(=O)OCCOC)C(=O)OCCOC,307.15,train
698ddbe96c00d07d5428c36a,[*]CC[*](CC(=O)OCCOCCOC)C(=O)OCCOCCOC,232.64999999999998,train
698ddbe96c00d07d5428c36b,[*]CC[*](CC(=O)OCCOCCOCCOC)C(=O)OCCOCCOCCOC,254.14999999999998,train
698ddbe96c00d07d5428c36c,[*]CC[*](CC(=O)OCCOCCOCCOCCOCCOCCOCCOC)C(=O)OCCOCCOCCOCCOCCOCCOCCOC,232.64999999999998,train
698ddbe96c00d07d5428c36d,[*]CC[*](C)C(=O)OCC(F)(F)C(F)(F)F,350.15,train
698ddbe96c00d07d5428c36e,[*]CC[*](C)C(=O)OCCC(F)(F)C(F)(F)C(F)(F)C(F)(F)C(F)(F)C(F)(F)C(F)(F)C(F)(F)F,320.15,train
698ddbe96c00d07d5428c36f,[*]CC[*]C(=O)Nc1ccc2c(c1)C(=O)c1ccccc1C2=O,401.15,test
698ddbe96c00d07d5428c370,[*]CC[*](C)C(=O)Oc1c(C)cccc1C,440.15,train
698ddbe96c00d07d5428c371,[*]CC[*](C)C(=O)Oc1cccc(C)c1C,393.15,test
698ddbe96c00d07d5428c372,[*]CC[*]C(=O)OCCCCC,216.14999999999998,val
698ddbe96c00d07d5428c373,[*]CC[*](C)C(=O)OCCN(CC)c1ccc(/N=N/c2ccc([N+](=O)[O-])c3ccccc23)cc1,389.15,train
698ddbe96c00d07d5428c374,[*]CC[*]C(=O)OC12CC3CC(CC(C3)C1)C2,456.15,train
698ddbe96c00d07d5428c375,[*]CC[*](CC(=O)OC)C(=O)OC12CC3CC(CC(C3)C1)C2,470.15,train
698ddbe96c00d07d5428c376,[*]CC[*](CC(=O)OC)C(=O)OC12CC3CC(C)(CC(C)(C3)C1)C2,417.15,train
698ddbe96c00d07d5428c377,[*]CC[*](CC(=O)OC(C)C)C(=O)OC12CC3CC(CC(C3)C1)C2,453.15,test
698ddbe96c00d07d5428c378,[*]CC[*](CC(=O)OC(C)C)C(=O)OC12CC3CC(C)(CC(C)(C3)C1)C2,431.15,test
698ddbe96c00d07d5428c379,[*]CC[*](CC(=O)OC(C)C)C(=O)OC(C)C,373.15,val
698ddbe96c00d07d5428c37a,[*]CC[*](C)C(=O)OC1CCC2CCCCC2C1,418.15,test
698ddbe96c00d07d5428c37b,[*]CC[*](C)C(=O)OC1CC2CC1C1C3CCC(C3)C21,472.15,train
698ddbe96c00d07d5428c37c,[*]CC[*](C)C(=O)OC1CCC1,392.15,train
698ddbe96c00d07d5428c37d,[*]C(C)C[*]C(=O)OC12CC3CC(CC(C3)C1)C2,509.65,test
698ddbe96c00d07d5428c37e,[*]C(C)C[*]C(=O)OC12CC3CC(C)(CC(C)(C3)C1)C2,467.65,train
698ddbe96c00d07d5428c37f,[*]CC[*](C)C(=O)OCCCCCCOc1ccc(-c2ccc(C#N)cc2)cc1,336.15,train
698ddbe96c00d07d5428c380,[*]CC[*](CC(=O)OCC(C)C)C(=O)OCC(C)C,398.15,train
698ddbe96c00d07d5428c381,[*]CC[*](C)C(=O)OCCc1ccc(/N=N/c2ccccc2)cc1,353.15,train
698ddbe96c00d07d5428c382,[*]CC[*](C)C(=O)OCCOc1ccc(-c2ccc(-c3ccc(C#N)cc3)cc2)cc1,388.15,test
698ddbe96c00d07d5428c383,[*]CC[*](C)C(=O)OCC(C)Oc1ccc(-c2ccc(-c3ccc(C#N)cc3)cc2)cc1,413.15,test
698ddbe96c00d07d5428c384,[*]CC[*](C)C(=O)OCCCCl,323.15,test
698ddbe96c00d07d5428c385,[*]CC[*](C)C(=O)OCCCCCCN(C)c1ccc(/N=N/c2ccc(S(C)(=O)=O)cc2)cc1,373.15,test
698ddbe96c00d07d5428c386,[*]CC[*]C(=O)OCCOC(=O)c1cc([N+](=O)[O-])cc([N+](=O)[O-])c1,333.95,train
698ddbe96c00d07d5428c387,[*]CC[*]C(=O)OCCn1c2ccccc2c2ccccc21,379.95,test
698ddbe96c00d07d5428c388,[*]CC[*](C)C(=O)OCCCCCCc1ccc(/C(C)=C/c2ccc(OC)cc2)cc1,304.15,test
698ddbe96c00d07d5428c389,[*]CC[*](C)C(=O)OCCCCOc1ccc(C(=O)Oc2ccc(OC)cc2)cc1,318.15,test
698ddbe96c00d07d5428c38a,[*]CC[*](C)C(=O)OCC=C,367.15,train
698ddbe96c00d07d5428c38b,[*]CC[*]C(=O)Oc1ccc(C(=O)c2ccc(Cl)cc2)cc1,351.15,test
698ddbe96c00d07d5428c38c,[*]CC[*]C(=O)OCCCOc1ccc(-c2ccc(C#N)cc2)cc1,327.4,train
698ddbe96c00d07d5428c38d,[*]CC[*](C)C(=O)OCCCOc1ccc(-c2ccc(C#N)cc2)cc1,370.15,train
698ddbe96c00d07d5428c38e,[*]CC[*](C)C(=O)OCCCCc1ccccc1,282.15,train
698ddbe96c00d07d5428c38f,[*]CC[*](C)C(=O)Oc1cc(C)ccc1C,384.15,train
698ddbe96c00d07d5428c390,[*]CC[*](C)C(=O)OCCCCCCC(F)(F)C(F)(F)C(F)(F)C(F)(F)C(F)(F)C(F)(F)C(F)(F)C(F)(F)C(F)(F)C(F)(F)C(F)(F)C(F)(F)F,357.15,train
698ddbe96c00d07d5428c391,[*]CC[*]C(=O)OCCCCCCCCCCOc1cnc(-c2ccc(OC(=O)C3COC(C)(C)O3)cc2)nc1,302.15,train
698ddbe96c00d07d5428c392,[*]CC[*](C)C(=O)OCCOCCOc1ccc(/N=N/c2ccc(C#N)cc2)cc1,330.15,test
698ddbe96c00d07d5428c393,[*]C([2H])([2H])C[*](C(=O)OC([2H])([2H])[2H])C([2H])([2H])[2H],388.15,test
698ddbe96c00d07d5428c394,[*]CC[*](C)C(=O)OCCCn1c2ccccc2c2ccccc21,386.15,train
698ddbe96c00d07d5428c395,[*]CC[*](C)C(=O)OCCCCCn1c2ccccc2c2ccccc21,364.15,test
698ddbe96c00d07d5428c396,[*]CC[*](C)C(=O)OCCCCCCn1c2ccccc2c2ccccc21,346.15,train
698ddbe96c00d07d5428c397,[*]CC[*](C)C(=O)OCCCCCCCCCCCn1c2ccccc2c2ccccc21,304.15,train
698ddbe96c00d07d5428c398,[*]CC[*]C(=O)OCCCn1c2ccccc2c2ccccc21,356.15,test
698ddbe96c00d07d5428c399,[*]CC[*]C(=O)OCCCCCn1c2ccccc2c2ccccc21,326.15,test
698ddbe96c00d07d5428c39a,[*]CC[*]C(=O)OCCCCCCn1c2ccccc2c2ccccc21,321.15,train
698ddbe96c00d07d5428c39b,[*]CC[*]C(=O)OCCCCCCCCCCCn1c2ccccc2c2ccccc21,288.15,train
698ddbe96c00d07d5428c39c,[*]CC[*]C(=O)OCCCCCCCCCCCOc1ccc(C(=O)Oc2ccc(-c3ccc(OC(C)CCCCCC)cc3)cc2)cc1,323.15,train
698ddbe96c00d07d5428c39d,[*]CC[*]C(=O)OCCCCn1c2ccccc2c2ccccc21,341.15,train
698ddbe96c00d07d5428c39e,[*]CC[*]C(=O)OCCCCCCCCn1c2ccccc2c2ccccc21,285.15,test
698ddbe96c00d07d5428c39f,[*]CC[*](C)C(=O)OCCCCCCOc1ccc(C(=O)Oc2ccc(OC)cc2)cc1OC,322.15,train
698ddbe96c00d07d5428c3a0,[*]CC[*](C)C(=O)OCCc1ccc(/N=N/c2ccc(OC(F)(F)F)cc2)cc1,482.65,train
698ddbe96c00d07d5428c3a1,[*]CC[*](C)C(=O)OCCCc1ccc(/N=N/c2ccc(OC(F)(F)F)cc2)cc1,484.65,train
698ddbe96c00d07d5428c3a2,[*]CC[*](C)C(=O)OCCCCc1ccc(/N=N/c2ccc(OC(F)(F)F)cc2)cc1,476.65,train
698ddbe96c00d07d5428c3a3,[*]CC[*](C)C(=O)OCCCCCc1ccc(/N=N/c2ccc(OC(F)(F)F)cc2)cc1,475.65,test
698ddbe96c00d07d5428c3a4,[*]CC[*](C)C(=O)OCCCCCCc1ccc(/N=N/c2ccc(OC(F)(F)F)cc2)cc1,467.65,train
698ddbe96c00d07d5428c3a5,[*]CC[*]C(=O)OCCOc1ccc(C(C)(C)c2ccc(OCCO)cc2)cc1,295.15,test
698ddbe96c00d07d5428c3a6,[*]CC[*](C)C(=O)Oc1ccc2c(c1)CCC2,386.65,train
698ddbe96c00d07d5428c3a7,[*]CC[*]C(=O)OCC1(CC)COCOC1,315.15,val
698ddbe96c00d07d5428c3a8,[*]CC[*](C)C(=O)Oc1ccc(C(=O)c2ccccc2)c(O)c1,543.15,train
698ddbe96c00d07d5428c3a9,[*]CC[*](C)C(=O)OCCOCCOC,330.15,train
698ddbe96c00d07d5428c3aa,[*]CC[*]C(=O)OCC(COC(=O)c1ccccc1)(COC(=O)c1ccccc1)COC(=O)c1ccccc1,321.15,train
698ddbe96c00d07d5428c3ab,[*]CC[*]C(=O)Nc1ccccc1,433.15,test
698ddbe96c00d07d5428c3ac,[*]CC[*](C)C(=O)Oc1ccc(C(=O)Oc2ccccc2)cc1,372.15,test
698ddbe96c00d07d5428c3ad,[*]CC[*](C)C(=O)Oc1ccc(C(=O)Oc2ccc(C)cc2)cc1,371.15,train
698ddbe96c00d07d5428c3ae,[*]CC[*](C)C(=O)Oc1ccc(C(=O)Oc2ccc(OC)cc2)cc1,350.15,train
698ddbe96c00d07d5428c3af,[*]CC[*](C)C(=O)Oc1ccc(C(=O)Oc2ccc(-c3ccccc3)cc2)cc1,373.15,test
698ddbe96c00d07d5428c3b0,[*]CC[*](C)C(=O)Oc1ccc(C(=O)Oc2ccc(Oc3ccccc3)cc2)cc1,347.15,train
698ddbe96c00d07d5428c3b1,[*]CC[*](C)C(=O)Oc1ccc(C(=O)Oc2ccc(C(=O)c3ccccc3)cc2)cc1,345.15,test
698ddbe96c00d07d5428c3b2,[*]CC[*](C)C(=O)OCCCCCCCC/C=C/CCCCCCCC,233.14999999999998,train
698ddbe96c00d07d5428c3b3,[*]CC[*](C)C(=O)OCCCCCCOc1ccc(C(=O)Oc2ccc(C)cc2)cc1,318.15,test
698ddbe96c00d07d5428c3b4,[*]CC[*]C(=O)OCCC(F)(F)C(F)(F)C(F)(F)C(F)(F)C(F)(F)C(F)(F)F,261.15,train
698ddbe96c00d07d5428c3b5,[*]CC[*](C)C(=O)OC1CC(C)CCC1C(C)C,420.15,val
698ddbe96c00d07d5428c3b6,[*]CC[*](C)C(=O)OCCCCOc1ccc(OC(=O)c2ccc(OC)cc2)cc1,330.15,train
698ddbe96c00d07d5428c3b7,[*]CC[*](C)C(=O)OCCCCCOc1ccc(OC(=O)c2ccc(OC)cc2)cc1,311.15,train
698ddbe96c00d07d5428c3b8,[*]CC[*](C)C(=O)OCCCCCCOc1ccc(OC(=O)c2ccc(OC)cc2)cc1,311.15,test
698ddbe96c00d07d5428c3b9,[*]CC[*](C)C(=O)OCCCCCCCCCCOc1ccc(OC(=O)c2ccc(OC)cc2)cc1,294.15,train
698ddbe96c00d07d5428c3ba,[*]CC[*](C)C(=O)OCCCCCCOc1ccc(OC(=O)c2ccc(OCCCC)cc2)cc1,309.15,train
698ddbe96c00d07d5428c3bb,[*]CC[*](C)C(=O)OCCCCCCOc1ccc(OC(=O)c2ccc(OCCCCCC)cc2)cc1,289.15,test
698ddbe96c00d07d5428c3bc,[*]CC[*](C)C(=O)OCCCCCCOc1ccc(OC(=O)c2ccc(OCCCCCCCC)cc2)cc1,272.15,train
698ddbe96c00d07d5428c3bd,[*]CC[*](C)C(=O)OCCCCCCOc1ccc(OC(=O)c2ccc(-c3ccc(OC)cc3)cc2)cc1,330.15,train
698ddbe96c00d07d5428c3be,[*]CC[*](C)C(=O)OCCCCCCOc1ccc(OC(=O)c2ccc(OC)c(Br)c2)cc1,324.15,train
698ddbe96c00d07d5428c3bf,[*]CC[*](C)C(=O)OCCCCOc1ccc(OC(=O)c2ccc(OCCCC)cc2)cc1,324.15,test
698ddbe96c00d07d5428c3c0,[*]CC[*](C)C(=O)OCCCCOc1ccc(OC(=O)c2ccc(OCCCCCC)cc2)cc1,307.15,train
698ddbe96c00d07d5428c3c1,[*]CC[*](C)C(=O)OCCCCOc1ccc(OC(=O)c2ccc(OCCCCCCCC)cc2)cc1,283.15,train
698ddbe96c00d07d5428c3c2,[*]CC[*](C)C(=O)OCCCCOc1ccc(OC(=O)c2ccc(-c3ccc(OC)cc3)cc2)cc1,350.15,train
698ddbe96c00d07d5428c3c3,[*]CC[*](C)C(=O)OCCCCOc1ccc(OC(=O)c2ccc(OC)c(Br)c2)cc1,342.15,val
698ddbe96c00d07d5428c3c4,[*]CC[*](C)C(=O)OCCCCCCCCCCOc1ccc(OC(=O)c2ccc(OCCCC)cc2)cc1,304.15,val
698ddbe96c00d07d5428c3c5,[*]CC[*](C)C(=O)OCCCCCCCCCCOc1ccc(OC(=O)c2ccc(OCCCCCC)cc2)cc1,314.15,train
698ddbe96c00d07d5428c3c6,[*]CC[*](C)C(=O)OCCCCCCCCCCOc1ccc(OC(=O)c2ccc(OCCCCCCCC)cc2)cc1,285.15,train
698ddbe96c00d07d5428c3c7,[*]CC[*](C)C(=O)OCCCCCCCCCCOc1ccc(OC(=O)c2ccc(-c3ccc(OC)cc3)cc2)cc1,330.15,train
698ddbe96c00d07d5428c3c8,[*]CC[*](C)C(=O)OCCCCCCCCCCOc1ccc(OC(=O)c2ccc(OC)c(Br)c2)cc1,302.15,train
698ddbe96c00d07d5428c3c9,[*]CC[*](C)C(=O)OCCCCCCOc1ccc(/N=N/c2ccc(OC)cc2)cc1,364.15,val
698ddbe96c00d07d5428c3ca,[*]CC[*](C)C(=O)Oc1ccc(/N=N/c2ccc(C#N)cc2)cc1,458.15,train
698ddbe96c00d07d5428c3cb,[*]CC[*](C)C(=O)OCCOc1ccc(/N=N/c2ccc(C#N)cc2)cc1,382.15,test
698ddbe96c00d07d5428c3cc,[*]CC[*](C)C(=O)OCCCCCCOc1ccc(/N=N/c2ccc(C#N)cc2)cc1,334.15,test
698ddbe96c00d07d5428c3cd,[*]CC[*](C)C(=O)OCCCOc1ccc2cc(C(=O)Oc3ccccc3)ccc2c1,357.15,train
698ddbe96c00d07d5428c3ce,[*]CC[*](C)C(=O)OCCCCOc1ccc2cc(C(=O)Oc3ccccc3)ccc2c1,361.15,train
698ddbe96c00d07d5428c3cf,[*]CC[*](C)C(=O)OCCCCCOc1ccc2cc(C(=O)Oc3ccccc3)ccc2c1,321.15,train
698ddbe96c00d07d5428c3d0,[*]CC[*](C)C(=O)OCCCCCCOc1ccc2cc(C(=O)Oc3ccccc3)ccc2c1,312.15,train
698ddbe96c00d07d5428c3d1,[*]CC[*](C)C(=O)OCCCCCCCOc1ccc2cc(C(=O)Oc3ccccc3)ccc2c1,313.15,train
698ddbe96c00d07d5428c3d2,[*]CC[*](C)C(=O)OCCCCCCCCOc1ccc2cc(C(=O)Oc3ccccc3)ccc2c1,307.15,train
698ddbe96c00d07d5428c3d3,[*]CC[*](C)C(=O)OCCCCCCCCCOc1ccc2cc(C(=O)Oc3ccccc3)ccc2c1,291.15,test
698ddbe96c00d07d5428c3d4,[*]CC[*](C)C(=O)OCCCCCCCCCCOc1ccc2cc(C(=O)Oc3ccccc3)ccc2c1,297.15,train
698ddbe96c00d07d5428c3d5,[*]CC[*](C)C(=O)OCCCCCCCCCCCOc1ccc2cc(C(=O)Oc3ccccc3)ccc2c1,283.15,train
698ddbe96c00d07d5428c3d6,[*]CC[*](C)C(=O)OCCCCCCCCCCCCOc1ccc2cc(C(=O)Oc3ccccc3)ccc2c1,285.15,train
698ddbe96c00d07d5428c3d7,[*]CC[*](C)C(=O)NC(C)c1cccc2ccccc12,444.15,train
698ddbe96c00d07d5428c3d8,[*]CC[*](C)C(=O)NC(C)c1ccccc1,429.65,train
698ddbe96c00d07d5428c3d9,[*]CC[*](C)C(=O)OCCN(C)c1ccc(/N=N/c2ccc([N+](=O)[O-])cc2)cc1,383.15,test
698ddbe96c00d07d5428c3da,[*]CC[*]C(=O)OC(Cl)C(Cl)(Cl)Cl,343.65,train
698ddbe96c00d07d5428c3db,[*]CC[*]C(=O)Oc1c(F)c(F)c(F)c(F)c1F,337.15,train
698ddbe96c00d07d5428c3dc,[*]CC[*](C)C(=O)OCCCCCCOc1ccc(/N=N/c2ccc(OCCCCCCCCCC)cc2)cc1,383.15,train
698ddbe96c00d07d5428c3dd,[*]CC[*]C(=O)OCCCCCCOc1ccc(/C=N/c2ccc(OCCCCC)cc2)c(O)c1,314.15,train
698ddbe96c00d07d5428c3de,[*]CC[*]C(=O)OCC1(CC)COC(c2ccccc2)OC1,323.15,test
698ddbe96c00d07d5428c3df,[*]CC[*]C(=O)OCCC(F)(F)C(F)(F)C(F)(F)C(F)(F)C(F)(F)C(F)(F)C(F)(F)C(F)(F)F,325.15,train
698ddbe96c00d07d5428c3e0,[*]CC[*](Cl)C(=O)OCCC(F)(F)C(F)(F)C(F)(F)C(F)(F)C(F)(F)C(F)(F)C(F)(F)C(F)(F)F,334.15,test
698ddbe96c00d07d5428c3e1,[*]CC[*](C)C(=O)OCCCCOc1ccc(/N=N/c2ccc(C#N)cc2)cc1,353.15,train
698ddbe96c00d07d5428c3e2,[*]CC[*](C)C(=O)OCCCCCCCCOc1ccc(/N=N/c2ccc(C#N)cc2)cc1,308.15,train
698ddbe96c00d07d5428c3e3,[*]CC[*](CCCCC)C(=O)OC,326.15,train
698ddbe96c00d07d5428c3e4,[*]CC[*]C(=O)NCP(=O)(O)O,299.15,train
698ddbe96c00d07d5428c3e5,[*]CC[*](C)C(=O)OC1(C)CCOC(=O)C1,383.15,train
698ddbe96c00d07d5428c3e6,[*]CC[*](C)C(=O)OCC1COC(c2ccccc2)O1,403.15,train
698ddbe96c00d07d5428c3e7,[*]CC[*]C(=O)NC(C)(C)CS(=O)(=O)O,358.15,train
698ddbe96c00d07d5428c3e8,[*]C[*]C(=O)OC1CCCCC1,413.15,test
698ddbe96c00d07d5428c3e9,[*]C[*]C(=O)OC(C)C,343.15,train
698ddbe96c00d07d5428c3ea,[*]CC[*]C(=O)OCCN(C)C,234.14999999999998,train
698ddbe96c00d07d5428c3eb,[*]CC[*](C)C(=O)OCc1ccc2c(c1)c1ccccc1n2CC,409.15,train
698ddbe96c00d07d5428c3ec,[*]CC[*](C)C(=O)OCc1ccc2c(c1)c1ccccc1n2CCCC,360.15,train
698ddbe96c00d07d5428c3ed,[*]CC[*](C)C(=O)OCc1ccc2c(c1)c1ccccc1n2CCCCCC,346.15,train
698ddbe96c00d07d5428c3ee,[*]CC[*](C)C(=O)OCc1ccc2c(c1)c1ccccc1n2CCCCCCCC,318.15,train
698ddbe96c00d07d5428c3ef,[*]CC[*](C)C(=O)OCc1ccc2c(c1)c1ccccc1n2CCCCCCCCCC,302.15,train
698ddbe96c00d07d5428c3f0,[*]CC[*](C)C(=O)OCc1ccc2c(c1)c1ccccc1n2CCCCCCCCCCCC,298.15,train
698ddbe96c00d07d5428c3f1,[*]CC[*](C)C(=O)OCc1ccc2c(c1)c1ccccc1n2CCCCCCCCCCCCCC,299.15,val
698ddbe96c00d07d5428c3f2,[*]CC[*](C)C(=O)OCc1ccc2c(c1)c1ccccc1n2CCCCCCCCCCCCCCCC,296.15,train
698ddbe96c00d07d5428c3f3,[*]CC[*](Cl)C(=O)OCCOc1ccc(C(=O)Oc2ccc(OCCCC)cc2)cc1,426.15,train
698ddbe96c00d07d5428c3f4,[*]CC[*](C)C(=O)OCCN(C)c1ccc(/C=C/c2ccc([N+](=O)[O-])cc2)cc1,380.15,train
698ddbe96c00d07d5428c3f5,[*]CC[*](C)C(=O)OC1(C)C2CC3CC(C2)CC1C3,438.15,train
698ddbe96c00d07d5428c3f6,[*]CC[*](C)C(=O)OCCN(C)c1ccc(N(C)C)cc1,316.15,train
698ddbe96c00d07d5428c3f7,[*]CC[*](C)C(=O)OCCCN(C)c1ccc(N(C)C)cc1,285.65,val
698ddbe96c00d07d5428c3f8,[*]CC[*](C)C(=O)OCCCCCCN(C)c1ccc(N(C)C)cc1,281.65,train
698ddbe96c00d07d5428c3f9,[*]CC[*](C)C(=O)Oc1c(C(C)C)cccc1C(C)C,471.15,train
698ddbe96c00d07d5428c3fa,[*]CC[*](C)C(=O)OCCCCCCOc1ccc(C(=O)Oc2ccc(C#N)cc2)cc1,316.15,train
698ddbe96c00d07d5428c3fb,[*]CC[*](C)C(=O)OCCCCCCCCCCCOc1ccc(C(=O)Oc2ccc(C#N)cc2)cc1,283.15,train
698ddbe96c00d07d5428c3fc,[*]CC[*](C)C(=O)OCCOCCOCC1(C)COCCOCCOCCOC1,283.15,train
698ddbe96c00d07d5428c3fd,[*]CC[*](C)C(=O)OCCOCCOCC1COCCOCCOCCO1,283.15,train
698ddbe96c00d07d5428c3fe,[*]CC[*]C(=O)OCCCCCCOc1ccc(-c2ccc(C#N)cc2)cc1,318.15,train
698ddbe96c00d07d5428c3ff,[*]CC[*](C)C(=O)OCC1COC(CP(=O)(OCC)OCC)O1,388.15,train
698ddbe96c00d07d5428c400,[*]CC[*](C)C(=O)OC1COC(CP(=O)(OCC)OCC)OC1,374.65,train
698ddbe96c00d07d5428c401,[*]CC[*](C)C(=O)OCCC[Si](OC)(OC)OC,282.15,train
698ddbe96c00d07d5428c402,[*]CC[*](C)C(=O)OCCC[Si](O[Si](C)(C)C)(O[Si](C)(C)C)O[Si](C)(C)C,345.5,train
698ddbe96c00d07d5428c403,[*]CC[*]C(=O)OCCN(CC)c1ccc(/N=N/c2ccc([N+](=O)[O-])cc2Cl)cc1,360.15,val
698ddbe96c00d07d5428c404,[*]CC[*](C)C(=O)Oc1ccc(/N=N/c2ccc(OCCCCCCCCCCCOC(=O)c3ccc4c(c3)OCCOCCOCCOCCO4)cc2)cc1,292.15,test
698ddbe96c00d07d5428c405,[*]CC[*](C)C(=O)OCCCCCCOc1cccc(C(=O)Oc2ccc(C#N)cc2)c1,311.15,val
698ddbe96c00d07d5428c406,[*]CC[*](C)C(=O)OCCN(CC)c1ccc([N+](=O)[O-])cc1,371.15,train
698ddbe96c00d07d5428c407,[*]CC[*](C)C(=O)OCCCN(CCO)c1ccc(/N=N/c2ccc([N+](=O)[O-])cc2)cc1,404.15,test
698ddbe96c00d07d5428c408,[*]CC[*](C)C(=O)OCc1ccc(F)cc1F,319.15,test
698ddbe96c00d07d5428c409,[*]CC[*](C)C(=O)OCc1c(F)cccc1F,355.15,train
698ddbe96c00d07d5428c40a,[*]CC[*](C)C(=O)OCCCCCCCCCCCOc1ccc(/N=N/c2ccc(OC(=O)c3ccc4c(c3)OCCOCCOCCOCCO4)cc2)cc1,332.15,train
698ddbe96c00d07d5428c40b,[*]CC[*](C)C(=O)Oc1ccc(C(=O)/C=C/c2ccc(Cl)cc2)cc1,400.15,val
698ddbe96c00d07d5428c40c,[*]CC[*](C)C(=O)OC1CCCCC1C(C)(C)C,458.15,train
698ddbe96c00d07d5428c40d,[*]CC[*](C)C(=O)OCC(O)C1CC(C)(c2ccccc2)C1,378.15,train
698ddbe96c00d07d5428c40e,[*]CC[*](C)C(=O)OCC(=O)c1ccccc1,365.65,train
698ddbe96c00d07d5428c40f,[*]CC[*](C)C(=O)OCCOCCOCCOc1ccc(/N=N/c2ccc(C#N)cc2)cc1,310.15,train
698ddbe96c00d07d5428c410,[*]CC[*](C)C(=O)OCCOCCOCCOCCOc1ccc(/N=N/c2ccc(C#N)cc2)cc1,293.15,train
698ddbe96c00d07d5428c411,[*]CCC(C)C[*](C)C(=O)OC,318.15,train
698ddbe96c00d07d5428c412,[*]CC[*](C)C(=O)OCCC1CCCCC1,383.15,val
698ddbe96c00d07d5428c413,[*]CC[*](C)C(=O)OCCCC1CCCCC1,333.15,train
698ddbe96c00d07d5428c414,[*]CC[*](C)C(=O)OCCCCC1CCCCC1,316.15,train
698ddbe96c00d07d5428c415,[*]CC(C)CC[*](C)C(=O)OC,289.15,train
698ddbe96c00d07d5428c416,[*]CC[*](C)C(=O)OCCCCCCOc1ccc(/N=N/c2ccc(C3OCC4(CO3)CC3C=CC4C3)cc2)cc1,391.65,train
698ddbe96c00d07d5428c417,[*]CC[*](C)C(=O)OCCCCCCCCOc1ccc(/N=N/c2ccc(C3OCC4(CO3)CC3C=CC4C3)cc2)cc1,379.34999999999997,test
698ddbe96c00d07d5428c418,[*]CC[*](C)C(=O)OCCCCCCCCCCOc1ccc(/N=N/c2ccc(C3OCC4(CO3)CC3C=CC4C3)cc2)cc1,376.34999999999997,train
698ddbe96c00d07d5428c419,[*]CC[*](C)C(=O)OCC1(CC)COC1,378.15,train
698ddbe96c00d07d5428c41a,[*]CC[*](C)C(=O)OCc1ccc(/C=C/C(=O)C2c3ccccc3C(=O)c3ccccc32)cc1,436.15,train
698ddbe96c00d07d5428c41b,[*]CC[*](C)C(=O)OCc1ccc(/C=C/C(=O)Oc2ccc3oc(=O)ccc3c2)cc1,413.15,test
698ddbe96c00d07d5428c41c,[*]CC[*](C)C(=O)OCc1ccc(Cl)c(Cl)c1,307.59999999999997,test
698ddbe96c00d07d5428c41d,[*]CC[*](C)C(=O)OCSC,333.15,test
698ddbe96c00d07d5428c41e,[*]C([2H])([2H])C[*](C(=O)OC([2H])([2H])C([2H])([2H])[2H])C([2H])([2H])[2H],367.15,train
698ddbe96c00d07d5428c41f,[*]CC[*](C)C(=O)OCCN(CCCC)c1ccc(/N=N/c2ccc(S(=O)(=O)Nc3nccs3)cc2)cc1,326.15,train
698ddbe96c00d07d5428c420,[*]CC[*]C(=O)Oc1cc(C)cc(C)c1,327.15,train
698ddbe96c00d07d5428c421,[*]CC[*](C)C(=O)OCCN(C)c1ccc(/N=N/c2ccc(S(=O)(=O)Nc3cc(C)on3)cc2)cc1,396.15,train
698ddbe96c00d07d5428c422,[*]CC[*](C)C(=O)OCCN(CCCC)c1ccc(/N=N/c2ccc(S(=O)(=O)Nc3cc(C)on3)cc2)cc1,378.15,val
698ddbe96c00d07d5428c423,[*]CC[*](C)C(=O)Oc1ccc(C(=O)/C=C/c2ccc(OC)c(OC)c2)cc1,410.15,train
698ddbe96c00d07d5428c424,[*]CC[*](C)C(=O)OCCCCCC(=O)Oc1ccc(OC(=O)c2ccc(OC)cc2)cc1,313.15,test
698ddbe96c00d07d5428c425,[*]CC[*](C)C(=O)OCCCCCC(=O)Oc1ccc(OC(=O)c2ccc(OCC)cc2)cc1,316.15,train
698ddbe96c00d07d5428c426,[*]CC[*](C)C(=O)OCCCCCC(=O)Oc1ccc(OC(=O)c2ccc(OCCC)cc2)cc1,318.15,train
698ddbe96c00d07d5428c427,[*]CC[*](C)C(=O)OCCCCCC(=O)Oc1ccc(OC(=O)c2ccc(OCCCC)cc2)cc1,313.15,train
698ddbe96c00d07d5428c428,[*]CC[*](C)C(=O)OCCCCCC(=O)Oc1ccc(OC(=O)c2ccc(OCCCCC)cc2)cc1,323.15,train
698ddbe96c00d07d5428c429,[*]CC[*](C)C(=O)OCCCCCC(=O)Oc1ccc(OC(=O)c2ccc(OCCCCCC)cc2)cc1,317.15,val
698ddbe96c00d07d5428c42a,[*]CC[*](CC(=O)OC1CCC1)C(=O)OC1CCC1,333.15,train
698ddbe96c00d07d5428c42b,[*]CC[*](CC(=O)OC1CCCCCC1)C(=O)OC1CCCCCC1,378.15,test
698ddbe96c00d07d5428c42c,[*]CC[*](C)C(=O)OCC1COC(=O)O1,397.15,train
698ddbe96c00d07d5428c42d,[*]CC[*]C(=O)Oc1ccc(C(=O)OCc2ccccc2)cc1,289.4,train
698ddbe96c00d07d5428c42e,[*]CC[*](C)C(=O)OCc1ccsc1,356.65,test
698ddbe96c00d07d5428c42f,[*]CC[*](C)C(=O)OCC1CCC1,387.15,train
698ddbe96c00d07d5428c430,[*]CC[*]C(=O)Nc1ccccc1Cl,336.15,train
698ddbe96c00d07d5428c431,[*]CC[*]C(=O)Nc1cccc(Cl)c1,343.15,train
698ddbe96c00d07d5428c432,[*]CC[*]C(=O)Nc1ccc(Cl)cc1,349.15,train
698ddbe96c00d07d5428c433,[*]CC[*]C(=O)NCCC[N+](C)(C)CCCS(=O)(=O)O,414.65,test
698ddbe96c00d07d5428c434,[*]CC[*]C(=O)NCCC[N+](C)(C)C,330.15,train
698ddbe96c00d07d5428c435,[*]CC[*]C(=O)OCCOCC1(CC)COC1,257.15,train
698ddbe96c00d07d5428c436,[*]CC[*](C)C(=O)OCCCCCCCCCCn1c2ccccc2c2cc(/N=N/c3ccc([N+](=O)[O-])cc3)ccc21,309.15,train
698ddbe96c00d07d5428c437,[*]CC[*](C)C(=O)Nc1cccc(-c2nnc(-c3ccccc3)o2)c1,338.15,train
698ddbe96c00d07d5428c438,[*]CC[*](C)C(=O)OCC(=O)Nc1cc(C)on1,401.15,test
698ddbe96c00d07d5428c439,[*]C(C)C[*]C(=O)OCC,430.15,train
698ddbe96c00d07d5428c43a,[*]C(C)C[*]C(=O)OCCC,389.15,train
698ddbe96c00d07d5428c43b,[*]C(C)C[*]C(=O)OC(C)C,422.15,test
698ddbe96c00d07d5428c43c,[*]C(C)C[*]C(=O)OCCCC,363.15,train
698ddbe96c00d07d5428c43d,[*]CC[*](C)C(=O)OCCn1c2ccccc2c2cc(/N=N/c3ccc([N+](=O)[O-])cc3)ccc21,437.15,train
698ddbe96c00d07d5428c43e,[*]CC[*](C)C(=O)OCCCCCCOc1ccc(/N=N/c2ccncc2)cc1,315.15,train
698ddbe96c00d07d5428c43f,[*]CC[*](CC(=O)OCCCl)C(=O)OCCCl,316.15,train
698ddbe96c00d07d5428c440,[*]CC[*](CC(=O)OCCCCl)C(=O)OCCCCl,320.15,test
698ddbe96c00d07d5428c441,[*]CC[*](C)C(=O)OCC1COCCOCCOCCO1,308.15,train
698ddbe96c00d07d5428c442,[*]CC[*](C)C(=O)OCC(=O)N1CCOCC1,401.15,train
698ddbe96c00d07d5428c443,[*]CC[*](C)C(=O)OCC(=O)N1CCCC1,417.15,val
698ddbe96c00d07d5428c444,[*]CC[*]C(=O)Oc1ccc(C(=O)Oc2ccc(OC(=O)c3ccc(OCCCC)cc3)cc2)cc1,320.15,train
698ddbe96c00d07d5428c445,[*]CC[*]C(=O)Oc1ccc(C(=O)Oc2ccc(OC(=O)c3ccc(OCCCCC)cc3)cc2)cc1,321.15,train
698ddbe96c00d07d5428c446,[*]CC[*]C(=O)OCCOc1ccc(C(=O)Oc2ccc(OC(=O)c3ccc(OCCCC)cc3)cc2)cc1,318.15,train
698ddbe96c00d07d5428c447,[*]CC[*]C(=O)OCCOc1ccc(C(=O)Oc2ccc(OC(=O)c3ccc(OCCCCC)cc3)cc2)cc1,319.15,test
698ddbe96c00d07d5428c448,[*]CC[*]C(=O)Oc1ccc([N+](=O)[O-])cc1,346.45,train
698ddbe96c00d07d5428c449,[*]CC[*]C(=O)Nc1ccc(C(=O)/C=C/c2cccc(Br)c2)cc1,328.15,train
698ddbe96c00d07d5428c44a,[*]CC[*]C(=O)Nc1ccc(C(=O)/C=C/c2ccc(Br)cc2)cc1,337.15,train
698ddbe96c00d07d5428c44b,[*]CC[*](C)C(=O)OCCN(C)c1ccc(/N=N/c2ccc(/N=N/c3ccc(C#N)cc3)cc2C)cc1,393.15,train
698ddbe96c00d07d5428c44c,[*]CC[*](C)C(=O)OC(COc1cccc2ccccc12)COc1cccc2ccccc12,353.15,train
698ddbe96c00d07d5428c44d,[*]CC[*](C)C(=O)OC(COc1ccc(-c2ccccc2)cc1)COc1ccc(-c2ccccc2)cc1,358.15,train
698ddbe96c00d07d5428c44e,[*]CC[*](C)C(=O)OC(COc1cc2ccccc2c2ccccc12)COc1cc2ccccc2c2ccccc12,385.15,test
698ddbe96c00d07d5428c44f,[*]CC[*](C)C(=O)OCCN(CC)c1ccc(/N=N/c2nc3ccc([N+](=O)[O-])cc3s2)cc1,413.15,test
698ddbe96c00d07d5428c450,[*]CC[*](C)C(=O)OCCN(CC)c1ccc(/N=N/c2ccc(S(C)(=O)=O)cc2)cc1,417.15,train
698ddbe96c00d07d5428c451,[*]CC[*](C)C(=O)OCCS(=O)(=O)c1ccc(/N=N/c2ccc(N(CC)CC)cc2)cc1,415.15,train
698ddbe96c00d07d5428c452,[*]CCC1CC[*]C2C3CC(C12)C(C)(C(=O)OC)C3,419.15,train
698ddbe96c00d07d5428c453,[*]CC[*](C)C(=O)OCCC1CCN(CCCCCCOc2ccc(/N=N/c3ccc([N+](=O)[O-])cc3)cc2)CC1,300.15,train
698ddbe96c00d07d5428c454,[*]CC[*]C(=O)OC([2H])([2H])[2H],308.15,train
698ddbe96c00d07d5428c455,[*]CC[*]C(=O)OCCCCOc1ccc(-c2ccc(C#N)cc2)cc1,303.15,train
698ddbe96c00d07d5428c456,[*]CC[*](C)C(=O)Nc1ccc(C(=O)/C=C/c2ccc(OC)cc2)cc1,308.15,train
698ddbe96c00d07d5428c457,[*]CC[*](CCC)C(=O)OC,356.65,train
698ddbe96c00d07d5428c458,[*]CC[*](CCCCCCCC)C(=O)OC,307.15,test
698ddbe96c00d07d5428c459,[*]CC[*](C)C(=O)OCC[N+](C)(C)CCCCS(=O)(=O)O,534.15,test
698ddbe96c00d07d5428c45a,[*]CC[*](C)C(=O)OCCOCC[N+](CC)(CC)CCCCS(=O)(=O)O,368.15,train
698ddbe96c00d07d5428c45b,[*]CC[*](C)C(=O)OCCOCCOCC[N+](CC)(CC)CCCCS(=O)(=O)O,300.15,val
698ddbe96c00d07d5428c45c,[*]CC[*](C)C(=O)Oc1ccc(-c2nnc(-c3ccc(C(C)(C)C)cc3)o2)cc1,429.15,val
698ddbe96c00d07d5428c45d,[*]CC[*]C(=O)OCCCCCCCCCCCCOc1ccc(C(=O)Oc2ccc(-c3cccc(OC(=O)c4ccc(OC(=O)c5ccc(OCCCCCCCCCCCC)cc5)cc4)c3)cc2)cc1,340.15,val
698ddbe96c00d07d5428c45e,[*]CC[*](C)C(=O)OCCCCCCOc1ccc(C(=O)Oc2ccc(-c3cccc(OC(=O)c4ccc(OC(=O)c5ccc(OCCCCCCCCCCCC)cc5)cc4)c3)cc2)cc1,346.15,train
698ddbe96c00d07d5428c45f,[*]CC[*](C)C(=O)OCCCCCCCCCCCCOc1ccc(C(=O)Oc2ccc(-c3cccc(OC(=O)c4ccc(OC(=O)c5ccc(OCCCCCCCCCCCC)cc5)cc4)c3)cc2)cc1,347.65,train
698ddbe96c00d07d5428c460,[*]CC[*](C)C(=O)Oc1ccc([N+](=O)[O-])c(C)c1,374.15,test
698ddbe96c00d07d5428c461,[*]CC[*](C)C(=O)OCCC(F)(F)C(F)(F)C(F)(F)C(F)(F)F,296.15,train
698ddbe96c00d07d5428c462,[*]CC[*](C)C(=O)OCCCCC(F)(F)C(F)(F)C(F)(F)C(F)(F)F,296.15,train
698ddbe96c00d07d5428c463,[*]CC[*](C)C(=O)OCCCCCCC(F)(F)C(F)(F)C(F)(F)C(F)(F)F,296.15,test
698ddbe96c00d07d5428c464,[*]CC[*]C(=O)Oc1ccc(/N=N/c2ccc([N+](=O)[O-])cc2)cc1,407.15,test
698ddbe96c00d07d5428c465,[*]CC[*]C(=O)Oc1ccc(/N=N/c2ccc(OC)cc2)cc1,413.15,train
698ddbe96c00d07d5428c466,[*]CC[*](C)C(=O)OCCn1c2ccccc2c2cc(/N=N/c3ccc([N+](=O)[O-])cc3[N+](=O)[O-])ccc21,455.15,train
698ddbe96c00d07d5428c467,[*]CC[*](C)C(=O)OCCCCn1c2ccccc2c2cc(/N=N/c3ccc([N+](=O)[O-])cc3[N+](=O)[O-])ccc21,405.15,train
698ddbe96c00d07d5428c468,[*]CC[*](C)C(=O)OCCCCCCCCCCn1c2ccccc2c2cc(/N=N/c3ccc([N+](=O)[O-])cc3[N+](=O)[O-])ccc21,333.15,train
698ddbe96c00d07d5428c469,[*]CC[*](C)C(=O)OCCCCCCCCCCn1c2ccccc2c2cc(/C=C(\C#N)c3ccc([N+](=O)[O-])cc3)ccc21,313.15,test
698ddbe96c00d07d5428c46a,[*]CC[*](C)C(=O)OCCCCCCCCCCn1c2ccccc2c2cc(/C=C(\C#N)C(=O)OC)ccc21,331.15,test
698ddbe96c00d07d5428c46b,[*]CC[*](C)C(=O)OCCCCCCCCCCn1c2ccccc2c2cc(/C=C/C3=C(C#N)C(=C(C#N)C#N)OC3(C)C)ccc21,328.15,val
698ddbe96c00d07d5428c46c,[*]CC[*](C)C(=O)OCc1cccc(Cl)c1,291.4,val
698ddbe96c00d07d5428c46d,[*]CC[*](C)C(=O)OCc1ccc(Cl)cc1,316.75,test
698ddbe96c00d07d5428c46e,[*]CC[*](C)C(=O)OCc1cccc(Cl)c1Cl,315.75,train
698ddbe96c00d07d5428c46f,[*]CC[*](C)C(=O)OCc1ccc(Cl)cc1Cl,292.54999999999995,train
698ddbe96c00d07d5428c470,[*]CC[*](C)C(=O)OCc1cc(Cl)ccc1Cl,300.95,train
698ddbe96c00d07d5428c471,[*]CC[*](C)C(=O)OCc1c(Cl)cccc1Cl,332.04999999999995,train
698ddbe96c00d07d5428c472,[*]CC[*](C)C(=O)OCc1cc(Cl)cc(Cl)c1,303.09999999999997,test
698ddbe96c00d07d5428c473,[*]CC[*](C)C(=O)OC1CCOCC1,426.65,val
698ddbe96c00d07d5428c474,[*]CC[*](C)C(=O)Oc1ccc(C(=O)c2ccccc2)cc1,391.15,train
698ddbe96c00d07d5428c475,[*]CC[*](C)C(=O)OCCCCCCOc1ccc(/N=N/c2ccc(OCCCC)cc2)cc1,352.15,train
698ddbe96c00d07d5428c476,[*]CC[*](C)C(=O)Oc1ccc(C(=O)/C=C/c2ccc(OCc3ccccc3)cc2)cc1,425.15,train
698ddbe96c00d07d5428c477,[*]CC[*](C)C(=O)Oc1ccc(/N=N/c2ccc([N+](=O)[O-])cc2)cc1,418.15,val
698ddbe96c00d07d5428c478,[*]CC[*](C)C(=O)OCCOc1ccc(/N=N/c2ccc([N+](=O)[O-])cc2)cc1,385.15,train
698ddbe96c00d07d5428c479,[*]CC[*](C)C(=O)OCCCCCCOc1ccc(/N=N/c2ccc([N+](=O)[O-])cc2)cc1,381.15,train
698ddbe96c00d07d5428c47a,[*]CC[*](C)C(=O)Oc1ccc(/N=N/c2ccc(OC)cc2)cc1,393.15,train
698ddbe96c00d07d5428c47b,[*]CC[*](C)C(=O)OCCOc1ccc(/N=N/c2ccc(OC)cc2)cc1,382.15,test
698ddbe96c00d07d5428c47c,[*]CC[*](C)C(=O)OCCCCCCOc1ccc(C(=O)Oc2ccc(/N=N/c3ccccc3)c3ccccc23)cc1,319.15,train
698ddbe96c00d07d5428c47d,[*]CC[*](C)C(=O)OCCCCCCOc1ccc(C(=O)Oc2ccc(/N=N/c3ccc(C)cc3)c3ccccc23)cc1,313.15,train
698ddbe96c00d07d5428c47e,[*]CC[*](C)C(=O)OCCCCCCOc1ccc(C(=O)Oc2ccc(/N=N/c3ccc(C#N)cc3)c3ccccc23)cc1,314.15,test
698ddbe96c00d07d5428c47f,[*]CC[*](C)C(=O)OCCCOc1ccc(C(=O)Oc2ccc3ccc(=O)oc3c2)cc1,341.15,train
698ddbe96c00d07d5428c480,[*]CC[*](C)C(=O)OCCCCCCOc1ccc(C(=O)Oc2ccc3ccc(=O)oc3c2)cc1,375.15,train
698ddbe96c00d07d5428c481,[*]CC[*](C)C(=O)OCC1CC(NC(=O)OC(C)(C)C)CN1C(=O)OC(C)(C)C,400.15,test
698ddbe96c00d07d5428c482,[*]CC[*](C)C(=O)OCC1CC(NC(=O)C2CC(NC(=O)OC(C)(C)C)CN2C(=O)OC(C)(C)C)CN1C(=O)C1CC(NC(=O)OC(C)(C)C)CN1C(=O)OC(C)(C)C,473.15,test
698ddbe96c00d07d5428c483,[*]CC[*](C)C(=O)OCC1OC(n2ccc(=O)[nH]c2=O)C(O)C1O,416.65,train
698ddbe96c00d07d5428c484,[*]CC[*](C)C(=O)NC1C(O)OC(CO)C(O)C1O,363.65,val
698ddbe96c00d07d5428c485,[*]CC[*](C)C(=O)OC1(C)CCCN(c2ccc(/N=N/c3ccc(/C=C(\C#N)S(C)(=O)=O)cc3)cc2)C1,469.15,train
698ddbe96c00d07d5428c486,[*]CC[*](C)C(=O)OCCCCCCCCCCOc1ccc(C#Cc2cc(C)c(/C=C/c3ccncc3)cc2C)cc1,338.54999999999995,val
698ddbe96c00d07d5428c487,[*]CC[*](C)C(=O)OCCCCCCCCCCOc1ccc(C#Cc2cc(OC)c(/C=C/c3ccncc3)cc2OC)cc1,360.25,train
698ddbe96c00d07d5428c488,[*]CC[*](C)C(=O)OCCCCCCCCCCOc1ccc(C(=O)Oc2ccc(C(=O)/C=C/c3c(C)c4ccccc4n3CCCC)cc2)cc1,330.15,test
698ddbe96c00d07d5428c489,[*]CC[*](C)C(=O)OCCCCCCCCOc1ccc(C(=O)Oc2ccc(C(=O)/C=C/c3c(C)c4ccccc4n3CCCC)cc2)cc1,342.15,val
698ddbe96c00d07d5428c48a,[*]CC[*](C)C(=O)OCCCCCCOc1ccc(C(=O)Oc2ccc(C(=O)/C=C/c3c(C)c4ccccc4n3CCCC)cc2)cc1,358.15,train
698ddbe96c00d07d5428c48b,[*]CC[*](C)C(=O)OCCCCCCCCCCOc1ccc(C(=O)Oc2ccc(C(=O)/C=C/c3c(C)c4ccccc4n3C)cc2)cc1,345.15,val
698ddbe96c00d07d5428c48c,[*]CC[*](C)C(=O)OCCCCCCCCOc1ccc(C(=O)Oc2ccc(C(=O)/C=C/c3c(C)c4ccccc4n3C)cc2)cc1,348.15,train
698ddbe96c00d07d5428c48d,[*]CC[*](C)C(=O)OCCCCCCOc1ccc(C(=O)Oc2ccc(C(=O)/C=C/c3c(C)c4ccccc4n3C)cc2)cc1,371.15,test
698ddbe96c00d07d5428c48e,[*]CC[*](C)C(=O)OCCCCC(F)(F)C(F)(F)C(F)(F)C(F)(F)C(F)(F)C(F)(F)F,296.15,train
698ddbe96c00d07d5428c48f,[*]CC[*](C)C(=O)OCCN(CC)c1ccc(/N=N/c2ccc(OC)cc2)c(C)c1,368.15,train
698ddbe96c00d07d5428c490,[*]CC[*]C(=O)OCCCOc1ccc(C(=O)OCCCC(F)(F)C(F)(F)C(F)(F)C(F)(F)C(F)(F)C(F)(F)F)cc1,290.15,train
698ddbe96c00d07d5428c491,[*]CC[*]C(=O)OCCCOc1ccc(C(=O)OCCCC(F)(F)C(F)(F)C(F)(F)C(F)(F)C(F)(F)C(F)(F)C(F)(F)C(F)(F)F)cc1,321.15,test
698ddbe96c00d07d5428c492,[*]CC[*](C)C(=O)OCCCCCCCCCCCCCCC(=O)NC1OC(COC(C)=O)C(OC2OC(COC(C)=O)C(OC(C)=O)C(OC(C)=O)C2OC(C)=O)C(OC(C)=O)C1OC(C)=O,368.34999999999997,train
698ddbe96c00d07d5428c493,[*]CC[*](C)C(=O)OCCCCCCCCCCCCCCC(=O)NC1OC(CO)C(OC2OC(CO)C(O)C(O)C2O)C(O)C1O,406.15,train
698ddbe96c00d07d5428c494,[*]CC[*](C)C(=O)OCCCCCCOc1ccc(C(=O)Oc2ccc(/N=N/c3ccc(F)cc3)c3ccccc23)cc1,315.15,test
698ddbe96c00d07d5428c495,[*]CC[*](C)C(=O)OCCCCCCOc1ccc(C(=O)Oc2ccc(/N=N/c3ccc(Cl)cc3)c3ccccc23)cc1,323.15,train
698ddbe96c00d07d5428c496,[*]CC[*](C)C(=O)OCCCCCCOc1ccc(C(=O)Oc2ccc(/N=N/c3ccc(Br)cc3)c3ccccc23)cc1,319.15,train
698ddbe96c00d07d5428c497,[*]CC[*](C)C(=O)OCCCCCCOc1ccc(C(=O)Oc2ccc(/N=N/c3ccc(I)cc3)c3ccccc23)cc1,313.15,train
698ddbe96c00d07d5428c498,[*]CC[*](C)C(=O)OCCCCCCN1CCN(c2ccc(/N=N/c3ccc(C#N)cc3)cc2)CC1,350.15,train
698ddbe96c00d07d5428c499,[*]CC[*](C)C(=O)OCCN(CC)c1ccccc1,310.65,train
698ddbe96c00d07d5428c49a,[*]CC[*](C)C(=O)OCCN(CC)c1ccc(/N=N/c2ccc(C#N)cc2)cc1,392.15,test
698ddbe96c00d07d5428c49b,[*]C1C2CC(C(=O)OCCc3ccc(N(c4ccccc4)c4ccccc4)cc3)C(C2)C1[*],580.15,train
698ddbe96c00d07d5428c49c,[*]C1C2CC(C(=O)OCCc3ccc(N(c4ccccc4)c4cccc(C)c4)cc3)C(C2)C1[*],578.15,train
698ddbe96c00d07d5428c49d,[*]C1C2CC(C(=O)OCCc3ccc(N(c4ccccc4)c4cccc5ccccc45)cc3)C(C2)C1[*],606.15,train
698ddbe96c00d07d5428c49e,[*]CC[*](C)C(=O)OCCCCCCCCCCOc1ccc(/N=N/c2ccc([N+](=O)[O-])cc2)cc1,328.15,train
698ddbe96c00d07d5428c49f,[*]CC[*](C)C(=O)OCCCCCCCCCCOc1ccc(/N=N/c2ccc(C#N)cc2)cc1,324.15,train
698ddbe96c00d07d5428c4a0,[*]CC[*](C)C(=O)OCCCCCCCCCCOc1ccc(/N=N/c2ccc(F)cc2)cc1,322.15,train
698ddbe96c00d07d5428c4a1,[*]CC[*](C)C(=O)OCCCCCCCCCCOc1ccc(/N=N/c2ccc(Cl)cc2)cc1,327.15,test
698ddbe96c00d07d5428c4a2,[*]CC[*](C)C(=O)OCCCCCCCCCCOc1ccc(/N=N/c2ccccc2)cc1,329.15,test
698ddbe96c00d07d5428c4a3,[*]CC[*](C)C(=O)OCCCCCCCCCCOc1ccc(/N=N/c2ccc(OC)cc2)cc1,335.15,train
698ddbe96c00d07d5428c4a4,[*]CC[*](C)C(=O)OCC[N+](C)(C)CCCCCCC,229.14999999999998,train
698ddbe96c00d07d5428c4a5,[*]CC[*](C)C(=O)OCCCCCCN1CCN(c2ccc(/N=N/c3ccc([N+](=O)[O-])cc3)cc2)CC1,333.15,train
698ddbe96c00d07d5428c4a6,[*]CC[*](C)C(=O)OCCCCCCN1CCN(c2ccc(/N=N/c3ccc(C=C(C#N)C#N)cc3)cc2)CC1,356.15,train
698ddbe96c00d07d5428c4a7,[*]CC[*](C)C(=O)OCC#CO[Si](C)(C)C,330.15,train
698ddbe96c00d07d5428c4a8,[*]CC[*](C)C(=O)Oc1ccc(/C=C/c2ccccc2)cc1,416.15,test
698ddbe96c00d07d5428c4a9,[*]CC[*](C)C(=O)Oc1c(OC)cc(/C=C/c2ccccc2)cc1OC,413.15,test
698ddbe96c00d07d5428c4aa,[*]CC[*](C)C(=O)OCc1ccc2c(c1)OCCOCCOCCOCCO2,311.15,test
698ddbe96c00d07d5428c4ab,[*]CC[*](C)C(=O)OCc1ccc(OCCOCC)c(OCCOCC)c1,271.15,train
698ddbe96c00d07d5428c4ac,[*]CC[*](C)C(=O)OCc1ccc(OCCOCCOCC)c(OCCOCCOCC)c1,240.14999999999998,val
698ddbe96c00d07d5428c4ad,[*]CC[*](C)C(=O)OCc1ccc(OCCOCCOCCOCC)c(OCCOCCOCCOCC)c1,181.14999999999998,train
698ddbe96c00d07d5428c4ae,[*]C1C[*]C2CC1C(C(=O)OCc1ccccc1)C2C(=O)OCc1ccccc1,550.15,train
698ddbe96c00d07d5428c4af,[*]C1C[*]C2CC1C(C(=O)OCCc1ccccc1)C2C(=O)OCCc1ccccc1,527.15,train
698ddbe96c00d07d5428c4b0,[*]C1C[*]C2CC1C(C(=O)OCCCc1ccccc1)C2C(=O)OCCCc1ccccc1,473.15,train
698ddbe96c00d07d5428c4b1,[*]C1C[*]C2CC1C(C(=O)OCC13CC4CC(CC(C4)C1)C3)C2C(=O)OCC12CC3CC(CC(C3)C1)C2,601.15,val
698ddbe96c00d07d5428c4b2,[*]C1C[*]C2CC1C(C(=O)OCCC13CC4CC(CC(C4)C1)C3)C2C(=O)OCCC12CC3CC(CC(C3)C1)C2,573.15,val
698ddbe96c00d07d5428c4b3,[*]C1C[*]C2CC1C(C(=O)OCC1CC3CCC1C3)C2C(=O)OCC1CC2CCC1C2,593.15,train
698ddbe96c00d07d5428c4b4,[*]C1C[*]C2CC1C(C(=O)OCCC1CC3CCC1C3)C2C(=O)OCCC1CC2CCC1C2,533.15,train
698ddbe96c00d07d5428c4b5,[*]CC[*](C)C(=O)Oc1ccc(OCc2ccccc2)cc1,368.45,train
698ddbe96c00d07d5428c4b6,[*]CC[*](C)C(=O)OCCC1CC[N+](C)(CCCCCCOc2ccc(/N=N/c3ccc([N+](=O)[O-])cc3)cc2)CC1,330.95,train
698ddbe96c00d07d5428c4b7,[*]CC[*]C(=O)N1CC[NH+](CC)CC1,345.65,train
698ddbe96c00d07d5428c4b8,[*]CC[*](C)C(=O)OCCC[Si]12O[Si]3(CC(C)C)O[Si]4(CC(C)C)O[Si](CC(C)C)(O1)O[Si]1(CC(C)C)O[Si](CC(C)C)(O2)O[Si](CC(C)C)(O3)O[Si](CC(C)C)(O4)O1,358.15,train
698ddbe96c00d07d5428c4b9,[*]CCCCCCC(Cl)C[*]Cl,255.14999999999998,train
698ddbe96c00d07d5428c4ba,[*]C(F)C[*]C(F)(F)F,360.15,train
698ddbe96c00d07d5428c4bb,[*]C(F)(F)C1(F)C(F)(F)C[*](F)C(F)(F)C(F)(F)C(F)(F)C1(F)F,471.15,train
698ddbe96c00d07d5428c4bc,[*]C([2H])([2H])C[*]([2H])Cl,358.15,train
698ddbe96c00d07d5428c4bd,[*]CCCCCCCCC[*]Cl,240.14999999999998,test
698ddbe96c00d07d5428c4be,[*]/C(C)=C(/[*])CCC,473.15,train
698ddbe96c00d07d5428c4bf,[*]/C(C)=C(/[*])CCCCC,453.15,train
698ddbe96c00d07d5428c4c0,[*]/C(C)=C(/[*])CCCCCCC,433.15,train
698ddbe96c00d07d5428c4c1,[*]/C=C(/[*])C(C)(C)C,473.15,test
698ddbe96c00d07d5428c4c2,[*]c1ccc2c(c1)C[*](C)CC2(C)C,488.65,train
698ddbe96c00d07d5428c4c3,[*]/C(=C(\[2H])C([2H])([2H])C[*]([2H])[2H])C([2H])([2H])[2H],215.14999999999998,train
698ddbe96c00d07d5428c4c4,[*]C([2H])([2H])C[*]([2H])C([2H])=C([2H])[2H],274.15,train
698ddbe96c00d07d5428c4c5,[*]/C=C/C1CC[*]C2CC=CC12,422.15,train
698ddbe96c00d07d5428c4c6,[*]/C=C/C1CC[*]C2CC=CC12,422.15,train
698ddbe96c00d07d5428c4c7,[*]CC(C)/C=C(/[*])C,275.45,train
698ddbe96c00d07d5428c4c8,[*]C1C2C/C(=C\C)C(C2)C1[*],334.54999999999995,train
698ddbe96c00d07d5428c4c9,[*]C1C[*]C2CC1C1C=CCC12,418.15,train
698ddbe96c00d07d5428c4ca,[*]/C=C/C1CC[*]C(C2CC=CCC2)C1,378.15,val
698ddbe96c00d07d5428c4cb,[*]c1ccc2c(c1)C(CCCCCCCC)(CCCCCCCC)c1cc[*]ccc1-2,328.15,train
698ddbe96c00d07d5428c4cc,[*]/C=C/C1CC[*]C2CC=CC12,326.15,train
698ddbe96c00d07d5428c4cd,[*]/C=C/C1CC[*]C2CC=CC12,326.15,train
698ddbe96c00d07d5428c4ce,[*]c1ccc2c(c1)C(CC(CC)CCCC)(CC(CC)CCCC)c1cc[*]ccc1-2,302.15,train
698ddbe96c00d07d5428c4cf,[*]c1ccc2c(c1)C(CCCCCC)(CCCCCC)c1cc[*]ccc1-2,377.15,train
698ddbe96c00d07d5428c4d0,[*]CC(C)(C)C1CC=C[*]CC1,350.15,train
698ddbe96c00d07d5428c4d1,[*]/C=C/C1C/C(=C\C)C[*]C1,394.15,test
698ddbe96c00d07d5428c4d2,[*]/C=C/c1ccc2c(c1)C(CC(CC)CCCC)(CC(CC)CCCC)c1cc[*]ccc1-2,438.15,train
698ddbe96c00d07d5428c4d3,[*]/C=C/C[*](C)C,264.15,train
698ddbe96c00d07d5428c4d4,[*]/C=C/C1CC[*]C2C3CCC(C3)C12,480.54999999999995,train
698ddbe96c00d07d5428c4d5,[*]CCOCCOC(=O)CCCCCCCCCCC(=O)O[*],202.14999999999998,train
698ddbe96c00d07d5428c4d6,[*]c1ccc(Oc2ccc(-c3nc(-c4cccc(-c5nnc(-c6ccccc6)c[*]n5)n4)nnc3-c3ccccc3)cc2)cc1,492.15,train
698ddbe96c00d07d5428c4d7,[*]c1ccc(Oc2ccc(-c3cnnc(-c4cccc(-c5ncc[*]nn5)n4)n3)cc2)cc1,496.15,train
698ddbe96c00d07d5428c4d8,[*]Oc1ccc(C(C)(C)c2ccc(Oc3nc[*]nc(Cl)n3)cc2)cc1,353.15,val
698ddbe96c00d07d5428c4d9,[*]OC(=O)Oc1ccc(C(C)(C)c2ccc(OC(=O)OC3CC4CC[*]CC(C3)O4)cc2)cc1,467.15,train
698ddbe96c00d07d5428c4da,[*]OC(=O)Oc1ccc(S(=O)(=O)c2ccc(OC(=O)OC3CC4CC[*]CC(C3)O4)cc2)cc1,457.15,train
698ddbe96c00d07d5428c4db,[*]OC(=O)OC1CC2CC[*]CC(C1)O2,480.15,train
698ddbe96c00d07d5428c4dc,[*]OC(=O)NC1CCC(CC2CCC(NC(=O)OC3CC4CC[*]CC(C3)O4)CC2)CC1,498.15,train
698ddbe96c00d07d5428c4dd,[*]C(=O)OC1CC2CC(OC(=O)N3CCN[*]CC3)CC(C1)O2,386.15,train
698ddbe96c00d07d5428c4de,[*]OC(=O)Nc1ccc(Cc2ccc(NC(=O)OC3CC4CC[*]CC(C3)O4)cc2)cc1,473.15,train
698ddbe96c00d07d5428c4df,[*]OC(=O)c1ccc(C(=O)OC2CC3CC[*]CC(C2)O3)cc1,480.15,train
698ddbe96c00d07d5428c4e0,[*]OC(=O)c1cccc(C(=O)OC2CC3CC[*]CC(C2)O3)c1,386.15,train
698ddbe96c00d07d5428c4e1,[*]c1ccc(OC(=O)c2ccc(C(=O)Oc3ccc(C4[*]OCc5ccccc54)cc3)cc2)cc1,585.15,train
698ddbe96c00d07d5428c4e2,[*]c1ccc(OC(=O)c2ccc(C(=O)Oc3ccc(C4[*]c5ccccc5Oc5ccccc54)cc3)cc2)cc1,525.15,train
698ddbe96c00d07d5428c4e3,[*]OC(=O)Oc1ccc2c(c1)Oc1cc[*]ccc1C21c2ccccc2-c2ccccc21,568.15,train
698ddbe96c00d07d5428c4e4,[*]OC(=O)c1ccc(C(=O)Oc2ccc3c(c2)Oc2cc[*]ccc2C32c3ccccc3-c3ccccc32)cc1,563.15,test
698ddbe96c00d07d5428c4e5,[*]CC(O)COc1ccc(C(C)(C)c2ccc(OCC(O)COc3ccc(S(=O)(=O)c4ccc(O[*])cc4)cc3)cc2)cc1,413.15,train
698ddbe96c00d07d5428c4e6,[*]CC(O)COc1ccc(C(C)(C)c2ccc(OCC(O)COc3ccc(S(=O)(=O)c4ccc(O[*])c(C)c4)cc3C)cc2)cc1,390.65,train
698ddbe96c00d07d5428c4e7,[*]CC(O)COc1ccc(C(C)(C)c2ccc(OCC(O)COc3c(C)cc(S(=O)(=O)c4cc(C)c(O[*])c(C)c4)cc3C)cc2)cc1,410.65,train
698ddbe96c00d07d5428c4e8,[*]CC(O)COc1ccc(S(=O)(=O)c2ccc(OCC(O)COc3ccc(S(=O)(=O)c4ccc(O[*])c(C)c4)cc3C)cc2)cc1,415.65,test
698ddbe96c00d07d5428c4e9,[*]CC(O)COc1ccc(S(=O)(=O)c2ccc(OCC(O)COc3c(C)cc(S(=O)(=O)c4cc(C)c(O[*])c(C)c4)cc3C)cc2)cc1,418.15,test
698ddbe96c00d07d5428c4ea,[*]CC(O)COc1ccc(S(=O)(=O)c2ccc(O[*])c(C)c2)cc1C,405.65,train
698ddbe96c00d07d5428c4eb,[*]CC(O)COc1c(C)cc(S(=O)(=O)c2cc(C)c(O[*])c(C)c2)cc1C,425.65,test
698ddbe96c00d07d5428c4ec,[*]CC(O)COc1ccc(C(=O)c2ccc(OCC(O)COc3ccc(C(C)(C)c4ccc(O[*])cc4)cc3)cc2)cc1,393.15,val
698ddbe96c00d07d5428c4ed,[*]CC(O)COc1ccc(C(=O)c2ccc(O[*])cc2)cc1,403.15,val
698ddbe96c00d07d5428c4ee,[*]CC(O)COc1ccc(C(C)(C)c2ccc(OCC(O)COc3ccc(Oc4ccc(O[*])cc4)cc3)cc2)cc1,358.15,train
698ddbe96c00d07d5428c4ef,[*]CC(O)COc1ccc(C(C)(C)c2ccc(OCC(O)COc3c(C)cc(C(C)(C)c4cc(C)c(O[*])c(C)c4)cc3C)cc2)cc1,373.15,train
698ddbe96c00d07d5428c4f0,[*]CC(O)COc1c(Cl)cc(C(C)(C)c2cc(Cl)c(OCC(O)COc3ccc(C(C)(C)c4ccc(O[*])cc4)cc3)c(Cl)c2)cc1Cl,373.15,train
698ddbe96c00d07d5428c4f1,[*]CC(O)COc1c(C)cc(C(C)(C)c2cc(C)c(OCC(O)COc3ccc(S(=O)(=O)c4ccc(O[*])cc4)cc3)c(C)c2)cc1C,418.15,train
698ddbe96c00d07d5428c4f2,[*]CC(O)COc1c(C)cc(C(C)(C)c2cc(C)c(OCC(O)COc3c(C)cc(S(=O)(=O)c4cc(C)c(O[*])c(C)c4)cc3C)c(C)c2)cc1C,418.15,train
698ddbe96c00d07d5428c4f3,[*]CC(O)COc1c(C)cc(C(C)(C)c2cc(C)c(O[*])c(C)c2)cc1C,403.15,train
698ddbe96c00d07d5428c4f4,[*]Oc1ccc(C(C)(C)c2ccc(OC(=O)c3ccc(Oc4ccc(C[*]=O)cc4)cc3)cc2)cc1,493.15,train
698ddbe96c00d07d5428c4f5,[*]Oc1ccc(C(C)(C)c2ccc(OC(=O)c3cccc(Oc4cccc(C[*]=O)c4)c3)cc2)cc1,358.15,test
698ddbe96c00d07d5428c4f6,[*]C1CCOC1[*],404.15,test
698ddbe96c00d07d5428c4f7,[*]Oc1ccc(Oc2ccc(C(=O)c3ccc(C(=O)c4ccc[*]cc4)cc3)cc2)cc1,425.15,test
698ddbe96c00d07d5428c4f8,[*]Oc1ccc(C(=O)c2ccc(Oc3ccc(C(=O)c4ccc(C(=O)c5ccc[*]cc5)cc4)cc3)cc2)cc1,442.15,test
698ddbe96c00d07d5428c4f9,[*]Oc1ccc(-c2ccc(Oc3ccc(C(=O)c4ccc[*]cc4)cc3)cc2)cc1,440.15,test
698ddbe96c00d07d5428c4fa,[*]Oc1cccc(NC(=O)c2ccc(C(=O)Nc3ccc[*]cc3)cc2)c1,553.15,train
698ddbe96c00d07d5428c4fb,[*]Oc1ccc(C(=O)OCC(C)(C)COC(=O)c2ccc[*]cc2)cc1,346.15,train
698ddbe96c00d07d5428c4fc,[*]CCCCCCCC(=O)OCC1COC[*]O1,250.14999999999998,test
698ddbe96c00d07d5428c4fd,[*]CCCCCCCC(=O)OC1COC[*]OC1,279.65,train
698ddbe96c00d07d5428c4fe,[*]CC(C[N-][N+]#N)(C[N-][N+]#N)CO[*],243.14999999999998,val
698ddbe96c00d07d5428c4ff,[*]CNC(=O)CCCCC(=O)NCC1COC[*]CO1,366.15,train
698ddbe96c00d07d5428c500,[*]CNC(=O)CCCCCCCCC(=O)NCC1COC[*]CO1,346.15,train
698ddbe96c00d07d5428c501,[*]CC(=O)NCCCCCCNC(=O)CC1COC[*]CO1,346.15,train
698ddbe96c00d07d5428c502,[*]c1ccc(Oc2ccc(-c3cc(-c4ccc(Oc5ccc(-c6cc[*]nc7ccccc67)cc5)cc4)c4ccccc4n3)cc2)cc1,573.15,train
698ddbe96c00d07d5428c503,[*]c1ccc(Oc2ccc(-c3c(-c4ccccc4)c(-c4ccc(-c5nc6ccccc6c[*]c5-c5ccccc5)cc4)nc4ccccc34)cc2)cc1,546.15,train
698ddbe96c00d07d5428c504,[*]c1ccc(Oc2ccc(-c3cc(-c4cccc(-c5cc[*]c6ccccc6n5)c4)nc4ccccc34)cc2)cc1,541.15,train
698ddbe96c00d07d5428c505,[*]OC1C(COCC)OC[*]C(OCC)C1OCC,404.29999999999995,train
698ddbe96c00d07d5428c506,[*]OC1C(CO)OC[*]C(O)C1O,605.15,train
698ddbe96c00d07d5428c507,[*]OCC(F)(F)C(F)(F)C(F)(F)COc1nc(F)c(F)c(OCC(F)(F)C(F)(F)C(F)(F)COc2c(F)c[*]nc(F)c2F)c1F,263.15,test
698ddbe96c00d07d5428c508,[*]OCC(F)(F)C(F)(F)C(F)(F)COc1nc(F)nc[*]c1F,273.15,train
698ddbe96c00d07d5428c509,[*]c1ccc(Oc2ccc(-c3cc(-c4ccccc4)c4cc5c(-c6ccccc6)cc[*]nc5cc4n3)cc2)cc1,653.65,train
698ddbe96c00d07d5428c50a,[*]c1ccc(Oc2ccc(-c3cc(-c4ccccc4)c4cc5nc[*]cc(-c6ccccc6)c5cc4n3)cc2)cc1,638.15,train
698ddbe96c00d07d5428c50b,[*]OC(F)(C[*](F)F)C(F)(F)F,200.14999999999998,train
698ddbe96c00d07d5428c50c,[*]Oc1cc(C)c[*]c(C)c1Br,553.3,test
698ddbe96c00d07d5428c50d,[*]Oc1c(Cl)cc[*]cc1Cl,449.96999999999997,train
698ddbe96c00d07d5428c50e,[*]Oc1c(C(C)C)cc[*]cc1C(C)C,425.54999999999995,train
698ddbe96c00d07d5428c50f,[*]Oc1ccc(OC(=O)c2cccc(Oc3cccc(C[*]=O)c3)c2)cc1,392.15,val
698ddbe96c00d07d5428c510,[*]Oc1cccc(OC(=O)c2ccc(Oc3ccc(C[*]=O)cc3)cc2)c1,432.15,train
698ddbe96c00d07d5428c511,[*]Oc1ccc(Oc2ccc(Oc3ccc(Oc4ccc(OC(=O)c5cccc(C[*]=O)c5)cc4)cc3)cc2)cc1,407.15,train
698ddbe96c00d07d5428c512,[*]Oc1ccc(Oc2cccc(C(=O)Oc3ccc(OC(=O)c4cccc[*]c4)cc3)c2)cc1,392.15,train
698ddbe96c00d07d5428c513,[*]Oc1ccc2cc(OC(=O)c3cccc(Oc4ccc(Oc5cccc(C[*]=O)c5)cc4)c3)ccc2c1,398.15,train
698ddbe96c00d07d5428c514,[*]Oc1ccc(Oc2ccc(Oc3cccc(C(=O)Oc4ccc(OC(=O)c5cccc[*]c5)cc4)c3)cc2)cc1,374.15,test
698ddbe96c00d07d5428c515,[*]Oc1ccc(Oc2ccc(Oc3cccc(C(=O)Oc4ccc(-c5ccc(OC(=O)c6cccc[*]c6)cc5)cc4)c3)cc2)cc1,392.15,test
698ddbe96c00d07d5428c516,[*]Oc1ccc(Oc2ccc(OC(=O)c3cccc(Oc4ccc(Oc5cccc(C[*]=O)c5)cc4)c3)cc2)cc1,377.15,val
698ddbe96c00d07d5428c517,[*]Oc1cccc(Oc2ccc(Oc3cccc(OC(=O)c4ccc(C[*]=O)cc4)c3)cc2)c1,376.15,test
698ddbe96c00d07d5428c518,[*]Oc1cccc(Oc2ccc(C(=O)Oc3cccc(OC(=O)c4ccc[*]cc4)c3)cc2)c1,404.15,train
698ddbe96c00d07d5428c519,[*]OP(=O)(Oc1ccccc1)Oc1ccc(C(C)(C)c2ccc[*]cc2)cc1,347.65,train
698ddbe96c00d07d5428c51a,[*]OP(=O)(Oc1ccc(Cl)cc1)Oc1ccc(C(C)(C)c2ccc[*]cc2)cc1,344.15,train
698ddbe96c00d07d5428c51b,[*]OP(=O)(Oc1ccc(C(C)(C)c2ccc[*]cc2)cc1)Oc1c(Cl)cccc1Cl,369.15,test
698ddbe96c00d07d5428c51c,[*]OP(=O)(Oc1ccc(C(C)(C)c2ccc[*]cc2)cc1)Oc1c(Cl)cc(Cl)cc1Cl,367.15,val
698ddbe96c00d07d5428c51d,[*]OP(=O)(Oc1ccc(C(C)(C)c2ccc[*]cc2)cc1)Oc1c(Cl)c(Cl)c(Cl)c(Cl)c1Cl,403.15,val
698ddbe96c00d07d5428c51e,[*]OP(=O)(Oc1ccccc1)Oc1c(Cl)c(Cl)c[*]c(Cl)c1Cl,352.15,train
698ddbe96c00d07d5428c51f,[*]OP(=O)(Oc1ccc(Cl)cc1)Oc1c(Cl)c(Cl)c[*]c(Cl)c1Cl,392.15,train
698ddbe96c00d07d5428c520,[*]OP(=O)(Oc1c(Cl)cccc1Cl)Oc1c(Cl)c(Cl)c[*]c(Cl)c1Cl,417.15,train
698ddbe96c00d07d5428c521,[*]OP(=O)(Oc1c(Cl)cc(Cl)cc1Cl)Oc1c(Cl)c(Cl)c[*]c(Cl)c1Cl,400.15,val
698ddbe96c00d07d5428c522,[*]OP(=O)(Oc1c(Cl)c(Cl)c[*]c(Cl)c1Cl)Oc1c(Cl)c(Cl)c(Cl)c(Cl)c1Cl,406.15,train
698ddbe96c00d07d5428c523,[*]Oc1ccc(NC(=O)c2cc(NC(=O)c3ccccc3)cc(C(=O)Nc3ccc[*]cc3)c2)cc1,567.65,train
698ddbe96c00d07d5428c524,[*]ON(C(F)(F)F)C(F)(Cl)C[*](F)F,223.14999999999998,train
698ddbe96c00d07d5428c525,[*]ON(C(F)(F)F)C(F)(F)/C(F)=C(\F)C[*](F)F,266.15,train
698ddbe96c00d07d5428c526,[*]Oc1cccc(Oc2ccc3c(=O)n4c5cc(-c6ccc7c(c6)nc6c8ccc[*]c9cccc(c(=O)n76)c98)ccc5nc4c4cccc2c34)c1,669.65,test
698ddbe96c00d07d5428c527,[*]Oc1cccc(Oc2ccc3c(=O)n4c5cc(Oc6ccc7c(c6)nc6c8ccc[*]c9cccc(c(=O)n76)c98)ccc5nc4c4cccc2c34)c1,642.65,val
698ddbe96c00d07d5428c528,[*]Oc1ccc2cc(Oc3ccc4c(=O)n5c6cc(-c7ccc8c(c7)nc7c9ccc[*]c%10cccc(c(=O)n87)c%109)ccc6nc5c5cccc3c45)ccc2c1,686.15,val
698ddbe96c00d07d5428c529,[*]Oc1ccccc1-c1ccccc1Oc1ccc2c(=O)n3c4cc(-c5ccc6c(c5)nc5c7ccc[*]c8cccc(c(=O)n65)c87)ccc4nc3c3cccc1c23,649.15,train
698ddbe96c00d07d5428c52a,[*]Oc1ccc(Sc2ccc(Oc3ccc4c(=O)n5c6cc(-c7ccc8c(c7)nc7c9ccc[*]c%10cccc(c(=O)n87)c%109)ccc6nc5c5cccc3c45)cc2)cc1,659.15,train
698ddbe96c00d07d5428c52b,[*]Oc1ccc(Sc2ccc(Oc3ccc4c(=O)n5c6cc(Oc7ccc8c(c7)nc7c9ccc[*]c%10cccc(c(=O)n87)c%109)ccc6nc5c5cccc3c45)cc2)cc1,619.15,test
698ddbe96c00d07d5428c52c,[*]Oc1ccc(S(=O)(=O)c2ccc(Oc3ccc4c(=O)n5c6cc(-c7ccc8c(c7)nc7c9ccc[*]c%10cccc(c(=O)n87)c%109)ccc6nc5c5cccc3c45)cc2)cc1,688.15,train
698ddbe96c00d07d5428c52d,[*]Oc1ccc(S(=O)(=O)c2ccc(Oc3ccc4c(=O)n5c6cc(Oc7ccc8c(c7)nc7c9ccc[*]c%10cccc(c(=O)n87)c%109)ccc6nc5c5cccc3c45)cc2)cc1,647.15,train
698ddbe96c00d07d5428c52e,[*]Oc1ccc(C(=O)c2ccc(Oc3ccc4c(=O)n5c6cc(-c7ccc8c(c7)nc7c9ccc[*]c%10cccc(c(=O)n87)c%109)ccc6nc5c5cccc3c45)cc2)cc1,662.15,train
698ddbe96c00d07d5428c52f,[*]Oc1ccc(C(C)(C)c2ccc(Oc3ccc4c(=O)n5c6cc(-c7ccc8c(c7)nc7c9ccc[*]c%10cccc(c(=O)n87)c%109)ccc6nc5c5cccc3c45)cc2)cc1,653.15,train
698ddbe96c00d07d5428c530,[*]Oc1ccc(C(C)(C)c2ccc(Oc3ccc4c(=O)n5c6cc(Oc7ccc8c(c7)nc7c9ccc[*]c%10cccc(c(=O)n87)c%109)ccc6nc5c5cccc3c45)cc2)cc1,607.15,train
698ddbe96c00d07d5428c531,[*]Oc1ccc(C(c2ccccc2)(c2ccccc2)c2ccc(Oc3ccc4c(=O)n5c6cc(-c7ccc8c(c7)nc7c9ccc[*]c%10cccc(c(=O)n87)c%109)ccc6nc5c5cccc3c45)cc2)cc1,630.15,train
698ddbe96c00d07d5428c532,[*]Oc1ccc(C2(c3ccc(Oc4ccc5c(=O)n6c7cc(-c8ccc9c(c8)nc8c%10ccc[*]c%11cccc(c(=O)n98)c%11%10)ccc7nc6c6cccc4c56)cc3)c3ccccc3-c3ccccc32)cc1,694.15,val
698ddbe96c00d07d5428c533,[*]Oc1ccc(C2(c3ccc(Oc4ccc5c(=O)n6c7cc(Oc8ccc9c(c8)nc8c%10ccc[*]c%11cccc(c(=O)n98)c%11%10)ccc7nc6c6cccc4c56)cc3)c3ccccc3-c3ccccc32)cc1,669.15,train
698ddbe96c00d07d5428c534,[*]Oc1ccc(C2(c3ccc(Oc4ccc5c(=O)n6c7cc(-c8ccc9c(c8)nc8c%10ccc[*]c%11cccc(c(=O)n98)c%11%10)ccc7nc6c6cccc4c56)cc3)c3ccccc3C(=O)c3ccccc32)cc1,701.15,val
698ddbe96c00d07d5428c535,[*]ON(C(F)(F)F)C(F)(F)C[*](F)SC(F)(F)F,225.14999999999998,val
698ddbe96c00d07d5428c537,[*]C1Oc2ccccc2C1[*],338.34999999999997,train
698ddbe96c00d07d5428c538,[*]Oc1c(Cl)cc[*]cc1Br,461.65,test
698ddbe96c00d07d5428c539,[*]Oc1c(Br)cc[*]cc1Br,469.15,test
698ddbe96c00d07d5428c53a,[*]c1ccc(Oc2ccc(-n3nc(-c4ccccc4)cc3-c3cccc(-c4cc(-c5ccccc5)nn4[*])c3)cc2)cc1,505.15,train
698ddbe96c00d07d5428c53b,[*]c1ccc(Oc2ccc(-n3nc(-c4ccccc4)cc3-c3ccc(-c4cc(-c5ccccc5)nn4[*])cc3)cc2)cc1,533.15,test
698ddbe96c00d07d5428c53c,[*]c1ccc(Oc2ccc(-n3nccc3-c3ccc(-c4ccnn4[*])cc3)cc2)cc1,516.15,train
698ddbe96c00d07d5428c53d,[*]c1ccc(Oc2ccc(-n3nccc3-c3cccc(-c4ccnn4[*])c3)cc2)cc1,489.15,val
698ddbe96c00d07d5428c53e,[*]OC(C)COC(C)COC(=O)c1ccc(C[*]=O)cc1,310.15,test
698ddbe96c00d07d5428c53f,[*]OC(F)(F)C(F)(F)C[*](F)F,164.14999999999998,train
698ddbe96c00d07d5428c540,[*]Oc1ccc(P(=O)(c2ccccc2)c2ccc(Oc3ccc(-c4ccc[*]cc4)cc3)cc2)cc1,507.15,test
698ddbe96c00d07d5428c541,[*]CCOCCOC(=O)C1CCC(C(=O)O[*])CC1,261.15,train
698ddbe96c00d07d5428c542,[*]CCCCCCCCCCCCOc1ccc(/C=N/N=C/c2ccc(O[*])cc2O)c(O)c1,362.15,train
698ddbe96c00d07d5428c543,[*]COc1ccc(C(c2ccc(O[*])cc2)(C(F)(F)F)C(F)(F)F)cc1,396.15,train
698ddbe96c00d07d5428c544,[*]COc1ccc(C(C)(C)c2ccc(O[*])cc2)cc1,363.15,test
698ddbe96c00d07d5428c545,[*]O[Si](C)(C)O[Si](C)(C)Oc1c(C)cc(-c2cc(C)c[*]c(C)c2)cc1C,328.15,train
698ddbe96c00d07d5428c546,[*]O[Si](C)(C)O[Si](C)(C)O[Si](C)(C)Oc1c(C)cc(-c2cc(C)c[*]c(C)c2)cc1C,287.15,test
698ddbe96c00d07d5428c547,[*]O[Si](C)(C)O[Si](C)(C)O[Si](C)(C)O[Si](C)(C)Oc1c(C)cc(-c2cc(C)c[*]c(C)c2)cc1C,257.15,val
698ddbe96c00d07d5428c548,[*]O[Si](C)(C)O[Si](C)(C)Oc1ccc(-c2ccc[*]cc2)cc1,269.15,train
698ddbe96c00d07d5428c549,[*]Cc1ccc(CO[*])cc1,490.15,train
698ddbe96c00d07d5428c54a,[*]CCCCCCCc1nc2ccc(-c3ccc4nc[*]oc4c3)cc2o1,358.15,test
698ddbe96c00d07d5428c54b,[*]CCCCCCCCCc1nc2ccc(-c3ccc4nc[*]oc4c3)cc2o1,337.15,test
698ddbe96c00d07d5428c54c,[*]CCCCCCCCCCc1nc2ccc(-c3ccc4nc[*]oc4c3)cc2o1,337.15,test
698ddbe96c00d07d5428c54d,[*]CCCCCCCCCCCc1nc2ccc(-c3ccc4nc[*]oc4c3)cc2o1,335.15,test
698ddbe96c00d07d5428c54e,[*]CCCCCCCCCCCCc1nc2ccc(-c3ccc4nc[*]oc4c3)cc2o1,328.15,train
698ddbe96c00d07d5428c54f,[*]Oc1ccc(C(c2ccc(Oc3ccc(C(=O)c4ccc(P(=O)(c5ccccc5)c5ccc(C(=O)c6ccc[*]cc6)cc5)cc4)cc3)cc2)(C(F)(F)F)C(F)(F)F)cc1,480.15,val
698ddbe96c00d07d5428c550,[*]Oc1ccc(C(C)(C)c2ccc(Oc3ccc(C(=O)c4ccc(P(=O)(c5ccccc5)c5ccc(C(=O)c6ccc[*]cc6)cc5)cc4)cc3)cc2)cc1,468.15,train
698ddbe96c00d07d5428c551,[*]Oc1ccc(Oc2ccc(C(=O)c3ccc(P(=O)(c4ccccc4)c4ccc(C(=O)c5ccc[*]cc5)cc4)cc3)cc2)cc1,480.15,val
698ddbe96c00d07d5428c552,[*]Oc1cccc(Oc2ccc(C(=O)c3ccc(P(=O)(c4ccccc4)c4ccc(C(=O)c5ccc[*]cc5)cc4)cc3)cc2)c1,474.15,train
698ddbe96c00d07d5428c553,[*]Oc1ccc2ccc(Oc3ccc(C(=O)Nc4cccc(NC(=O)c5ccc[*]cc5)c4)cc3)cc2c1,441.15,train
698ddbe96c00d07d5428c554,[*]Oc1ccc2ccc(Oc3ccc(C(=O)Nc4cccc(Oc5ccc(NC(=O)c6ccc[*]cc6)cc5)c4)cc3)cc2c1,437.15,train
698ddbe96c00d07d5428c555,[*]Oc1ccc2ccc(Oc3ccc(C(=O)Nc4ccc(Oc5ccc(Oc6ccc(NC(=O)c7ccc[*]cc7)cc6)cc5)cc4)cc3)cc2c1,464.15,test
698ddbe96c00d07d5428c556,[*]Oc1ccc2ccc(Oc3ccc(C(=O)Nc4ccc(C(C)(C)c5ccc(C(C)(C)c6ccc(NC(=O)c7ccc[*]cc7)cc6)cc5)cc4)cc3)cc2c1,428.15,train
698ddbe96c00d07d5428c557,[*]Oc1ccc2ccc(Oc3ccc(C(=O)Nc4ccc(Oc5ccc(C(C)(C)c6ccc(Oc7ccc(NC(=O)c8ccc[*]cc8)cc7)cc6)cc5)cc4)cc3)cc2c1,416.15,train
698ddbe96c00d07d5428c558,[*]Oc1ccc2ccc(Oc3ccc(C(=O)Nc4ccc(Oc5ccc(S(=O)(=O)c6ccc(Oc7ccc(NC(=O)c8ccc[*]cc8)cc7)cc6)cc5)cc4)cc3)cc2c1,500.15,train
698ddbe96c00d07d5428c559,[*]Oc1ccc2ccc(Oc3ccc(C(=O)Nc4ccc(Oc5ccc(C(C)(c6ccccc6)c6ccc(Oc7ccc(NC(=O)c8ccc[*]cc8)cc7)cc6)cc5)cc4)cc3)cc2c1,450.15,train
698ddbe96c00d07d5428c55a,[*]Oc1ccc2ccc(Oc3ccc(C(=O)Nc4ccc(Oc5ccc(C(c6ccc(Oc7ccc(NC(=O)c8ccc[*]cc8)cc7)cc6)(C(F)(F)F)C(F)(F)F)cc5)cc4)cc3)cc2c1,436.15,train
698ddbe96c00d07d5428c55b,[*]Oc1ccc2ccc(Oc3ccc(C(=O)Nc4ccc(Oc5ccc(C(C)(C)c6ccc(C(C)(C)c7ccc(Oc8ccc(NC(=O)c9ccc[*]cc9)cc8)cc7)cc6)cc5)cc4)cc3)cc2c1,439.15,train
698ddbe96c00d07d5428c55c,[*]Oc1ccc(C(c2ccc(Oc3c(F)c(F)c(C(=O)c4c(F)c(F)c[*]c(F)c4F)c(F)c3F)cc2)(C(F)(F)F)C(F)(F)F)cc1,422.15,train
698ddbe96c00d07d5428c55d,[*]Oc1ccc(C2(c3ccc(Oc4c(F)c(F)c(C(=O)c5c(F)c(F)c[*]c(F)c5F)c(F)c4F)cc3)c3ccccc3-c3ccccc32)cc1,496.15,train
698ddbe96c00d07d5428c55e,[*]c1ccc(Oc2c(F)c(F)c(C(=O)c3c(F)c(F)c(Oc4ccc(C5[*]OC(=O)c6ccccc65)cc4)c(F)c3F)c(F)c2F)cc1,488.15,train
698ddbe96c00d07d5428c55f,[*]Oc1ccc(C(C)(c2ccccc2)c2ccc(Oc3c(F)c(F)c(C(=O)c4c(F)c(F)c[*]c(F)c4F)c(F)c3F)cc2)cc1,448.15,train
698ddbe96c00d07d5428c560,[*]Oc1c(F)c(F)c(-c2c(F)c(F)c(Oc3ccc(C(c4ccc[*]cc4)(C(F)(F)F)C(F)(F)F)cc3)c(F)c2F)c(F)c1F,440.15,train
698ddbe96c00d07d5428c561,[*]c1ccc(NC(=O)c2ccc(C(=O)Nc3ccc(-c4nnc[*]o4)cc3)c(Oc3ccccc3)c2)cc1,545.15,train
698ddbe96c00d07d5428c562,[*]c1ccc(Oc2ccc(NC(=O)c3ccc(C(=O)Nc4ccc(Oc5ccc(-c6nnc[*]o6)cc5)cc4)c(Oc4ccccc4)c3)cc2)cc1,518.15,train
698ddbe96c00d07d5428c563,[*]c1ccc(Oc2cccc(NC(=O)c3ccc(C(=O)Nc4cccc(Oc5ccc(-c6nnc[*]o6)cc5)c4)c(Oc4ccccc4)c3)c2)cc1,507.15,train
698ddbe96c00d07d5428c564,[*]c1ccc(C(=O)Nc2ccc(-c3nnc[*]o3)cc2)c(Oc2ccccc2)c1,508.15,val
698ddbe96c00d07d5428c565,[*]c1ccc(Oc2ccc(C(=O)c3ccc(Oc4ccc(C(=O)c5ccc(Oc6ccc(-c7cc[*]n(-c8ccccc8)n7)cc6)cc5)cc4)cc3)cc2)cc1,463.15,train
698ddbe96c00d07d5428c566,[*]c1ccc(Oc2ccc(C(=O)c3cccc(C(=O)c4ccc(Oc5ccc(-c6cc[*]n(-c7ccccc7)n6)cc5)cc4)c3)cc2)cc1,463.15,test
698ddbe96c00d07d5428c567,[*]c1ccc(Oc2ccc(C(=O)c3ccc(Oc4ccc(-c5cc[*]n(-c6ccccc6)n5)cc4)cc3)cc2)cc1,478.15,train
698ddbe96c00d07d5428c568,[*]c1ccc(Oc2ccc(C(=O)c3ccc(C(=O)c4ccc(Oc5ccc(-c6cc[*]n(-c7ccccc7)n6)cc5)cc4)cc3)cc2)cc1,478.15,train
698ddbe96c00d07d5428c569,[*]c1ccc(Oc2ccc(S(=O)(=O)c3ccc(Oc4ccc(-c5cc[*]n(-c6ccccc6)n5)cc4)cc3)cc2)cc1,508.15,test
698ddbe96c00d07d5428c56a,[*]c1ccc(Oc2ccc(P(=O)(c3ccccc3)c3ccc(Oc4ccc(-c5cc[*]n(-c6ccccc6)n5)cc4)cc3)cc2)cc1,512.15,train
698ddbe96c00d07d5428c56b,[*]c1ccc(Oc2ccc(C(=O)c3cccc(C(=O)c4ccc(Oc5ccc(-c6cc[*][nH]n6)cc5)cc4)c3)cc2)cc1,478.15,train
698ddbe96c00d07d5428c56c,[*]c1ccc(Oc2ccc(C(=O)c3ccc(Oc4ccc(-c5cc[*][nH]n5)cc4)cc3)cc2)cc1,502.15,test
698ddbe96c00d07d5428c56d,[*]c1ccc(Oc2ccc(C(=O)c3ccc(C(=O)c4ccc(Oc5ccc(-c6cc[*][nH]n6)cc5)cc4)cc3)cc2)cc1,508.15,train
698ddbe96c00d07d5428c56e,[*]c1ccc(Oc2ccc(S(=O)(=O)c3ccc(Oc4ccc(-c5cc[*][nH]n5)cc4)cc3)cc2)cc1,533.15,test
698ddbe96c00d07d5428c56f,[*]c1ccc(Oc2ccc(P(=O)(c3ccccc3)c3ccc(Oc4ccc(-c5cc[*][nH]n5)cc4)cc3)cc2)cc1,569.15,train
698ddbe96c00d07d5428c570,[*]Oc1ccc(C(=O)OC(C)COC(C)COC(C)COC(=O)c2ccc(OC(=O)c3ccc(C[*]=O)cc3)cc2)cc1,309.15,train
698ddbe96c00d07d5428c571,[*]Oc1ccc(Oc2ccc(C(=O)c3ccc(Oc4ccc(Oc5ccc(C(=O)c6ccc[*]c(C(C)C)c6)cc5)cc4)cc3)cc2C(C)C)cc1,418.15,train
698ddbe96c00d07d5428c572,[*]c1ccc(Oc2ccc(C(=O)c3ccc(Oc4ccc(C5[*]OC(=O)c6ccccc65)cc4)cc3)cc2)cc1,491.15,test
698ddbe96c00d07d5428c573,[*]CC(O[*])c1ccco1,285.65,test
698ddbe96c00d07d5428c574,[*]c1ccc(NC(=O)c2cc(C(=O)Nc3ccc(-c4nnc[*]o4)cc3)cc(N3C(=O)c4ccccc4C3=O)c2)cc1,600.15,test
698ddbe96c00d07d5428c575,[*]c1ccc(Oc2ccc(NC(=O)c3cc(C(=O)Nc4ccc(Oc5ccc(-c6nnc[*]o6)cc5)cc4)cc(N4C(=O)c5ccccc5C4=O)c3)cc2)cc1,558.15,test
698ddbe96c00d07d5428c576,[*]c1ccc(Oc2cccc(NC(=O)c3cc(C(=O)Nc4cccc(Oc5ccc(-c6nnc[*]o6)cc5)c4)cc(N4C(=O)c5ccccc5C4=O)c3)c2)cc1,518.15,val
698ddbe96c00d07d5428c577,[*]c1ccc(Oc2cccc(NC(=O)c3cc(C(=O)Nc4cccc(Oc5ccc(-c6nnc[*]o6)cc5)c4)cc(N4C(=O)c5c(Cl)c(Cl)c(Cl)c(Cl)c5C4=O)c3)c2)cc1,548.15,train
698ddbe96c00d07d5428c578,[*]c1cc(C(=O)Nc2ccc(-c3nnc[*]o3)cc2)cc(N2C(=O)c3ccccc3C2=O)c1,597.15,val
698ddbe96c00d07d5428c579,[*]CC(O)COc1ccc(C(C)(C)c2ccc(OCC(O)COc3cccc(C(=O)Nc4cccc(O[*])c4)c3)cc2)cc1,390.15,train
698ddbe96c00d07d5428c57a,[*]CC(O)COc1ccc(C(C)(C)c2ccc(OCC(O)COc3cccc(NC(=O)C(=O)Nc4cccc(O[*])c4)c3)cc2)cc1,392.15,train
698ddbe96c00d07d5428c57b,[*]CC(O)COc1ccc(C(C)(C)c2ccc(OCC(O)COc3cccc(NC(=O)CCCC(=O)Nc4cccc(O[*])c4)c3)cc2)cc1,384.15,train
698ddbe96c00d07d5428c57c,[*]CC(O)COc1ccc(C(C)(C)c2ccc(OCC(O)COc3cccc(NC(=O)CCCCC(=O)Nc4cccc(O[*])c4)c3)cc2)cc1,376.15,train
698ddbe96c00d07d5428c57d,[*]CC(O)COc1ccc(C(C)(C)c2ccc(OCC(O)COc3cccc(NC(=O)CCCCCC(=O)Nc4cccc(O[*])c4)c3)cc2)cc1,380.15,train
698ddbe96c00d07d5428c57e,[*]CC(O)COc1ccc(C(C)(C)c2ccc(OCC(O)COc3cccc(NC(=O)CCCCCCC(=O)Nc4cccc(O[*])c4)c3)cc2)cc1,365.15,train
698ddbe96c00d07d5428c57f,[*]CC(O)COc1ccc(C(C)(C)c2ccc(OCC(O)COc3cccc(NC(=O)CCCCCCCCCCC(=O)Nc4cccc(O[*])c4)c3)cc2)cc1,363.15,test
698ddbe96c00d07d5428c580,[*]CC(O)COc1ccc(C(C)(C)c2ccc(OCC(O)COc3cccc(NC(=O)Cc4cccc(CC(=O)Nc5cccc(O[*])c5)c4)c3)cc2)cc1,392.15,val
698ddbe96c00d07d5428c581,[*]CC(O)COc1ccc(C(C)(C)c2ccc(OCC(O)COc3cccc(NC(=O)c4cccc(C(=O)Nc5cccc(O[*])c5)c4)c3)cc2)cc1,406.15,test
698ddbe96c00d07d5428c582,[*]CC(O)COc1ccc(C(C)(C)c2ccc(OCC(O)COc3ccc(C(=O)Nc4ccc(O[*])cc4)cc3)cc2)cc1,400.15,test
698ddbe96c00d07d5428c583,[*]CC(O)COc1ccc(C(C)(C)c2ccc(OCC(O)COc3ccccc3C(=O)Nc3ccc(O[*])cc3)cc2)cc1,394.15,train
698ddbe96c00d07d5428c584,[*]CC(O)COc1ccc(C(C)(C)c2ccc(OCC(O)COc3ccc(NC(=O)CCCC(=O)Nc4ccc(O[*])cc4)cc3)cc2)cc1,378.15,train
698ddbe96c00d07d5428c585,[*]CC(O)COc1ccc(C(C)(C)c2ccc(OCC(O)COc3ccc(NC(=O)CCCCC(=O)Nc4ccc(O[*])cc4)cc3)cc2)cc1,385.15,train
698ddbe96c00d07d5428c586,[*]CC(O)COc1ccc(C(C)(C)c2ccc(OCC(O)COc3ccc(NC(=O)CCCCCC(=O)Nc4ccc(O[*])cc4)cc3)cc2)cc1,389.15,test
698ddbe96c00d07d5428c587,[*]Oc1ccc(Sc2ccc(Sc3ccc(Sc4ccc[*]cc4)cc3)cc2)cc1,357.15,test
698ddbe96c00d07d5428c588,[*]Oc1ccc(C(C)(C)c2ccc(Oc3ccc(C(=O)c4cccc5cccc(C(=O)c6ccc[*]cc6)c45)cc3)cc2)cc1,483.65,train
698ddbe96c00d07d5428c589,[*]c1ccc(Oc2ccc(S(=O)(=O)c3ccc(Oc4ccc(C5[*]OC(=O)c6ccccc65)cc4)cc3)cc2)cc1,520.15,train
698ddbe96c00d07d5428c58a,[*]Oc1cccc2ccc(Oc3ccc(NC(=O)c4cccc(C(=O)Nc5ccc[*]cc5)c4)cc3)cc12,529.15,val
698ddbe96c00d07d5428c58b,[*]Oc1cccc2ccc(Oc3ccc(NC(=O)c4cc(C(=O)Nc5ccc[*]cc5)cc(C(C)(C)C)c4)cc3)cc12,536.15,train
698ddbe96c00d07d5428c58c,[*]Oc1cccc2ccc(Oc3ccc(NC(=O)c4ccc(Oc5ccc(C(=O)Nc6ccc[*]cc6)cc5)cc4)cc3)cc12,509.15,train
698ddbe96c00d07d5428c58d,[*]Oc1cccc2ccc(Oc3ccc(NC(=O)c4ccc(S(=O)(=O)c5ccc(C(=O)Nc6ccc[*]cc6)cc5)cc4)cc3)cc12,532.15,test
698ddbe96c00d07d5428c58e,[*]Oc1cccc2ccc(Oc3ccc(NC(=O)c4ccc(C(c5ccc(C(=O)Nc6ccc[*]cc6)cc5)(C(F)(F)F)C(F)(F)F)cc4)cc3)cc12,525.15,val
698ddbe96c00d07d5428c58f,[*]Oc1cccc2ccc(Oc3ccc(NC(=O)c4ccc(Oc5ccc(Oc6ccc(C(=O)Nc7ccc[*]cc7)cc6)cc5)cc4)cc3)cc12,497.15,train
698ddbe96c00d07d5428c590,[*]Oc1cccc2ccc(Oc3ccc(NC(=O)c4ccc(Oc5cccc(Oc6ccc(C(=O)Nc7ccc[*]cc7)cc6)c5)cc4)cc3)cc12,469.15,test
698ddbe96c00d07d5428c591,[*]Oc1cccc2ccc(Oc3ccc(NC(=O)c4ccc(Oc5ccccc5Oc5ccc(C(=O)Nc6ccc[*]cc6)cc5)cc4)cc3)cc12,453.15,train
698ddbe96c00d07d5428c592,[*]Oc1cccc2ccc(Oc3ccc(NC(=O)c4ccc(Oc5ccc(S(=O)(=O)c6ccc(Oc7ccc(C(=O)Nc8ccc[*]cc8)cc7)cc6)cc5)cc4)cc3)cc12,491.15,train
698ddbe96c00d07d5428c593,[*]Oc1cccc2ccc(Oc3ccc(NC(=O)c4ccc(Oc5ccc(C(C)(c6ccccc6)c6ccc(Oc7ccc(C(=O)Nc8ccc[*]cc8)cc7)cc6)cc5)cc4)cc3)cc12,485.15,val
698ddbe96c00d07d5428c594,[*]Oc1cccc2ccc(Oc3ccc(NC(=O)c4ccc(Oc5ccc(C(C)(C)c6cccc(C(C)(C)c7ccc(Oc8ccc(C(=O)Nc9ccc[*]cc9)cc8)cc7)c6)cc5)cc4)cc3)cc12,412.15,train
698ddbe96c00d07d5428c595,[*]Oc1ccc(C(=O)Nc2ccccc2-c2ccc(NC(=O)c3ccc[*]cc3)cc2)cc1,524.15,train
698ddbe96c00d07d5428c596,[*]Oc1ccc(C(=O)Nc2ccc(Br)cc2-c2ccc(NC(=O)c3ccc[*]cc3)cc2)cc1,522.15,train
698ddbe96c00d07d5428c597,[*]Oc1ccc(C(c2ccc(Oc3ccc(C(=O)c4cccc5cccc(C(=O)c6ccc[*]cc6)c45)cc3)cc2)(C(F)(F)F)C(F)(F)F)cc1,486.15,train
698ddbe96c00d07d5428c598,[*]Oc1ccc(Oc2ccc(C(=O)c3cccc4cccc(C(=O)c5ccc[*]cc5)c34)cc2)cc1,475.15,train
698ddbe96c00d07d5428c599,[*]Oc1ccc(C2(c3ccc(Oc4ccc(C(=O)c5cccc6cccc(C(=O)c7ccc[*]cc7)c56)cc4)cc3)c3ccccc3-c3ccccc32)cc1,542.15,train
698ddbe96c00d07d5428c59a,[*]Oc1ccc(-c2ccc(Oc3ccc(C(=O)c4cccc5cccc(C(=O)c6ccc[*]cc6)c45)cc3)cc2)cc1,499.65,train
698ddbe96c00d07d5428c59b,[*]Oc1ccc(Oc2ccc(C(=O)c3cccc4cccc(C(=O)c5ccc[*]cc5)c34)cc2)cc1C(C)(C)C,503.15,train
698ddbe96c00d07d5428c59c,[*]Oc1ccc(C(C)(C)c2ccc(Oc3ccc(C(=O)c4ccc(-c5ccc(C(=O)c6ccc[*]cc6)cc5)cc4)cc3)cc2)cc1,459.15,test
698ddbe96c00d07d5428c59d,[*]Oc1ccc(C(C)(C)c2ccc(Oc3ccc(C(=O)c4ccc5cc(C(=O)c6ccc[*]cc6)ccc5c4)cc3)cc2)cc1,458.15,train
698ddbe96c00d07d5428c59e,[*]Oc1ccc(C(C)(C)c2ccc(Oc3ccc(C(=O)c4c(C)ccc5c(C(=O)c6ccc[*]cc6)c(C)ccc45)cc3)cc2)cc1,495.15,train
698ddbe96c00d07d5428c59f,[*]Oc1ccc(S(=O)(=O)c2ccc(Oc3ccc(C(C)(C)c4ccc(Oc5ccc(C(=O)c6ccc[*]cc6)cc5)cc4)cc3)cc2)cc1,448.15,val
698ddbe96c00d07d5428c5a0,[*]Oc1ccc(Oc2ccc(S(=O)(=O)c3ccc(Oc4ccc(C(=O)c5ccc[*]cc5)cc4)cc3)cc2)cc1,459.15,test
698ddbe96c00d07d5428c5a1,[*]Oc1cccc(Oc2ccc(S(=O)(=O)c3ccc(Oc4ccc(C(=O)c5ccc[*]cc5)cc4)cc3)cc2)c1,440.15,train
698ddbe96c00d07d5428c5a2,[*]Oc1ccc(S(=O)(=O)c2ccc(Oc3ccc(-c4ccc(Oc5ccc(C(=O)c6ccc[*]cc6)cc5)cc4)cc3)cc2)cc1,479.15,train
698ddbe96c00d07d5428c5a3,[*]Oc1ccc2cc(Oc3ccc(S(=O)(=O)c4ccc(Oc5ccc(C(=O)c6ccc[*]cc6)cc5)cc4)cc3)ccc2c1,472.15,train
698ddbe96c00d07d5428c5a4,[*]Oc1cccc(Oc2cccc[*]c2)c1C#N,418.15,train
698ddbe96c00d07d5428c5a5,[*]Oc1ccc(Oc2ccc(Oc3ccc(C(C)(C)c4ccc[*]cc4)cc3)cc2)cc1,395.15,train
698ddbe96c00d07d5428c5a6,[*]Oc1ccc(-c2ccc(Oc3ccc(C(C)(C)c4ccc[*]cc4)cc3)cc2)cc1,427.15,val
698ddbe96c00d07d5428c5a7,[*]Oc1ccc(-c2ccc(-c3ccc(Oc4ccc(C(C)(C)c5ccc[*]cc5)cc4)cc3)cc2)cc1,455.15,train
698ddbe96c00d07d5428c5a8,[*]Oc1ccc(S(=O)(=O)c2ccc(Oc3ccc(C(C)(C)c4ccc[*]c(C)c4)cc3C)cc2)cc1,453.15,train
698ddbe96c00d07d5428c5a9,[*]Oc1ccc(S(=O)(=O)c2ccc(Oc3c(C)cc(-c4cc(C)c[*]c(C)c4)cc3C)cc2)cc1,553.3499999999999,train
698ddbe96c00d07d5428c5aa,[*]Oc1ccc(S(=O)(=O)c2ccc(Oc3c(C(C)C)cc(C(C)(C)c4cc(C(C)C)c[*]c(C(C)C)c4)cc3C(C)C)cc2)cc1,448.15,train
698ddbe96c00d07d5428c5ab,[*]c1ccc2oc(-c3ccc(Oc4ccc(-c5nc6cc(C[*](C(F)(F)F)C(F)(F)F)ccc6o5)cc4)cc3)nc2c1,576.15,train
698ddbe96c00d07d5428c5ac,[*]c1ccc2oc(-c3ccc(Oc4ccc(-c5nc6cc(C[*](c7ccccc7)C(F)(F)F)ccc6o5)cc4)cc3)nc2c1,572.15,train
698ddbe96c00d07d5428c5ad,[*]c1ccc2oc(-c3ccc(C(c4ccccc4)(c4ccc(-c5nc6cc(C[*](C(F)(F)F)C(F)(F)F)ccc6o5)cc4)C(F)(F)F)cc3)nc2c1,583.15,train
698ddbe96c00d07d5428c5ae,[*]c1ccc2oc(-c3ccc(C(c4ccccc4)(c4ccc(-c5nc6cc(C[*](c7ccccc7)C(F)(F)F)ccc6o5)cc4)C(F)(F)F)cc3)nc2c1,603.15,train
698ddbe96c00d07d5428c5af,[*]c1ccc2oc(-c3cccc(-c4nc5cc(C[*](C(F)(F)F)C(F)(F)F)ccc5o4)c3)nc2c1,574.15,val
698ddbe96c00d07d5428c5b0,[*]c1ccc2oc(-c3cccc(-c4nc5cc(C[*](c6ccccc6)C(F)(F)F)ccc5o4)c3)nc2c1,574.15,train
698ddbe96c00d07d5428c5b1,[*]c1ccc2oc(-c3ccc(-c4nc5cc(C[*](C(F)(F)F)C(F)(F)F)ccc5o4)cc3)nc2c1,644.65,train
698ddbe96c00d07d5428c5b2,[*]c1ccc2oc(-c3ccc(-c4nc5cc(C[*](c6ccccc6)C(F)(F)F)ccc5o4)cc3)nc2c1,642.15,train
698ddbe96c00d07d5428c5b3,[*]c1ccc2oc(-c3ccc(C(c4ccc(-c5nc6cc(C[*](C(F)(F)F)C(F)(F)F)ccc6o5)cc4)(C(F)(F)F)C(F)(F)F)cc3)nc2c1,609.15,test
698ddbe96c00d07d5428c5b4,[*]c1ccc2oc(-c3ccc(C(c4ccc(-c5nc6cc(C[*](c7ccccc7)C(F)(F)F)ccc6o5)cc4)(C(F)(F)F)C(F)(F)F)cc3)nc2c1,607.15,train
698ddbe96c00d07d5428c5b5,[*]Oc1cccc(C(=O)c2ccc[*]cc2)c1,410.15,train
698ddbe96c00d07d5428c5b6,[*]Oc1ccc(C(C)(C)c2ccc(Oc3ccc(C(=O)c4c(C(=O)c5ccc[*]cc5)c(-c5ccc(F)cc5)c(-c5ccc(F)cc5)c(-c5ccc(F)cc5)c4-c4ccc(F)cc4)cc3)cc2)cc1,525.15,test
698ddbe96c00d07d5428c5b7,[*]Oc1ccc(C(c2ccc(Oc3ccc(C(=O)c4c(C(=O)c5ccc[*]cc5)c(-c5ccc(F)cc5)c(-c5ccc(F)cc5)c(-c5ccc(F)cc5)c4-c4ccc(F)cc4)cc3)cc2)(C(F)(F)F)C(F)(F)F)cc1,526.15,train
698ddbe96c00d07d5428c5b8,[*]Oc1ccc(-c2ccc(Oc3ccc(C(=O)c4c(C(=O)c5ccc[*]cc5)c(-c5ccc(F)cc5)c(-c5ccc(F)cc5)c(-c5ccc(F)cc5)c4-c4ccc(F)cc4)cc3)cc2)cc1,548.15,train
698ddbe96c00d07d5428c5b9,[*]Oc1ccc(C(=O)c2ccc(Oc3ccc(C(=O)c4c(C(=O)c5ccc[*]cc5)c(-c5ccc(F)cc5)c(-c5ccc(F)cc5)c(-c5ccc(F)cc5)c4-c4ccc(F)cc4)cc3)cc2)cc1,533.15,train
698ddbe96c00d07d5428c5ba,[*]Oc1ccc(C2(c3ccc(Oc4ccc(C(=O)c5c(C(=O)c6ccc[*]cc6)c(-c6ccc(F)cc6)c(-c6ccc(F)cc6)c(-c6ccc(F)cc6)c5-c5ccc(F)cc5)cc4)cc3)c3ccccc3-c3ccccc32)cc1,566.15,train
698ddbe96c00d07d5428c5bb,[*]Oc1ccc(Oc2ccc(C(=O)c3c(C(=O)c4ccc[*]cc4)c(-c4ccc(F)cc4)c(-c4ccc(F)cc4)c(-c4ccc(F)cc4)c3-c3ccc(F)cc3)cc2)cc1,539.15,test
698ddbe96c00d07d5428c5bc,[*]Oc1ccc(C(C)(C)c2ccc(Oc3ccc(C(=O)c4c(C(=O)c5ccc[*]cc5)c(-c5ccccc5)c(-c5ccc6ccccc6c5)c(-c5ccc6ccccc6c5)c4-c4ccccc4)cc3)cc2)cc1,537.15,train
698ddbe96c00d07d5428c5bd,[*]Oc1ccc(C(c2ccc(Oc3ccc(C(=O)c4c(C(=O)c5ccc[*]cc5)c(-c5ccccc5)c(-c5ccc6ccccc6c5)c(-c5ccc6ccccc6c5)c4-c4ccccc4)cc3)cc2)(C(F)(F)F)C(F)(F)F)cc1,548.15,train
698ddbe96c00d07d5428c5be,[*]Oc1ccc(-c2ccc(Oc3ccc(C(=O)c4c(C(=O)c5ccc[*]cc5)c(-c5ccccc5)c(-c5ccc6ccccc6c5)c(-c5ccc6ccccc6c5)c4-c4ccccc4)cc3)cc2)cc1,563.15,test
698ddbe96c00d07d5428c5bf,[*]Oc1ccc(C(=O)c2ccc(Oc3ccc(C(=O)c4c(C(=O)c5ccc[*]cc5)c(-c5ccccc5)c(-c5ccc6ccccc6c5)c(-c5ccc6ccccc6c5)c4-c4ccccc4)cc3)cc2)cc1,563.15,train
698ddbe96c00d07d5428c5c0,[*]Oc1ccc(C2(c3ccc(Oc4ccc(C(=O)c5c(C(=O)c6ccc[*]cc6)c(-c6ccccc6)c(-c6ccc7ccccc7c6)c(-c6ccc7ccccc7c6)c5-c5ccccc5)cc4)cc3)c3ccccc3-c3ccccc32)cc1,583.15,test
698ddbe96c00d07d5428c5c1,[*]c1ccc(Oc2ccc(C(c3ccc(Oc4ccc(-c5nnc[*]c6c(-c7ccc(F)cc7)c(-c7ccc(F)cc7)c(-c7ccc(F)cc7)c(-c7ccc(F)cc7)c56)cc4)cc3)(C(F)(F)F)C(F)(F)F)cc2)cc1,561.15,val
698ddbe96c00d07d5428c5c2,[*]c1ccc(Oc2ccc(-c3ccc(Oc4ccc(-c5nnc[*]c6c(-c7ccc(F)cc7)c(-c7ccc(F)cc7)c(-c7ccc(F)cc7)c(-c7ccc(F)cc7)c56)cc4)cc3)cc2)cc1,593.15,train
698ddbe96c00d07d5428c5c3,[*]c1ccc(Oc2ccc(C(=O)c3ccc(Oc4ccc(-c5nnc[*]c6c(-c7ccc(F)cc7)c(-c7ccc(F)cc7)c(-c7ccc(F)cc7)c(-c7ccc(F)cc7)c56)cc4)cc3)cc2)cc1,586.15,train
698ddbe96c00d07d5428c5c4,[*]c1ccc(Oc2ccc(C3(c4ccc(Oc5ccc(-c6nnc[*]c7c(-c8ccc(F)cc8)c(-c8ccc(F)cc8)c(-c8ccc(F)cc8)c(-c8ccc(F)cc8)c67)cc5)cc4)c4ccccc4-c4ccccc43)cc2)cc1,594.15,train
698ddbe96c00d07d5428c5c5,[*]c1ccc(Oc2ccc(Oc3ccc(-c4nnc[*]c5c(-c6ccc(F)cc6)c(-c6ccc(F)cc6)c(-c6ccc(F)cc6)c(-c6ccc(F)cc6)c45)cc3)cc2)cc1,582.15,train
698ddbe96c00d07d5428c5c6,[*]c1ccc(Oc2ccc(C(C)(C)c3ccc(Oc4ccc(-c5nnc[*]c6c(-c7ccccc7)c(-c7ccc8ccccc8c7)c(-c7ccc8ccccc8c7)c(-c7ccccc7)c56)cc4)cc3)cc2)cc1,563.15,train
698ddbe96c00d07d5428c5c7,[*]c1ccc(Oc2ccc(C(c3ccc(Oc4ccc(-c5nnc[*]c6c(-c7ccccc7)c(-c7ccc8ccccc8c7)c(-c7ccc8ccccc8c7)c(-c7ccccc7)c56)cc4)cc3)(C(F)(F)F)C(F)(F)F)cc2)cc1,564.15,train
698ddbe96c00d07d5428c5c8,[*]c1ccc(Oc2ccc(-c3ccc(Oc4ccc(-c5nnc[*]c6c(-c7ccccc7)c(-c7ccc8ccccc8c7)c(-c7ccc8ccccc8c7)c(-c7ccccc7)c56)cc4)cc3)cc2)cc1,607.15,train
698ddbe96c00d07d5428c5c9,[*]c1ccc(Oc2ccc(C(=O)c3ccc(Oc4ccc(-c5nnc[*]c6c(-c7ccccc7)c(-c7ccc8ccccc8c7)c(-c7ccc8ccccc8c7)c(-c7ccccc7)c56)cc4)cc3)cc2)cc1,585.15,train
698ddbe96c00d07d5428c5ca,[*]c1ccc(Oc2ccc(C3(c4ccc(Oc5ccc(-c6nnc[*]c7c(-c8ccccc8)c(-c8ccc9ccccc9c8)c(-c8ccc9ccccc9c8)c(-c8ccccc8)c67)cc5)cc4)c4ccccc4-c4ccccc43)cc2)cc1,607.15,train
698ddbe96c00d07d5428c5cb,[*]OC(=O)c1ccc(C(=O)OC2COC3C[*]COC23)o1,465.65,val
698ddbe96c00d07d5428c5cc,[*]C(=O)NNC(=O)c1ccc([Si](c2ccccc2)(c2ccccc2)c2ccc(C(=O)NNC(=O)c3ccc[*]o3)cc2)cc1,525.15,test
698ddbe96c00d07d5428c5cd,[*]c1ccc([Si](c2ccccc2)(c2ccccc2)c2ccc(-c3nnc[*]o3)cc2)cc1,535.15,train
698ddbe96c00d07d5428c5ce,[*]c1ccc([Si](c2ccccc2)(c2ccccc2)c2ccc(-c3nnc(-c4ccc(-c5nnc[*]o5)cc4)o3)cc2)cc1,547.15,train
698ddbe96c00d07d5428c5cf,[*]c1ccc([Si](c2ccccc2)(c2ccccc2)c2ccc(-c3nnc(-c4ccc(-c5nnc[*]o5)nc4)o3)cc2)cc1,545.15,test
698ddbe96c00d07d5428c5d0,[*]c1ccc([Si](c2ccccc2)(c2ccccc2)c2ccc(-c3nnc(-c4cccc(-c5nnc[*]o5)n4)o3)cc2)cc1,538.15,train
698ddbe96c00d07d5428c5d1,[*]c1ccc([Si](c2ccccc2)(c2ccccc2)c2ccc(-c3nnc(-c4cncc(-c5nnc[*]o5)c4)o3)cc2)cc1,545.15,train
698ddbe96c00d07d5428c5d2,[*]c1ccc([Si](c2ccccc2)(c2ccccc2)c2ccc(-c3nnc(-c4ccc(-c5nnc[*]o5)o4)o3)cc2)cc1,549.15,train
698ddbe96c00d07d5428c5d3,[*]c1ccc(-c2ccc(-c3nnc(-c4ccc([Si](c5ccccc5)(c5ccccc5)c5ccc(-c6nnc[*]o6)cc5)cc4)o3)cc2)cc1,551.15,train
698ddbe96c00d07d5428c5d4,[*]c1ccc([Si](c2ccccc2)(c2ccccc2)c2ccc(-c3nnc(-c4ccc(-c5nnc[*]o5)c5ccccc45)o3)cc2)cc1,546.15,train
698ddbe96c00d07d5428c5d5,[*]c1ccc(Oc2ccc(C(C)(C)c3ccc(Oc4ccc(-c5nnc[*]c6c(-c7ccc(F)cc7)c(-c7ccc(F)cc7)c(-c7ccc(F)cc7)c(-c7ccc(F)cc7)c56)cc4)cc3)cc2)cc1,555.15,train
698ddbe96c00d07d5428c5d6,[*]Oc1cccc(Oc2ccc(-c3ccc[*]cc3)cc2)c1C#N,483.15,train
698ddbe96c00d07d5428c5d7,[*]CCOCCOCCOCCOC(=O)c1ccc(-c2ccc(C(=O)O[*])cc2)cc1,277.15,train
698ddbe96c00d07d5428c5d8,[*]CCCCCOc1ccc(CCc2ccc(O[*])cc2C)cc1,288.54999999999995,train
698ddbe96c00d07d5428c5d9,[*]CCCCCCCOc1ccc(CCc2ccc(O[*])cc2C)cc1,279.65,train
698ddbe96c00d07d5428c5da,[*]CCCCCCCCCOc1ccc(CCc2ccc(O[*])cc2C)cc1,272.04999999999995,val
698ddbe96c00d07d5428c5db,[*]CCCCCCCCCCCOc1ccc(CCc2ccc(O[*])cc2C)cc1,277.04999999999995,train
698ddbe96c00d07d5428c5dc,[*]CCCCCCCCCCCCOc1ccc(OCc2ccc(COc3ccc(O[*])cc3)cc2)cc1,297.15,train
698ddbe96c00d07d5428c5dd,[*]CCOCCOCCOC(=O)c1ccc(-c2ccc(-c3ccc(C(=O)O[*])cc3)cc2)cc1,323.15,train
698ddbe96c00d07d5428c5de,[*]CCOCCOCCOCCOC(=O)c1ccc(-c2ccc(-c3ccc(C(=O)O[*])cc3)cc2)cc1,313.15,val
698ddbe96c00d07d5428c5df,[*]CCOCCOCCOCCOCCOCCOCCOCCOCCOCCOC(=O)c1ccc(-c2ccc(-c3ccc(C(=O)O[*])cc3)cc2)cc1,313.15,train
698ddbe96c00d07d5428c5e0,[*]CCCCOc1ccc(CCc2ccc(O[*])cc2C)cc1,298.04999999999995,test
698ddbe96c00d07d5428c5e1,[*]CCCCCCOc1ccc(CCc2ccc(O[*])cc2C)cc1,291.04999999999995,train
698ddbe96c00d07d5428c5e2,[*]CCCCCCCCOc1ccc(CCc2ccc(O[*])cc2C)cc1,261.15,train
698ddbe96c00d07d5428c5e3,[*]CCCCCCCCCCOc1ccc(CCc2ccc(O[*])cc2C)cc1,270.15,train
698ddbe96c00d07d5428c5e4,[*]CCCCCCCCCCCCOc1ccc(CCc2ccc(O[*])cc2C)cc1,273.15,train
698ddbe96c00d07d5428c5e5,[*]Oc1cc(C)c(C(c2cc(C(C)C)c(Oc3ccc(C(=O)c4ccc[*]cc4)cc3)cc2C)c2ccccc2C(=O)O)cc1C(C)C,501.15,train
698ddbe96c00d07d5428c5e6,[*]CCOC(=O)Nc1ccc(Cc2ccc(NC(=O)OCCOc3ccc(O[*])cc3)cc2)cc1,371.15,train
698ddbe96c00d07d5428c5e7,[*]c1ccc(Oc2ccc(-c3nc4cc(Oc5ccc(NC(=O)c6cc(C(=O)Nc7ccc(Oc8ccc9nc(-c%10ccccc%10)c[*]nc9c8)cc7)cc(N7C(=O)c8ccccc8C7=O)c6)cc5)ccc4nc3-c3ccccc3)cc2)cc1,533.15,val
698ddbe96c00d07d5428c5e8,[*]c1ccc(Oc2ccc(-c3nc4cc(Oc5ccc(NC(=O)c6cc(C(=O)Nc7ccc(Oc8ccc9nc(-c%10ccc([N+](=O)[O-])cc%10)c[*]nc9c8)cc7)cc(N7C(=O)c8ccccc8C7=O)c6)cc5)ccc4nc3-c3ccc([N+](=O)[O-])cc3)cc2)cc1,578.15,val
698ddbe96c00d07d5428c5e9,[*]c1ccc(Oc2ccc(-c3nc4cc(Oc5ccc(NC(=O)c6cc(C(=O)Nc7ccc(Oc8ccc9nc(-c%10ccccc%10)c[*]nc9c8)cc7)cc(N7C(=O)c8c(Cl)c(Cl)c(Cl)c(Cl)c8C7=O)c6)cc5)ccc4nc3-c3ccccc3)cc2)cc1,568.15,train
698ddbe96c00d07d5428c5ea,[*]CCOC(=O)c1ccc(C(=O)OCCOc2ccc(C(C)(C)c3ccc(O[*])cc3)cc2)cc1,356.15,train
698ddbe96c00d07d5428c5eb,[*]CC(CC)(CO)CO[*],605.05,train
698ddbe96c00d07d5428c5ec,[*]Oc1ccc(C(=O)OCCOCCOC(=O)c2ccc(OC[*]=O)cc2)cc1,324.15,test
698ddbe96c00d07d5428c5ed,[*]Oc1ccc(C(C)(C)c2ccc(Oc3ccc(C(=O)c4cccc(C(=O)c5ccc[*]cc5)c4)cc3)cc2)cc1,426.15,train
698ddbe96c00d07d5428c5ee,[*]Oc1ccc(C(=O)c2cccc(C(=O)c3ccc(Oc4cccc(Cc5cccc[*]c5)c4)cc3)c2)cc1,387.15,val
698ddbe96c00d07d5428c5ef,[*]Oc1ccc(C(=O)c2ccc(C(=O)c3ccc(Oc4cccc(Cc5cccc[*]c5)c4)cc3)cc2)cc1,395.15,train
698ddbe96c00d07d5428c5f0,[*]Oc1ccc(C(=O)c2cccc(C(=O)c3ccc(Oc4ccc(Cc5ccc[*]cc5)cc4)cc3)c2)cc1,418.15,train
698ddbe96c00d07d5428c5f1,[*]Oc1ccc(C(=O)c2ccc(C(=O)c3ccc(Oc4ccc(Cc5ccc[*]cc5)cc4)cc3)cc2)cc1,393.15,train
698ddbe96c00d07d5428c5f2,[*]Oc1ccc(C2(c3ccc(Oc4ccc(C(=O)c5cccc(C(=O)c6ccc[*]cc6)c5)cc4)cc3)c3ccccc3-c3ccccc32)cc1,496.15,train
698ddbe96c00d07d5428c5f3,[*]Oc1ccc(C2(c3ccc(Oc4ccc(C(=O)c5ccc(C(=O)c6ccc[*]cc6)cc5)cc4)cc3)c3ccccc3-c3ccccc32)cc1,516.15,val
698ddbe96c00d07d5428c5f4,[*]Oc1ccc(C2(c3ccc(Oc4ccc(C(=O)c5cccc(C(=O)c6ccc[*]cc6)c5)cc4)c(C)c3)c3ccccc3-c3ccccc32)cc1C,490.15,test
698ddbe96c00d07d5428c5f5,[*]Oc1c(C)cc(C2(c3cc(C)c(Oc4ccc(C(=O)c5cccc(C(=O)c6ccc[*]cc6)c5)cc4)c(C)c3)c3ccccc3-c3ccccc32)cc1C,502.15,train
698ddbe96c00d07d5428c5f6,[*]Oc1ccc(C(C)(C)c2ccc(Oc3ccc(C(=O)c4ccc(Oc5ccc(C(=O)c6ccc[*]cc6)cc5)cc4)cc3)cc2)cc1,435.15,test
698ddbe96c00d07d5428c5f7,[*]CC(CSC)O[*],236.14999999999998,test
698ddbe96c00d07d5428c5f8,[*]CC(CSCC)O[*],216.14999999999998,train
698ddbe96c00d07d5428c5f9,[*]CC(CSCCC)O[*],212.14999999999998,train
698ddbe96c00d07d5428c5fa,[*]CC(CSC(C)C)O[*],229.14999999999998,train
698ddbe96c00d07d5428c5fb,[*]CC(CSCCCC)O[*],208.14999999999998,train
698ddbe96c00d07d5428c5fc,[*]CC(CSCCCCC)O[*],205.14999999999998,train
698ddbe96c00d07d5428c5fd,[*]CC(CS(C)(=O)=O)O[*],358.15,test
698ddbe96c00d07d5428c5fe,[*]CC(CS(=O)(=O)CC)O[*],330.15,train
698ddbe96c00d07d5428c5ff,[*]CC(CS(=O)(=O)CCC)O[*],316.15,train
698ddbe96c00d07d5428c600,[*]CC(CS(=O)(=O)C(C)C)O[*],337.15,train
698ddbe96c00d07d5428c601,[*]CC(CS(=O)(=O)CCCC)O[*],310.15,train
698ddbe96c00d07d5428c602,[*]CC(CS(=O)(=O)CCCCC)O[*],312.15,test
698ddbe96c00d07d5428c603,[*]CCOCCC(=O)O[*],238.14999999999998,test
698ddbe96c00d07d5428c604,[*]Oc1ccc(C(=O)c2ccc(Oc3ccc(C(=O)c4ccc(Oc5cccc(Cc6cccc[*]c6)c5)cc4)cc3)cc2)cc1,396.15,val
698ddbe96c00d07d5428c605,[*]Oc1ccc(C(=O)c2ccc(Oc3ccc(C(=O)c4ccc(Oc5ccc(Cc6ccc[*]cc6)cc5)cc4)cc3)cc2)cc1,401.15,train
698ddbe96c00d07d5428c606,[*]Oc1ccc(C2(c3ccc(Oc4ccc(C(=O)c5ccc(Oc6ccc(C(=O)c7ccc[*]cc7)cc6)cc5)cc4)cc3)c3ccccc3-c3ccccc32)cc1,504.15,train
698ddbe96c00d07d5428c607,[*]Oc1ccc(C2(c3ccc(Oc4ccc(C(=O)c5ccc[*]cc5)cc4)cc3)c3ccccc3-c3ccccc32)cc1,525.15,test
698ddbe96c00d07d5428c608,[*]c1ccc(OCCCCOc2ccc(-c3nc4ccc(-c5ccc6nc[*]c(-c7ccccc7)nc6c5)cc4nc3-c3ccccc3)cc2)cc1,513.15,val
698ddbe96c00d07d5428c609,[*]c1ccc(Oc2ccc(Oc3ccc(Oc4ccc(-c5nc6ccc(-c7ccc8nc[*]c(-c9ccccc9)nc8c7)cc6nc5-c5ccccc5)cc4)cc3)cc2)cc1,536.15,train
698ddbe96c00d07d5428c60a,[*]c1ccc(Oc2ccc(-c3cc(-c4ccccc4)c4cc(Oc5ccc6nc[*]c(-c7ccccc7)c(-c7ccccc7)c6c5)ccc4n3)cc2)cc1,578.15,val
698ddbe96c00d07d5428c60b,[*]c1ccc(Oc2ccc(-c3c(-c4ccccc4)nc4ccc(Oc5ccc6nc(-c7ccccc7)c[*]c(-c7ccccc7)c6c5)cc4c3-c3ccccc3)cc2)cc1,525.65,test
698ddbe96c00d07d5428c60c,[*]c1ccc(-c2c(-c3ccccc3)nc3ccc(Oc4ccc5nc(-c6ccccc6)c[*]c(-c6ccccc6)c5c4)cc3c2-c2ccccc2)cc1,584.15,train
698ddbe96c00d07d5428c60d,[*]c1ccc(-c2ccc(-c3c(-c4ccccc4)nc4ccc(Oc5ccc6nc(-c7ccccc7)c[*]c(-c7ccccc7)c6c5)cc4c3-c3ccccc3)cc2)cc1,603.15,train
698ddbe96c00d07d5428c60e,[*]c1ccc(Oc2ccc(-c3c(-c4ccccc4)nc4ccc(-c5ccc6nc(-c7ccccc7)c[*]c(-c7ccccc7)c6c5)cc4c3-c3ccccc3)cc2)cc1,580.65,train
698ddbe96c00d07d5428c60f,[*]c1ccc(C2(c3ccc(-c4cc(-c5ccccc5)c5cc(Oc6ccc7nc[*]cc(-c8ccccc8)c7c6)ccc5n4)cc3)c3ccccc3-c3ccccc32)cc1,583.15,train
698ddbe96c00d07d5428c610,[*]c1ccc(C2(c3ccc(-c4cc(-c5ccccc5)c5cc(Oc6ccc7nc[*]cc(-c8ccccc8)c7c6)ccc5n4)cc3)c3ccccc3C(=O)c3ccccc32)cc1,613.15,train
698ddbe96c00d07d5428c611,[*]c1ccc(Oc2ccc(-c3cc(-c4ccccc4)c4cc(C5(c6ccc7nc[*]cc(-c8ccccc8)c7c6)c6ccccc6-c6ccccc65)ccc4n3)cc2)cc1,588.15,train
698ddbe96c00d07d5428c612,[*]c1ccc(Oc2ccc(-c3cc(-c4ccccc4)c4cc(C5(c6ccc7nc[*]cc(-c8ccccc8)c7c6)c6ccccc6C(=O)c6ccccc65)ccc4n3)cc2)cc1,593.15,train
698ddbe96c00d07d5428c613,[*]c1ccc(Oc2ccc(-c3cc(-c4ccccc4)c4cc(-c5ccc6nc[*]cc(-c7ccccc7)c6c5)ccc4n3)cc2)cc1,578.15,test
698ddbe96c00d07d5428c614,[*]c1ccc(Oc2ccc(-c3nc4ccc(-c5ccc6nc[*]c(-c7ccccc7)c(-c7ccccc7)c6c5)cc4c(-c4ccccc4)c3-c3ccccc3)cc2)cc1,573.15,test
698ddbe96c00d07d5428c615,[*]c1ccc(-c2ccc(-c3ccc(-c4cc(-c5ccccc5)c5cc(Oc6ccc7nc[*]cc(-c8ccccc8)c7c6)ccc5n4)cc3)cc2)cc1,573.15,test
698ddbe96c00d07d5428c616,[*]c1ccc(-c2ccc(-c3ccc(-c4ccc(-c5cc(-c6ccccc6)c6cc(Oc7ccc8nc[*]cc(-c9ccccc9)c8c7)ccc6n5)cc4)cc3)cc2)cc1,583.15,val
698ddbe96c00d07d5428c617,[*]CC(CO[*])(CSC)CSC,267.15,train
698ddbe96c00d07d5428c618,[*]CC(CO[*])(CSCC)CSCC,241.14999999999998,train
698ddbe96c00d07d5428c619,[*]CC(CO[*])(CSC(C)C)CSC(C)C,264.15,val
698ddbe96c00d07d5428c61a,[*]CC(CO[*])(CSCCCCC)CSCCCCC,240.14999999999998,train
698ddbe96c00d07d5428c61b,[*]CC(CO[*])(CS(C)(=O)=O)CS(C)(=O)=O,399.15,train
698ddbe96c00d07d5428c61c,[*]CC(CO[*])(CS(=O)(=O)CC)CS(=O)(=O)CC,357.15,train
698ddbe96c00d07d5428c61d,[*]CC(CO[*])(CS(=O)(=O)C(C)C)CS(=O)(=O)C(C)C,364.15,train
698ddbe96c00d07d5428c61e,[*]CC(CO[*])(CS(=O)(=O)CCC)CS(=O)(=O)CCC,344.15,train
698ddbe96c00d07d5428c61f,[*]CC(CO[*])(CS(=O)(=O)CCCC)CS(=O)(=O)CCCC,339.15,test
698ddbe96c00d07d5428c620,[*]CC(CO[*])(CS(=O)(=O)CCCCC)CS(=O)(=O)CCCCC,329.15,test
698ddbe96c00d07d5428c621,[*]COC(=O)OCC1OC(C)(C)OC1[*],324.45,test
698ddbe96c00d07d5428c622,[*]COC(=O)OCC1OC(OCC)OC1[*],296.65,train
698ddbe96c00d07d5428c623,[*]COC(=O)OCC1OC(OCC)(OCC)OC1[*],283.95,train
698ddbe96c00d07d5428c624,[*]CC1[*]OCC(c2ccccc2)O1,348.15,train
698ddbe96c00d07d5428c625,[*]CCOC(=O)CC(C)O[*],236.04999999999998,train
698ddbe96c00d07d5428c626,[*]CCCCCCCCCCCCOc1ccc(C(C)Cc2ccc(-c3ccc(O[*])cc3)cc2)cc1,313.15,train
698ddbe96c00d07d5428c627,[*]Oc1cccc(C(=O)c2ccc(Oc3ccc(C(=O)c4ccc[*]cc4)cc3)cc2)c1,419.15,train
698ddbe96c00d07d5428c628,[*]Oc1ccc(Oc2ccc(C(=O)c3ccc(Oc4ccc(Oc5cccc[*]n5)cc4)cc3)cc2)cc1,397.15,train
698ddbe96c00d07d5428c629,[*]Oc1ccc(Oc2ccc(/C(=N\c3ccccc3)c3ccc(Oc4ccc(Oc5cccc[*]n5)cc4)cc3)cc2)cc1,408.15,train
698ddbe96c00d07d5428c62a,[*]Oc1ccc(Oc2ccc(S(=O)c3ccc(Oc4ccc(Oc5cccc[*]n5)cc4)cc3)cc2)cc1,411.15,train
698ddbe96c00d07d5428c62b,[*]Oc1ccc(Oc2ccc(S(=O)(=O)c3ccc(Oc4ccc(Oc5cccc[*]n5)cc4)cc3)cc2)cc1,431.15,train
698ddbe96c00d07d5428c62c,[*]Oc1ccc(Oc2ccc(P(=O)(c3ccccc3)c3ccc(Oc4ccc(Oc5cccc[*]n5)cc4)cc3)cc2)cc1,437.15,test
698ddbe96c00d07d5428c62d,[*]Oc1ccc(S(=O)(=O)c2ccc(Oc3ccc(C(C)(C)c4ccc[*]cc4)cc3)cc2N)c(N)c1,483.65,train
698ddbe96c00d07d5428c62e,[*]Oc1ccc(S(=O)(=O)c2ccc(Oc3ccc(-c4ccc[*]cc4)cc3)cc2N)c(N)c1,515.3499999999999,val
698ddbe96c00d07d5428c62f,[*]Oc1ccc(S(=O)(=O)c2ccc(Oc3ccc(C(C)(C)c4ccc[*]cc4)cc3)cc2)c(N)c1,475.15,val
698ddbe96c00d07d5428c630,[*]Oc1ccc(S(=O)(=O)c2ccc(Oc3ccc(C(C)(C)c4ccc[*]c(N)c4)cc3N)cc2)cc1,503.54999999999995,val
698ddbe96c00d07d5428c631,[*]Oc1ccc(S(=O)(=O)c2ccc(Oc3ccc(C(C)(C)c4ccc[*]c(N)c4)cc3N)cc2)c(N)c1,510.25,train
698ddbe96c00d07d5428c632,[*]Oc1ccc(P(C)(=O)c2ccc(Oc3ccc(C(C)(C)c4ccc[*]cc4)cc3)cc2)cc1,465.15,train
698ddbe96c00d07d5428c633,[*]c1ccc(Oc2ccc(P(C)(=O)c3ccc(Oc4ccc(C5[*]OC(=O)c6ccccc65)cc4)cc3)cc2)cc1,536.15,train
698ddbe96c00d07d5428c634,[*]Oc1ccc(P(C)(=O)c2ccc(Oc3ccc(C(c4ccccc4)(c4ccc[*]cc4)C(F)(F)F)cc3)cc2)cc1,502.15,train
698ddbe96c00d07d5428c635,[*]Oc1ccc(P(C)(=O)c2ccc(Oc3ccc(C(c4ccc[*]cc4)(C(F)(F)F)C(F)(F)F)cc3)cc2)cc1,481.15,train
698ddbe96c00d07d5428c636,[*]Oc1ccc(Oc2ccc(P(C)(=O)c3ccc[*]cc3)cc2)cc1,486.15,test
698ddbe96c00d07d5428c637,[*]Oc1ccc(S(=O)(=O)c2ccc(Oc3ccc(P(C)(=O)c4ccc[*]cc4)cc3)cc2)cc1,506.15,train
698ddbe96c00d07d5428c638,[*]Oc1ccc(S(=O)(=O)c2ccc(Oc3ccc(P(=O)(c4ccccc4)c4ccc[*]cc4)cc3)cc2)cc1,504.15,train
698ddbe96c00d07d5428c639,[*]CCCCCCCCCCOc1ccc(/N=C/c2ccc(/C=N/c3ccc(O[*])cc3C)cc2)c(C)c1,350.75,train
698ddbe96c00d07d5428c63a,[*]Oc1ccc(/C=N/N=C/c2ccc(Oc3ccc(C(C)(C)c4ccc[*]cc4)cc3)cc2)cc1,436.15,train
698ddbe96c00d07d5428c63b,[*]Oc1ccc(/C=N/N=C/c2ccc(Oc3ccc(C(c4ccc[*]cc4)(C(F)(F)F)C(F)(F)F)cc3)cc2)cc1,435.15,test
698ddbe96c00d07d5428c63c,[*]Oc1ccc(C2(c3ccc(Oc4ccc(/C=N/N=C/c5ccc[*]cc5)cc4)cc3)c3ccccc3-c3ccccc32)cc1,500.15,train
698ddbe96c00d07d5428c63d,[*]Oc1ccc(/C=N/N=C/c2ccc(Oc3ccc(C(=O)c4ccc[*]cc4)cc3)cc2)cc1,452.15,train
698ddbe96c00d07d5428c63e,[*]Oc1ccc(S(=O)c2ccc(Oc3ccc(/C=N/N=C/c4ccc[*]cc4)cc3)cc2)cc1,424.15,train
698ddbe96c00d07d5428c63f,[*]Oc1ccc(P(=O)(c2ccccc2)c2ccc(Oc3ccc(C(C)(C)c4ccc[*]cc4)cc3)cc2)cc1,472.15,train
698ddbe96c00d07d5428c640,[*]c1ccc(C(c2ccc(-c3nc4ccc(-c5ccc6nc[*]oc6c5)cc4o3)cc2)(C(F)(F)F)C(F)(F)F)cc1,618.15,train
698ddbe96c00d07d5428c641,[*]c1ccc(C(c2ccccc2)(c2ccc(-c3nc4ccc(-c5ccc6nc[*]oc6c5)cc4o3)cc2)C(F)(F)F)cc1,623.15,train
698ddbe96c00d07d5428c642,[*]c1ccc2oc(-c3ccc4oc5ccc(-c6nc7cc(C[*](C(F)(F)F)C(F)(F)F)ccc7o6)cc5c4c3)nc2c1,468.15,train
698ddbe96c00d07d5428c643,[*]=Nc1cccc(S(=O)(=O)c2cccc(/N=C3/OC(=O)c4ccc(Oc5ccc6c(c5)C(=O)OC6=[*])cc43)c2)c1,463.15,test
698ddbe96c00d07d5428c644,[*]c1ccc(Oc2ccc(C(C)(C)c3ccc(Oc4ccc(-c5nnc[*]n5-c5ccccc5)cc4)cc3)cc2)cc1,480.15,train
698ddbe96c00d07d5428c645,[*]c1ccc(Oc2ccc(C(c3ccc(Oc4ccc(-c5nnc[*]n5-c5ccccc5)cc4)cc3)(C(F)(F)F)C(F)(F)F)cc2)cc1,476.15,test
698ddbe96c00d07d5428c646,[*]c1ccc(Oc2ccc(C(C)(C)c3ccc(Oc4ccc(-c5nnc[*]n5-c5cccc(C(F)(F)F)c5)cc4)cc3)cc2)cc1,463.15,train
698ddbe96c00d07d5428c647,[*]c1ccc(Oc2ccc(C(c3ccc(Oc4ccc(-c5nnc[*]n5-c5cccc(C(F)(F)F)c5)cc4)cc3)(C(F)(F)F)C(F)(F)F)cc2)cc1,458.15,train
698ddbe96c00d07d5428c648,[*]c1ccc(Oc2ccc(C(C)(C)c3ccc(Oc4ccc(-c5nnc[*]n5-c5ccc(C)cc5)cc4)cc3)cc2)cc1,478.15,train
698ddbe96c00d07d5428c649,[*]c1ccc(Oc2ccc(C(C)(C)c3ccc(Oc4ccc(-c5nnc[*]n5-c5ccc(S(C)(=O)=O)cc5)cc4)cc3)cc2)cc1,503.15,train
698ddbe96c00d07d5428c64a,[*]c1ccc(Oc2ccc(C(C)(C)c3ccc(Oc4ccc(-c5nnc[*]n5-c5ccc(S(=O)(=O)c6ccccc6)cc5)cc4)cc3)cc2)cc1,471.15,val
698ddbe96c00d07d5428c64b,[*]Oc1ccc(C(C)(C)c2ccc(Oc3ccc(C(=O)C(=O)c4ccc[*]cc4)cc3)cc2)cc1,425.15,train
698ddbe96c00d07d5428c64c,[*]c1ccc(Oc2ccc(C(C)(C)c3ccc(Oc4ccc(-c5nc(-c6ccccn6)nnc5[*])cc4)cc3)cc2)cc1,493.15,train
698ddbe96c00d07d5428c64d,[*]c1ccc(Oc2ccc(C(c3ccc(Oc4ccc(-c5nnc[*]n5-c5ccc(C)cc5)cc4)cc3)(C(F)(F)F)C(F)(F)F)cc2)cc1,486.15,test
698ddbe96c00d07d5428c64e,[*]c1ccc(Oc2ccc(C(c3ccc(Oc4ccc(-c5nnc[*]n5-c5ccc(S(C)(=O)=O)cc5)cc4)cc3)(C(F)(F)F)C(F)(F)F)cc2)cc1,499.15,train
698ddbe96c00d07d5428c64f,[*]c1ccc(Oc2ccc(C(c3ccc(Oc4ccc(-c5nnc[*]n5-c5ccc(S(=O)(=O)c6ccccc6)cc5)cc4)cc3)(C(F)(F)F)C(F)(F)F)cc2)cc1,484.15,test
698ddbe96c00d07d5428c650,[*]Oc1ccc(C(c2ccc(Oc3ccc(C(=O)C(=O)c4ccc[*]cc4)cc3)cc2)(C(F)(F)F)C(F)(F)F)cc1,435.15,train
698ddbe96c00d07d5428c651,[*]c1ccc(Oc2ccc(C(c3ccc(Oc4ccc(-c5nc(-c6ccccn6)nnc5[*])cc4)cc3)(C(F)(F)F)C(F)(F)F)cc2)cc1,497.15,train
698ddbe96c00d07d5428c652,[*]c1ccc(Oc2ccc(C(C)(c3ccccc3)c3ccc(Oc4ccc(-c5nc(-c6ccccn6)nnc5[*])cc4)cc3)cc2)cc1,505.15,train
698ddbe96c00d07d5428c653,[*]Oc1ccc(C(C)(c2ccccc2)c2ccc(Oc3ccc(C(=O)C(=O)c4ccc[*]cc4)cc3)cc2)cc1,450.15,train
698ddbe96c00d07d5428c654,[*]Oc1ccc(C2(c3ccc(Oc4ccc(C(=O)C(=O)c5ccc[*]cc5)cc4)cc3)c3ccccc3-c3ccccc32)cc1,515.15,train
698ddbe96c00d07d5428c655,[*]c1ccc(Oc2ccc(C3(c4ccc(Oc5ccc(-c6nc(-c7ccccn7)nnc6[*])cc5)cc4)c4ccccc4-c4ccccc43)cc2)cc1,550.15,train
698ddbe96c00d07d5428c656,[*]c1ccc(Oc2ccc(-c3ccc(Oc4ccc(-c5nc(-c6ccccn6)nnc5[*])cc4)cc3)cc2)cc1,503.15,train
698ddbe96c00d07d5428c657,[*]c1ccc(Oc2ccc(C(=O)c3ccc(Oc4ccc(-c5nc(-c6ccccn6)nnc5[*])cc4)cc3)cc2)cc1,496.15,train
698ddbe96c00d07d5428c658,[*]c1ccc(Oc2ccc(S(=O)(=O)c3ccc(Oc4ccc(-c5nc(-c6ccccn6)nnc5[*])cc4)cc3)cc2)cc1,538.15,val
698ddbe96c00d07d5428c659,[*]c1ccc(Oc2ccc(C(=O)c3cccc(C(=O)c4ccc(Oc5ccc(-c6nc(-c7ccccn7)nnc6[*])cc5)cc4)c3)cc2)cc1,475.15,train
698ddbe96c00d07d5428c65a,[*]CC(O)COc1ccc(C(C)(C)c2ccc(OCC(O)COc3cccc(O[*])c3)cc2)cc1,356.15,train
698ddbe96c00d07d5428c65b,[*]CC(O)COc1ccc(S(=O)(=O)c2ccc(OCC(O)COc3cccc(O[*])c3)cc2)cc1,378.15,train
698ddbe96c00d07d5428c65c,[*]CC(O)COc1cccc(O[*])c1,338.15,train
698ddbe96c00d07d5428c65d,[*]CC(O)COc1ccc(C(C)(C)c2ccc(OCC(O)COc3ccc(C4(c5ccc(O[*])cc5)c5ccccc5-c5ccccc54)cc3)cc2)cc1,434.15,val
698ddbe96c00d07d5428c65e,[*]CC(O)COC(=O)c1cccc(C(=O)OCC(O)COc2ccc(C(C)(C)c3ccc(O[*])cc3)cc2)c1,370.15,val
698ddbe96c00d07d5428c65f,[*]CC(O)CN(CCO)CC(O)COc1ccc(C(C)(C)c2ccc(O[*])cc2)cc1,360.25,train
698ddbe96c00d07d5428c660,[*]CC(O)COc1ccc(C(C)(C)c2ccc(OCC(O)CN3CCN[*]CC3)cc2)cc1,373.15,train
698ddbe96c00d07d5428c661,[*]C(=O)c1ccc(Oc2ccc(C(C)(C)c3ccc(Oc4ccc[*]s4)cc3)cc2)s1,397.15,train
698ddbe96c00d07d5428c662,[*]C(=O)c1ccc(C(=O)c2ccc(Oc3ccc(C(C)(C)c4ccc(Oc5ccc[*]s5)cc4)cc3)s2)cc1,427.15,train
698ddbe96c00d07d5428c663,[*]C(=O)c1ccc(Oc2ccc(C(C)(C)c3ccc(Oc4ccc[*]s4)cc3)cc2)cc1,424.15,train
698ddbe96c00d07d5428c664,[*]C(=O)c1ccc(Oc2ccc(C3(c4ccc(Oc5ccc[*]s5)cc4)c4ccccc4-c4ccccc43)cc2)cc1,468.15,train
698ddbe96c00d07d5428c665,[*]Oc1ccc(S(=O)(=O)c2ccc(Oc3ccc(C(C)(C)c4ccc[*]cc4)cc3[N+](=O)[O-])cc2)cc1,463.15,test
698ddbe96c00d07d5428c666,[*]Oc1ccc(S(=O)(=O)c2ccc(Oc3ccc(C(C)(C)c4ccc[*]cc4)cc3)c([N+](=O)[O-])c2)cc1[N+](=O)[O-],479.15,val
698ddbe96c00d07d5428c667,[*]Oc1ccc(S(=O)(=O)c2ccc(Oc3ccc(C4(c5ccc[*]c(C)c5)CCCCC4)cc3C)cc2)cc1,470.15,test
698ddbe96c00d07d5428c668,[*]Oc1ccc(S(=O)(=O)c2ccc(Oc3c(C)cc(Cc4cc(C)c[*]c(C)c4)cc3C)cc2)cc1,505.15,train
698ddbe96c00d07d5428c669,[*]Oc1ccc(S(=O)(=O)c2ccc(Oc3c(C)cc(C(c4cc(C)c[*]c(C)c4)(C(F)(F)F)C(F)(F)F)cc3C)cc2)cc1,521.15,test
698ddbe96c00d07d5428c66a,[*]COc1ccc(C(=C(Cl)Cl)c2ccc(O[*])cc2)cc1,381.15,train
698ddbe96c00d07d5428c66b,[*]OC(=O)c1ccc(C2(C)CC(C)(C)c3ccc(C(=O)Oc4ccc5c(c4)Oc4cc[*]ccc4C5(C)C)cc32)cc1,570.15,train
698ddbe96c00d07d5428c66c,[*]Oc1ccc(S(=O)(=O)c2ccc(Oc3ccc(C(=C)c4ccc[*]cc4)cc3)cc2)cc1,440.15,train
698ddbe96c00d07d5428c66d,[*]Oc1ccc(S(=O)(=O)c2ccc(Oc3ccc(/C=C/c4ccc[*]cc4)cc3)cc2)cc1,507.65,val
698ddbe96c00d07d5428c66e,[*]Oc1ccc(NC(=C(C#N)C#N)c2ccc(-c3ccc(C(Nc4ccc[*]cc4)=C(C#N)C#N)cc3)cc2)cc1,493.15,test
698ddbe96c00d07d5428c66f,[*]Oc1ccc(NC(=C(C#N)C#N)c2ccc(-c3ccc(-c4ccc(C(Nc5ccc[*]cc5)=C(C#N)C#N)cc4)cc3)cc2)cc1,513.15,train
698ddbe96c00d07d5428c670,[*]Oc1ccc(C(C)(C)c2ccc(Oc3ccc(C(=O)c4ccc(C(C)(C)c5ccc(C(=O)c6ccc[*]cc6)cc5)cc4)cc3)cc2)cc1,444.15,val
698ddbe96c00d07d5428c671,[*]Oc1ccc(C(c2ccc(Oc3ccc(C(=O)c4ccc(C(C)(C)c5ccc(C(=O)c6ccc[*]cc6)cc5)cc4)cc3)cc2)(C(F)(F)F)C(F)(F)F)cc1,452.15,train
698ddbe96c00d07d5428c672,[*]Oc1ccc(C(C)(C)c2ccc(Oc3ccc(C(=O)c4ccc(C(c5ccc(C(=O)c6ccc[*]cc6)cc5)(C(F)(F)F)C(F)(F)F)cc4)cc3)cc2)cc1,454.15,train
698ddbe96c00d07d5428c673,[*]Oc1ccc(C(c2ccc(Oc3ccc(C(=O)c4ccc(C(c5ccc(C(=O)c6ccc[*]cc6)cc5)(C(F)(F)F)C(F)(F)F)cc4)cc3)cc2)(C(F)(F)F)C(F)(F)F)cc1,458.15,train
698ddbe96c00d07d5428c680,[*]c1ccc2oc(-c3cccc(-c4nc5cc(C[*](C(F)(F)F)C(F)(F)F)ccc5o4)n3)nc2c1,602.15,train
698ddbe96c00d07d5428c681,[*]c1ccc2oc(-c3ccc(-c4nc5cc(C[*](C(F)(F)F)C(F)(F)F)ccc5o4)cn3)nc2c1,625.15,train
698ddbe96c00d07d5428c682,[*]c1ccc2oc(-c3cc(OCCCCCCCCCC)c(-c4nc5cc(C[*](C(F)(F)F)C(F)(F)F)ccc5o4)cc3OCCCCCCCCCC)nc2c1,367.15,train
698ddbe96c00d07d5428c683,[*]Oc1cccc(Oc2cccc[*]n2)c1,355.15,train
698ddbe96c00d07d5428c684,[*]Oc1ccc(Oc2cccc[*]n2)c(-c2ccccc2)c1,388.15,test
698ddbe96c00d07d5428c685,[*]Oc1ccc(C(C)(C)c2ccc(Oc3cccc[*]n3)cc2)cc1,380.15,train
698ddbe96c00d07d5428c686,[*]C[Ge](C)(C)Cc1cocc1[*],245.14999999999998,test
698ddbe96c00d07d5428c687,[*]CC(=C)COCC(=C)COC(=O)O[*],343.65,train
698ddbe96c00d07d5428c688,[*]Oc1ccc(OC(=O)c2ccc(OCCCCCCOc3ccc(C[*]=O)cc3)cc2)cc1/N=N/c1ccc(C#N)cc1,371.15,train
698ddbe96c00d07d5428c689,[*]CC(CN1C(=O)C2C3C=CC(C3)C2C1=O)O[*],360.65,train
698ddbe96c00d07d5428c68a,[*]CC(COC(=O)CCCCCN1C(=O)C2C3C=CC(C3)C2C1=O)O[*],274.15,test
698ddbe96c00d07d5428c68b,[*]CC(COC(=O)CCCCCCCCCCN1C(=O)C2C3C=CC(C3)C2C1=O)O[*],242.14999999999998,train
698ddbe96c00d07d5428c68c,[*]CC(COC(=O)c1ccc(N2C(=O)C3C4C=CC(C4)C3C2=O)cc1)O[*],335.65,val
698ddbe96c00d07d5428c68e,[*]c1ccc(Oc2ccc(P(=O)(c3ccccc3)c3ccc(Oc4ccc(-c5nc(-c6ccccc6)[nH]c5[*])cc4)cc3)cc2)cc1,591.15,train
698ddbe96c00d07d5428c68f,[*]c1ccc(Oc2ccc(S(=O)(=O)c3ccc(Oc4ccc(-c5nc(-c6ccccc6)[nH]c5[*])cc4)cc3)cc2)cc1,550.15,train
698ddbe96c00d07d5428c690,[*]c1ccc(Oc2ccc(C(=O)c3ccc(Oc4ccc(-c5nc(-c6ccccc6)[nH]c5[*])cc4)cc3)cc2)cc1,532.15,test
698ddbe96c00d07d5428c691,[*]c1ccc(Oc2ccc(C(=O)c3ccc(C(=O)c4ccc(Oc5ccc(-c6nc(-c7ccccc7)[nH]c6[*])cc5)cc4)cc3)cc2)cc1,521.15,train
698ddbe96c00d07d5428c692,[*]c1ccc(Oc2ccc(C(=O)c3cccc(C(=O)c4ccc(Oc5ccc(-c6nc(-c7ccccc7)[nH]c6[*])cc5)cc4)c3)cc2)cc1,503.15,train
698ddbe96c00d07d5428c693,[*]c1ccc(Oc2ccc(C(=O)c3ccc(-c4ccc(C(=O)c5ccc(Oc6ccc(-c7nc(-c8ccccc8)[nH]c7[*])cc6)cc5)cc4)cc3)cc2)cc1,531.15,train
698ddbe96c00d07d5428c694,[*]c1ccc(Oc2ccc(C(=O)c3ccc(C(=O)c4ccc(C(=O)c5ccc(Oc6ccc(-c7nc(-c8ccccc8)[nH]c7[*])cc6)cc5)cc4)cc3)cc2)cc1,512.15,train
698ddbe96c00d07d5428c695,[*]c1ccc(Oc2ccc(C(=O)c3ccc(Cc4ccc(C(=O)c5ccc(Oc6ccc(-c7nc(-c8ccccc8)[nH]c7[*])cc6)cc5)cc4)cc3)cc2)cc1,504.15,train
698ddbe96c00d07d5428c696,[*]c1ccc(Oc2ccc(C(=O)c3ccc(Oc4ccc(C(=O)c5ccc(Oc6ccc(-c7nc(-c8ccccc8)[nH]c7[*])cc6)cc5)cc4)cc3)cc2)cc1,503.15,test
698ddbe96c00d07d5428c697,[*]c1ccc(Oc2ccc(C(=O)c3ccc4cc(C(=O)c5ccc(Oc6ccc(-c7nc(-c8ccccc8)[nH]c7[*])cc6)cc5)ccc4c3)cc2)cc1,521.15,train
698ddbe96c00d07d5428c698,[*]Oc1ccc(Oc2cccc[*]n2)cc1,373.15,val
698ddbe96c00d07d5428c699,[*]Oc1ccc(-c2ccc(Oc3cccc[*]n3)cc2)cc1,392.15,train
698ddbe96c00d07d5428c69a,[*]Oc1ccc(Oc2cccc[*]n2)c(C)c1,362.15,test
698ddbe96c00d07d5428c69b,[*]CC(O)CN(Cc1ccccc1)CC(O)COc1ccc(C(C)(C)c2ccc(O[*])cc2)cc1,367.4,train
698ddbe96c00d07d5428c69c,[*]CC(COc1ccc(-c2ccc(C#N)cc2)cc1)O[*],367.29999999999995,train
698ddbe96c00d07d5428c69d,[*]CC(COc1ccc(-c2ccc(OC)cc2)cc1)O[*],384.15,val
698ddbe96c00d07d5428c69e,[*]CC(C)(CO[*])COCC(F)(F)F,232.14999999999998,test
698ddbe96c00d07d5428c69f,[*]CC(C)(CO[*])COCC(F)(F)C(F)(F)C(F)(F)F,228.14999999999998,test
698ddbe96c00d07d5428c6a0,[*]CC(C)(CO[*])COCC(F)(F)C(F)(F)C(F)(F)C(F)(F)C(F)(F)C(F)(F)C(F)(F)F,224.14999999999998,train
698ddbe96c00d07d5428c6a1,[*]OC1C(COC(C)=O)OC[*]C(OC(C)=O)C1OC(C)=O,451.15,train
698ddbe96c00d07d5428c6a2,[*]OP(=O)(Oc1ccccc1)Oc1c(Br)cc(C(c2cc(Br)c[*]c(Br)c2)(C(F)(F)F)C(F)(F)F)cc1Br,413.15,train
698ddbe96c00d07d5428c6a3,[*]OP(=O)(Oc1ccc(C)cc1)Oc1c(Br)cc(C(c2cc(Br)c[*]c(Br)c2)(C(F)(F)F)C(F)(F)F)cc1Br,419.15,test
698ddbe96c00d07d5428c6a4,[*]OP(=O)(Oc1ccc([N+](=O)[O-])cc1)Oc1c(Br)cc(C(c2cc(Br)c[*]c(Br)c2)(C(F)(F)F)C(F)(F)F)cc1Br,427.15,train
698ddbe96c00d07d5428c6a5,[*]OP(=O)(Oc1ccc(Br)cc1)Oc1c(Br)cc(C(c2cc(Br)c[*]c(Br)c2)(C(F)(F)F)C(F)(F)F)cc1Br,425.15,test
698ddbe96c00d07d5428c6a6,[*]OP(=O)(Oc1ccc(OC)cc1)Oc1c(Br)cc(C(c2cc(Br)c[*]c(Br)c2)(C(F)(F)F)C(F)(F)F)cc1Br,424.15,train
698ddbe96c00d07d5428c6a7,[*]Oc1ccc(P(C)(=O)c2ccc[*]cc2)cc1,511.15,train
698ddbe96c00d07d5428c6a8,[*]Oc1ccc(P(C)(=O)c2ccc(Oc3ccc(P(=O)(c4ccccc4)c4ccc[*]cc4)cc3)cc2)cc1,511.15,train
698ddbe96c00d07d5428c6a9,[*]Oc1ccc(P(=O)(c2ccccc2)c2ccc[*]cc2)cc1,513.15,test
698ddbe96c00d07d5428c6aa,[*]Oc1ccc(N[Se]Nc2ccc[*]cc2)cc1,328.15,train
698ddbe96c00d07d5428c6ab,[*]Oc1ccc(S(=O)(=O)c2ccc(Oc3ccc(C45CC6CC(CC(c7ccc[*]cc7)(C6)C4)C5)cc3)cc2)cc1,515.15,test
698ddbe96c00d07d5428c6ac,[*]Oc1ccc(S(=O)(=O)c2ccc(Oc3ccc(C4(c5ccc[*]cc5)C5CC6CC(C5)CC4C6)cc3)cc2)cc1,570.15,train
698ddbe96c00d07d5428c6ad,[*]Oc1ccc(S(=O)(=O)c2ccc(Oc3ccc(/C=N/N=C/c4ccc[*]cc4)cc3)cc2)cc1,424.15,train
698ddbe96c00d07d5428c6ae,[*]Oc1ccc(-c2ccc(Oc3ccc(/C(=N/c4ccc(/N=C(\c5ccccc5)c5ccc[*]cc5)cc4)c4ccccc4)cc3)cc2)cc1,468.15,train
698ddbe96c00d07d5428c6af,[*]Oc1ccc(Oc2ccc(/C(=N/c3ccc(/N=C(\c4ccccc4)c4ccc[*]cc4)cc3)c3ccccc3)cc2)cc1,449.15,test
698ddbe96c00d07d5428c6b0,[*]Oc1ccc(/C(=N/c2ccc(/N=C(\c3ccccc3)c3ccc(Oc4ccc(C(C)(C)c5ccc[*]cc5)cc4)cc3)cc2)c2ccccc2)cc1,434.15,train
698ddbe96c00d07d5428c6b1,[*]Oc1ccc2ccc(Oc3ccc(/C(=N/c4ccc(/N=C(\c5ccccc5)c5ccc[*]cc5)cc4)c4ccccc4)cc3)cc2c1,444.15,test
698ddbe96c00d07d5428c6b2,[*]Oc1ccc(/C(=N/c2ccc(/N=C(\c3ccccc3)c3ccc(Oc4ccc(C(c5ccccc5)(c5ccccc5)c5ccc[*]cc5)cc4)cc3)cc2)c2ccccc2)cc1,471.15,train
698ddbe96c00d07d5428c6b3,[*]Oc1ccc(/N=C(\c2ccccc2)c2ccc(Oc3ccc(-c4ccc(Oc5ccc(/C(=N/c6ccc[*]cc6)c6ccccc6)cc5)cc4)cc3)cc2)cc1,447.15,train
698ddbe96c00d07d5428c6b4,[*]Oc1ccc(Oc2ccc(/C(=N/c3ccc(Oc4ccc(/N=C(\c5ccccc5)c5ccc[*]cc5)cc4)cc3)c3ccccc3)cc2)cc1,435.15,train
698ddbe96c00d07d5428c6b5,[*]Oc1ccc(/N=C(\c2ccccc2)c2ccc(Oc3ccc(C(C)(C)c4ccc(Oc5ccc(/C(=N/c6ccc[*]cc6)c6ccccc6)cc5)cc4)cc3)cc2)cc1,428.15,val
698ddbe96c00d07d5428c6b6,[*]Oc1ccc2ccc(Oc3ccc(/C(=N/c4ccc(Oc5ccc(/N=C(\c6ccccc6)c6ccc[*]cc6)cc5)cc4)c4ccccc4)cc3)cc2c1,438.15,test
698ddbe96c00d07d5428c6b7,[*]Oc1ccc(/N=C(\c2ccccc2)c2ccc(Oc3ccc(C(c4ccccc4)(c4ccccc4)c4ccc(Oc5ccc(/C(=N/c6ccc[*]cc6)c6ccccc6)cc5)cc4)cc3)cc2)cc1,450.15,test
698ddbe96c00d07d5428c6b8,[*]Oc1ccc(/C(C)=N/c2ccc(/N=C(\C)c3ccc(Oc4ccc(C(C)(C)c5ccc[*]cc5)cc4)cc3)cc2)cc1,434.15,train
698ddbe96c00d07d5428c6b9,[*]Oc1ccc(/C(C)=N/c2ccc(/N=C(\C)c3ccc(Oc4ccc(C(c5ccccc5)(c5ccccc5)c5ccc[*]cc5)cc4)cc3)cc2)cc1,451.15,train
698ddbe96c00d07d5428c6ba,[*]Oc1ccc(/N=C(\C)c2ccc(Oc3ccc(C(C)(C)c4ccc(Oc5ccc(/C(C)=N/c6ccc[*]cc6)cc5)cc4)cc3)cc2)cc1,414.15,test
698ddbe96c00d07d5428c6bb,[*]Oc1ccc(/N=C(\C)c2ccc(Oc3ccc(C(c4ccccc4)(c4ccccc4)c4ccc(Oc5ccc(/C(C)=N/c6ccc[*]cc6)cc5)cc4)cc3)cc2)cc1,423.15,test
698ddbe96c00d07d5428c6bc,[*]Oc1ccc(/C=N/c2ccc(/N=C/c3ccc(Oc4ccc(C(c5ccccc5)(c5ccccc5)c5ccc[*]cc5)cc4)cc3)cc2)cc1,503.15,val
698ddbe96c00d07d5428c6bd,[*]Oc1ccc(/N=C/c2ccc(Oc3ccc(C(c4ccccc4)(c4ccccc4)c4ccc(Oc5ccc(/C=N/c6ccc[*]cc6)cc5)cc4)cc3)cc2)cc1,484.15,train
698ddbe96c00d07d5428c6be,[*]CCOCCOC(=O)CCSCCC(=O)O[*],240.14999999999998,train
698ddbe96c00d07d5428c6bf,[*]CCOCCOCCOC(=O)CCSCCC(=O)O[*],238.14999999999998,train
698ddbe96c00d07d5428c6c0,[*]CCOCCOCCOCCOC(=O)CCSCCC(=O)O[*],235.14999999999998,train
698ddbe96c00d07d5428c6c1,[*]CCOCCOCCOCCOCCOC(=O)CCSCCC(=O)O[*],234.14999999999998,train
698ddbe96c00d07d5428c6c2,[*]CCCCCCOC(=O)OCCOC(=O)OCCCCCCOc1ccc(Oc2ccc(O[*])cc2)cc1,269.15,train
698ddbe96c00d07d5428c6c3,[*]CCCCCCOC(=O)OCCCOC(=O)OCCCCCCOc1ccc(Oc2ccc(O[*])cc2)cc1,267.15,train
698ddbe96c00d07d5428c6c4,[*]CCCCCCOC(=O)OCCCCOC(=O)OCCCCCCOc1ccc(Oc2ccc(O[*])cc2)cc1,265.15,test
698ddbe96c00d07d5428c6c5,[*]CCCCCCOC(=O)OCCCCCOC(=O)OCCCCCCOc1ccc(Oc2ccc(O[*])cc2)cc1,262.15,train
698ddbe96c00d07d5428c6c6,[*]CCCCCCOC(=O)OCCCCCCOC(=O)OCCCCCCOc1ccc(Oc2ccc(O[*])cc2)cc1,260.15,train
698ddbe96c00d07d5428c6c7,[*]CCCCCCOC(=O)OCCCCCCCCOC(=O)OCCCCCCOc1ccc(Oc2ccc(O[*])cc2)cc1,256.15,train
698ddbe96c00d07d5428c6c8,[*]CCCCCCOC(=O)OCCCCCCCCCOC(=O)OCCCCCCOc1ccc(Oc2ccc(O[*])cc2)cc1,253.14999999999998,test
698ddbe96c00d07d5428c6c9,[*]CCCCCCOC(=O)OCCCCCCCCCCOC(=O)OCCCCCCOc1ccc(Oc2ccc(O[*])cc2)cc1,251.14999999999998,val
698ddbe96c00d07d5428c6ca,[*]CCCCCCOC(=O)OCCCCCCCCCCCCOC(=O)OCCCCCCOc1ccc(Oc2ccc(O[*])cc2)cc1,251.14999999999998,test
698ddbe96c00d07d5428c6cb,[*]CCCCCCOC(=O)OCCOC(=O)OCCCCCCOc1ccc(C(=O)c2ccc(O[*])cc2)cc1,288.15,train
698ddbe96c00d07d5428c6cc,[*]CCCCCCOC(=O)OCCCOC(=O)OCCCCCCOc1ccc(C(=O)c2ccc(O[*])cc2)cc1,289.15,test
698ddbe96c00d07d5428c6cd,[*]CCCCCCOC(=O)OCCCCOC(=O)OCCCCCCOc1ccc(C(=O)c2ccc(O[*])cc2)cc1,275.25,test
698ddbe96c00d07d5428c6ce,[*]CCCCCCOC(=O)OCCCCCOC(=O)OCCCCCCOc1ccc(C(=O)c2ccc(O[*])cc2)cc1,272.95,test
698ddbe96c00d07d5428c6cf,[*]CCCCCCOC(=O)OCCCCCCOC(=O)OCCCCCCOc1ccc(C(=O)c2ccc(O[*])cc2)cc1,272.84999999999997,train
698ddbe96c00d07d5428c6d0,[*]CCCCCCOC(=O)OCCCCCCCCOC(=O)OCCCCCCOc1ccc(C(=O)c2ccc(O[*])cc2)cc1,265.45,train
698ddbe96c00d07d5428c6d1,[*]CCCCCCOC(=O)OCCCCCCCCCOC(=O)OCCCCCCOc1ccc(C(=O)c2ccc(O[*])cc2)cc1,267.15,train
698ddbe96c00d07d5428c6d2,[*]CCCCCCOC(=O)OCCCCCCCCCCOC(=O)OCCCCCCOc1ccc(C(=O)c2ccc(O[*])cc2)cc1,260.15,train
698ddbe96c00d07d5428c6d3,[*]CCCCCCOC(=O)OCCCCCCCCCCCCOC(=O)OCCCCCCOc1ccc(C(=O)c2ccc(O[*])cc2)cc1,265.15,train
698ddbe96c00d07d5428c6d4,[*]Oc1ccccc1S(=O)(=O)c1ccc[*]cc1,494.15,train
698ddbe96c00d07d5428c6d5,[*]Oc1ccc(S(=O)(=O)c2ccc[*]cc2)c2ccccc12,511.15,test
698ddbe96c00d07d5428c6d6,[*]Oc1ccc(S(=O)(=O)c2ccc(-c3ccc[*]cc3)cc2)cc1,542.15,test
698ddbe96c00d07d5428c6d7,[*]CCCCCOc1ccc(OC(=O)c2ccc(C(=O)Oc3ccc(O[*])cc3)cc2)cc1,385.15,train
698ddbe96c00d07d5428c6d8,[*]CCCCCCOc1ccc(OC(=O)c2ccc(C(=O)Oc3ccc(O[*])cc3)cc2)cc1,326.15,train
698ddbe96c00d07d5428c6d9,[*]Oc1ccc(S(=O)(=O)c2cccc3c(S(=O)(=O)c4ccc(Oc5ccc(-c6ccc[*]cc6)cc5)cc4)cccc23)cc1,521.15,train
698ddbe96c00d07d5428c6da,[*]Oc1ccc(S(=O)(=O)c2cccc3c(S(=O)(=O)c4ccc(Oc5c(C)cc(-c6cc(C)c[*]c(C)c6)cc5C)cc4)cccc23)cc1,535.15,train
698ddbe96c00d07d5428c6db,[*]Oc1ccc(S(=O)(=O)c2ccc3cc(S(=O)(=O)c4ccc(Oc5ccc(-c6ccc[*]cc6)cc5)cc4)ccc3c2)cc1,528.15,test
698ddbe96c00d07d5428c6dc,[*]Oc1ccc(S(=O)(=O)c2ccc3cc(S(=O)(=O)c4ccc(Oc5c(C)cc(-c6cc(C)c[*]c(C)c6)cc5C)cc4)ccc3c2)cc1,553.15,train
698ddbe96c00d07d5428c6dd,[*]Oc1ccc(S(=O)(=O)c2ccc3cc(S(=O)(=O)c4ccc(Oc5c(C)cc(-c6cc(C)c[*]c(C)c6C)c(C)c5C)cc4)ccc3c2)cc1,573.15,train
698ddbe96c00d07d5428c6de,[*]C(=O)c1ccc2c(c1)/C(=N\c1cccc(Oc3cccc(Oc4cccc(/N=C5/OC(=O)c6ccc[*]cc65)c4)c3)c1)OC2=O,463.15,test
698ddbe96c00d07d5428c6df,[*]C(=O)c1ccc2c(c1)/C(=N\c1ccc(Oc3cccc(/N=C4/OC(=O)c5ccc[*]cc54)c3)cc1)OC2=O,526.15,test
698ddbe96c00d07d5428c6e0,[*]C(=O)c1ccc2c(c1)/C(=N\c1ccc(Oc3ccc(C(c4ccc(Oc5ccc(/N=C6/OC(=O)c7ccc[*]cc76)cc5)cc4)(C(F)(F)F)C(F)(F)F)cc3)cc1)OC2=O,521.15,train
698ddbe96c00d07d5428c6e1,[*]Oc1ccc(C(C)(C)c2ccc(Oc3cncc[*]n3)cc2)cc1,418.15,train
698ddbe96c00d07d5428c6e2,[*]CC(O)CN(CC(O)COc1ccc(C(C)(C)c2ccc(O[*])cc2)cc1)c1ccc(C#N)cc1,373.15,train
698ddbe96c00d07d5428c6e3,[*]Oc1ccc(-c2ccc(Oc3ccc(C(=O)c4ccc5cc(C(=O)c6ccc[*]cc6)ccc5c4)cc3)cc2)cc1,468.15,train
698ddbe96c00d07d5428c6e4,[*]Oc1c(C)cc(-c2cc(C)c(Oc3ccc(C(=O)c4ccc5cc(C(=O)c6ccc[*]cc6)ccc5c4)cc3)c(C)c2)cc1C,543.15,train
698ddbe96c00d07d5428c6e5,[*]C(=O)c1ccc(Oc2ccc(-c3ccc(Oc4ccc(C(=O)c5ccc6nc[*]ccc6c5)cc4)cc3)cc2)cc1,428.15,train
698ddbe96c00d07d5428c6e6,[*]C(=O)c1ccc(Oc2c(C)cc(-c3cc(C)c(Oc4ccc(C(=O)c5ccc6nc[*]ccc6c5)cc4)c(C)c3)cc2C)cc1,453.15,train
698ddbe96c00d07d5428c6e7,[*]C(=O)c1ccc(Oc2c(C)cc(-c3cc(C)c(Oc4ccc(C(=O)c5ccc6nc[*]ccc6c5)cc4)c(C)c3C)c(C)c2C)cc1,523.15,train
698ddbe96c00d07d5428c6e8,[*]CCOCCOc1ccc(N/C=N/c2ccc(O[*])cc2)cc1,335.15,train
698ddbe96c00d07d5428c6e9,[*]CCOCCOC(=O)c1ccc(N/C=N/c2ccc(C(=O)O[*])cc2)cc1,350.15,test
698ddbe96c00d07d5428c6ea,[*]Oc1ccc(SC(=O)Sc2ccc[*]cc2)cc1,390.15,train
698ddbe96c00d07d5428c6eb,[*]Oc1ccc(SC(=O)Oc2ccc(C(C)(C)c3ccc(OC(=O)Sc4ccc[*]cc4)cc3)cc2)cc1,418.15,train
698ddbe96c00d07d5428c6ec,[*]Oc1cccc(Oc2ccc(S(=O)(=O)c3ccc[*]cc3)cc2)c1,450.15,val
698ddbe96c00d07d5428c6ed,[*]Oc1ccccc1Oc1ccc(S(=O)(=O)c2ccc[*]cc2)cc1,444.15,train
698ddbe96c00d07d5428c6ee,[*]Oc1ccc(S(=O)(=O)c2ccc(Oc3ccc(S(=O)(=O)c4ccc(-c5ccc(S(=O)(=O)c6ccc[*]cc6)cc5)cc4)cc3)cc2)cc1,540.15,test
698ddbe96c00d07d5428c6ef,[*]Oc1ccc(Oc2ccc(S(=O)(=O)c3ccc(-c4ccc(S(=O)(=O)c5ccc[*]cc5)cc4)cc3)cc2)cc1,524.15,train
698ddbe96c00d07d5428c6f0,[*]Oc1ccc(NC(=O)c2ccc(C(=O)Nc3ccc(Oc4ccc(C(=O)c5ccc[*]cc5)cc4)cc3)cc2)cc1,433.15,train
698ddbe96c00d07d5428c6f1,[*]Oc1ccc(NC(=O)c2cccc(C(=O)Nc3ccc(Oc4ccc(C(=O)c5ccc[*]cc5)cc4)cc3)c2)cc1,418.15,val
698ddbe96c00d07d5428c6f2,[*]C(=O)Nc1ccc(Oc2ccc(C(=O)c3ccc(Oc4ccc(NC(=O)c5ccc[*]nc5)cc4)cc3)cc2)cc1,443.15,train
698ddbe96c00d07d5428c6f3,[*]Oc1cccc(NC(=O)c2ccc(C(=O)Nc3ccc(Oc4ccc(C(=O)c5ccc[*]cc5)cc4)cc3)cc2)c1,399.15,train
698ddbe96c00d07d5428c6f4,[*]Oc1cccc(NC(=O)c2cccc(C(=O)Nc3ccc(Oc4ccc(C(=O)c5ccc[*]cc5)cc4)cc3)c2)c1,387.15,test
698ddbe96c00d07d5428c6f5,[*]C(=O)Nc1cccc(Oc2ccc(C(=O)c3ccc(Oc4cccc(NC(=O)c5ccc[*]nc5)c4)cc3)cc2)c1,427.15,test
698ddbe96c00d07d5428c6f6,[*]c1ccc(Oc2ccc(-c3ccc(Oc4ccc(-c5nc[*]nc(-c6ccccc6)n5)cc4)cc3)cc2)cc1,514.15,train
698ddbe96c00d07d5428c6f7,[*]c1ccc(Oc2ccc(Oc3ccc(-c4nc[*]nc(-c5ccccc5)n4)cc3)cc2)cc1,517.15,train
698ddbe96c00d07d5428c6f8,[*]c1ccc(Oc2ccc(C(C)(C)c3ccc(Oc4ccc(-c5nc[*]nc(-c6ccccc6)n5)cc4)cc3)cc2)cc1,501.15,train
698ddbe96c00d07d5428c6f9,[*]c1ccc(Oc2ccc3ccc(Oc4ccc(-c5nc[*]nc(-c6ccccc6)n5)cc4)cc3c2)cc1,528.15,test
698ddbe96c00d07d5428c6fa,[*]c1ccc(Oc2ccc(Sc3ccc(Oc4ccc(-c5nc[*]nc(-c6ccccc6)n5)cc4)cc3)cc2)cc1,484.15,train
698ddbe96c00d07d5428c6fb,[*]c1ccc(Oc2ccc(Oc3ccc(Oc4ccc(-c5nc[*]nc(-c6ccccc6)n5)cc4)cc3)cc2)cc1,476.15,train
698ddbe96c00d07d5428c6fc,[*]c1ccc(Oc2ccc(C(c3ccccc3)(c3ccccc3)c3ccc(Oc4ccc(-c5nc[*]nc(-c6ccccc6)n5)cc4)cc3)cc2)cc1,534.15,train
698ddbe96c00d07d5428c6fd,[*]Oc1ccc(OC(=O)c2ccc(OCCCCCCCCCCOc3ccc(C[*]=O)cc3)cc2)cc1S(=O)(=O)c1ccccc1,361.15,test
698ddbe96c00d07d5428c6fe,[*]Oc1ccc(S(=O)(=O)c2ccc(Oc3ccc(NC(=O)c4cc(NC(=O)c5ccncc5)cc(C(=O)Nc5ccc[*]cc5)c4)cc3)cc2)cc1,556.15,train
698ddbe96c00d07d5428c6ff,[*]Oc1ccc(S(=O)(=O)c2ccc(Oc3ccc(NC(=O)c4cccc(C(=O)Nc5ccc[*]cc5)c4)cc3)cc2)cc1,533.15,val
698ddbe96c00d07d5428c700,[*]Oc1ccc(NC(=O)c2cc(NC(=O)c3ccncc3)cc(C(=O)Nc3ccc[*]cc3)c2)cc1,578.15,train
698ddbe96c00d07d5428c701,[*]Oc1ccc(C(=O)c2ccc(NC(=O)c3ccc(C(=O)Nc4ccc(C(=O)c5ccc[*]cc5)cc4)cc3)cc2)cc1,460.15,test
698ddbe96c00d07d5428c702,[*]Oc1ccc(C(=O)c2cccc(NC(=O)c3ccc(C(=O)Nc4cccc(C(=O)c5ccc[*]cc5)c4)cc3)c2)cc1,462.15,train
698ddbe96c00d07d5428c703,[*]Oc1ccc(Oc2ccc(C(=O)c3ccc(NC(=O)c4ccc(C(=O)Nc5ccc(C(=O)c6ccc[*]cc6)cc5)cc4)cc3)cc2)cc1,497.15,train
698ddbe96c00d07d5428c704,[*]Oc1ccc(Oc2ccc(C(=O)c3cccc(NC(=O)c4ccc(C(=O)Nc5cccc(C(=O)c6ccc[*]cc6)c5)cc4)c3)cc2)cc1,483.15,test
698ddbe96c00d07d5428c705,[*]Oc1cccc(Oc2ccc(C(=O)c3ccc(NC(=O)c4ccc(C(=O)Nc5ccc(C(=O)c6ccc[*]cc6)cc5)cc4)cc3)cc2)c1,463.15,val
698ddbe96c00d07d5428c706,[*]Oc1ccc(C(=O)c2ccc(NC(=O)c3cccc(C(=O)Nc4ccc(C(=O)c5ccc[*]cc5)cc4)c3)cc2)cc1,487.15,train
698ddbe96c00d07d5428c707,[*]Oc1ccc(C(=O)c2cccc(NC(=O)c3cccc(C(=O)Nc4ccc(C(=O)c5ccc[*]cc5)cc4)c3)c2)cc1,477.15,val
698ddbe96c00d07d5428c708,[*]Oc1ccc(C(=O)c2cccc(NC(=O)c3cccc(C(=O)Nc4cccc(C(=O)c5ccc[*]cc5)c4)c3)c2)cc1,464.15,train
698ddbe96c00d07d5428c709,[*]Oc1ccc(Oc2ccc(C(=O)c3ccc(NC(=O)c4cccc(C(=O)Nc5ccc(C(=O)c6ccc[*]cc6)cc5)c4)cc3)cc2)cc1,471.15,train
698ddbe96c00d07d5428c70a,[*]Oc1ccc(Oc2ccc(C(=O)c3cccc(NC(=O)c4cccc(C(=O)Nc5cccc(C(=O)c6ccc[*]cc6)c5)c4)c3)cc2)cc1,475.15,test
698ddbe96c00d07d5428c70b,[*]Oc1cccc(Oc2ccc(C(=O)c3ccc(NC(=O)c4cccc(C(=O)Nc5ccc(C(=O)c6ccc[*]cc6)cc5)c4)cc3)cc2)c1,487.15,train
698ddbe96c00d07d5428c70c,[*]Oc1ccc(C(=O)c2cccc(NC(=O)CCCCCCCCC(=O)Nc3ccc(C(=O)c4ccc[*]cc4)cc3)c2)cc1,421.15,train
698ddbe96c00d07d5428c70d,[*]Oc1ccc(C(=O)c2cccc(NC(=O)CCCCCCCCC(=O)Nc3cccc(C(=O)c4ccc[*]cc4)c3)c2)cc1,414.15,test
698ddbe96c00d07d5428c70e,[*]Oc1ccc(Oc2ccc(C(=O)c3ccc(NC(=O)CCCCCCCCC(=O)Nc4ccc(C(=O)c5ccc[*]cc5)cc4)cc3)cc2)cc1,403.15,train
698ddbe96c00d07d5428c70f,[*]Oc1ccc(Oc2ccc(C(=O)c3cccc(NC(=O)CCCCCCCCC(=O)Nc4cccc(C(=O)c5ccc[*]cc5)c4)c3)cc2)cc1,417.15,train
698ddbe96c00d07d5428c710,[*]Oc1cccc(Oc2ccc(C(=O)c3ccc(NC(=O)CCCCCCCCC(=O)Nc4ccc(C(=O)c5ccc[*]cc5)cc4)cc3)cc2)c1,416.15,train
698ddbe96c00d07d5428c711,[*]Oc1c(C)cc(-c2cc(C)c(Oc3ccc(C(=O)c4ccc[*]cc4)cc3)c(C)c2)cc1C,519.785,train
698ddbe96c00d07d5428c712,[*]Oc1ccc(NC(=O)c2cccc(C(=O)Nc3ccc(Oc4ccc(C(C)(C)c5cccc(C(C)(C)c6ccc[*]cc6)c5)cc4)cc3)c2)cc1,453.15,test
698ddbe96c00d07d5428c713,[*]OP(=O)(Oc1ccccc1)Oc1c(C)cc(S(=O)(=O)c2cc(C)c[*]c(C)c2)cc1C,415.15,train
698ddbe96c00d07d5428c714,[*]OP(=O)(Oc1ccc(C)cc1)Oc1c(C)cc(S(=O)(=O)c2cc(C)c[*]c(C)c2)cc1C,401.15,train
698ddbe96c00d07d5428c715,[*]OP(=O)(Oc1ccc([N+](=O)[O-])cc1)Oc1c(C)cc(S(=O)(=O)c2cc(C)c[*]c(C)c2)cc1C,446.15,train
698ddbe96c00d07d5428c716,[*]OP(=O)(Oc1ccc(Br)cc1)Oc1c(C)cc(S(=O)(=O)c2cc(C)c[*]c(C)c2)cc1C,435.15,test
698ddbe96c00d07d5428c717,[*]OP(=O)(Oc1ccc(OC)cc1)Oc1c(C)cc(S(=O)(=O)c2cc(C)c[*]c(C)c2)cc1C,420.15,train
698ddbe96c00d07d5428c718,[*]OP(=O)(Oc1ccccc1)Oc1ccc(S(=O)(=O)c2ccc[*]cc2)cc1,373.65,train
698ddbe96c00d07d5428c719,[*]OP(=O)(Oc1ccc(C)cc1)Oc1ccc(S(=O)(=O)c2ccc[*]cc2)cc1,339.15,train
698ddbe96c00d07d5428c71a,[*]OP(=O)(Oc1ccc([N+](=O)[O-])cc1)Oc1ccc(S(=O)(=O)c2ccc[*]cc2)cc1,387.15,test
698ddbe96c00d07d5428c71b,[*]OP(=O)(Oc1ccc(Br)cc1)Oc1ccc(S(=O)(=O)c2ccc[*]cc2)cc1,362.15,train
698ddbe96c00d07d5428c71c,[*]OP(=O)(Oc1ccc(OC)cc1)Oc1ccc(S(=O)(=O)c2ccc[*]cc2)cc1,354.15,val
698ddbe96c00d07d5428c71d,[*]CCOc1ccc(S(=O)(=O)c2ccc(OCCOP(=O)(O[*])Oc3ccccc3)cc2)cc1,322.15,train
698ddbe96c00d07d5428c71e,[*]CCOc1ccc(S(=O)(=O)c2ccc(OCCOP(=O)(O[*])Oc3ccc(C)cc3)cc2)cc1,319.15,train
698ddbe96c00d07d5428c71f,[*]CCOc1ccc(S(=O)(=O)c2ccc(OCCOP(=O)(O[*])Oc3ccc([N+](=O)[O-])cc3)cc2)cc1,329.15,test
698ddbe96c00d07d5428c720,[*]CCOc1ccc(S(=O)(=O)c2ccc(OCCOP(=O)(O[*])Oc3ccc(Br)cc3)cc2)cc1,332.15,train
698ddbe96c00d07d5428c721,[*]CCOc1ccc(S(=O)(=O)c2ccc(OCCOP(=O)(O[*])Oc3ccc(OC)cc3)cc2)cc1,325.15,train
698ddbe96c00d07d5428c722,[*]Oc1ccc(C(=O)O)c(C(=O)Nc2ccc(NC(=O)c3cc[*]ccc3C(=O)O)cc2)c1,439.45,val
698ddbe96c00d07d5428c723,[*]CCOCCOC(=O)O[*],246.14999999999998,train
698ddbe96c00d07d5428c724,[*]Oc1ccc(C(=O)OCCOCCOCCOC(=O)c2ccc(OC(=O)c3ccc(C[*]=O)cc3)cc2)cc1,303.15,test
698ddbe96c00d07d5428c725,[*]Oc1ccc(C(=O)OCCOCCOCCOCCOC(=O)c2ccc(OC(=O)c3ccc(C[*]=O)cc3)cc2)cc1,303.15,train
698ddbe96c00d07d5428c726,[*]Oc1ccc(C2(c3ccc(Oc4nc[*]nc(OC)n4)cc3)CCCCC2)cc1,473.15,train
698ddbe96c00d07d5428c727,[*]Oc1ccc(OC(=O)c2ccc(OCCCCCCOc3ccc(C[*]=O)cc3)cc2)cc1S(=O)(=O)c1ccccc1,378.65,train
698ddbe96c00d07d5428c728,[*]Oc1ccc(OC(=O)c2ccc(OCCCCCCCCCCCCOc3ccc(C[*]=O)cc3)cc2)cc1S(=O)(=O)c1ccccc1,355.84999999999997,val
698ddbe96c00d07d5428c729,[*]c1ccc(-c2nc3ccc(Oc4ccc(Oc5ccc(P(=O)(c6ccccc6)c6ccc(Oc7ccc(Oc8ccc9nc[*]c(-c%10ccccc%10)nc9c8)cc7)cc6)cc5)cc4)cc3nc2-c2ccccc2)cc1,521.15,train
698ddbe96c00d07d5428c72a,[*]c1ccc(Oc2ccc(Oc3ccc(P(=O)(c4ccccc4)c4ccc(Oc5ccc(Oc6ccc(-c7nc8ccccc8nc7[*])cc6)cc5)cc4)cc3)cc2)cc1,482.15,test
698ddbe96c00d07d5428c72b,[*]c1ccc(Oc2ccc(Oc3ccc(P(=O)(c4ccccc4)c4ccc(Oc5ccc(Oc6ccc(-c7nc8ccc(-c9ccc%10nc[*]oc%10c9)cc8o7)cc6)cc5)cc4)cc3)cc2)cc1,496.15,val
698ddbe96c00d07d5428c72c,[*]CCCCCCCCCCOc1ccc(/C=N/c2ccc(-c3ccc(/N=C/c4ccc(O[*])cc4O)c(OC)c3)cc2OC)c(O)c1,345.15,train
698ddbe96c00d07d5428c72d,[*]CCCCCOc1cccc(NC(=O)c2cccc(C(=O)Nc3cccc(O[*])c3)c2)c1,404.65,test
698ddbe96c00d07d5428c72e,[*]CCCCCCCCOc1cccc(NC(=O)c2ccc(C(=O)Nc3cccc(O[*])c3)cc2)c1,395.15,train
698ddbe96c00d07d5428c72f,[*]CCCCCOc1ccc(NC(=O)c2cccc(C(=O)Nc3ccc(O[*])cc3)c2)cc1,428.15,train
698ddbe96c00d07d5428c730,[*]CC(O)COC(=O)CCCCC(=O)OCC(O)COc1ccc(C(C)(C)c2ccc(O[*])cc2)cc1,307.15,test
698ddbe96c00d07d5428c731,[*]CC(O)COC(=O)CCCCCCC(=O)OCC(O)COc1ccc(C(C)(C)c2ccc(O[*])cc2)cc1,308.15,train
698ddbe96c00d07d5428c732,[*]CC(O)COC(=O)CCCCCCCCC(=O)OCC(O)COc1ccc(C(C)(C)c2ccc(O[*])cc2)cc1,303.15,train
698ddbe96c00d07d5428c733,[*]CC(O)COC(=O)CCCCCCCCCCC(=O)OCC(O)COc1ccc(C(C)(C)c2ccc(O[*])cc2)cc1,298.15,train
698ddbe96c00d07d5428c734,[*]CC(O)COC(=O)C1CCC(C(=O)OCC(O)COc2ccc(C(C)(C)c3ccc(O[*])cc3)cc2)CC1,343.15,test
698ddbe96c00d07d5428c735,[*]CC(O)COC(=O)C1CCC(C(=O)OCC(O)COc2ccc(C3(c4ccc(O[*])cc4)c4ccccc4-c4ccccc43)cc2)CC1,383.15,train
698ddbe96c00d07d5428c736,[*]CC(O)COC(=O)CCCCCCCCCCC(=O)OCC(O)COc1ccc(O[*])cc1,283.15,train
698ddbe96c00d07d5428c737,[*]CC(O)COC(=O)CCCCC(=O)OCC(O)COc1ccc(O[*])cc1,292.15,train
698ddbe96c00d07d5428c738,[*]Oc1ccc(C(c2ccc(OC(=O)c3ccc(Oc4ccc(C[*]=O)cc4)cc3)cc2)(C(F)(F)F)C(F)(F)F)cc1,454.15,val
698ddbe96c00d07d5428c739,[*]OC(=O)Oc1ccc(C(=O)Oc2ccc(OC(=O)OC3COC4C[*]COC34)cc2)cc1,388.15,test
698ddbe96c00d07d5428c73a,[*]OP(=O)(Oc1ccccc1)OC(CCl)COc1ccc(S(=O)(=O)c2ccc(OCC[*]CCl)cc2)cc1,321.15,train
698ddbe96c00d07d5428c73b,[*]OP(=O)(Oc1ccc(Br)cc1)OC(CCl)COc1ccc(S(=O)(=O)c2ccc(OCC[*]CCl)cc2)cc1,331.15,train
698ddbe96c00d07d5428c73c,[*]OP(=O)(Oc1ccc(NC(=O)Oc2ccc(-c3ccc(OC(=O)Nc4ccc[*]cc4)cc3)cc2)cc1)c1ccccc1,307.15,train
698ddbe96c00d07d5428c73d,[*]OP(=O)(Oc1ccc(NC(=O)OCCCCCCOC(=O)Nc2ccc[*]cc2)cc1)c1ccccc1,270.15,test
698ddbe96c00d07d5428c73e,[*]OP(=O)(Oc1ccc(NC(=O)Oc2ccc(C(C)(C)c3ccc(OC(=O)Nc4ccc[*]cc4)cc3)cc2)cc1)c1ccccc1,307.15,train
698ddbe96c00d07d5428c73f,[*]Oc1ccc(NC(=O)c2cc(-c3ccc(C(=O)O)c(C(=O)Nc4ccc[*]cc4)c3)ccc2C(=O)O)cc1,457.54999999999995,test
698ddbe96c00d07d5428c740,[*]c1nnc(-c2ccc(Oc3ccc(C(c4ccc(Oc5ccc[*]c6ccccc56)cc4)(C(F)(F)F)C(F)(F)F)cc3)c3ccccc23)o1,493.15,train
698ddbe96c00d07d5428c741,[*]c1ccc(Oc2ccc(C(c3ccc(Oc4ccc(-c5nc[*]nc(-c6ccccc6)n5)cc4)cc3)(C(F)(F)F)C(F)(F)F)cc2)cc1,514.15,train
698ddbe96c00d07d5428c742,[*]Oc1ccc(C(C)(C)c2ccc(Oc3ccc(C(O)C(O)c4ccc[*]cc4)cc3)cc2)cc1,424.15,train
698ddbe96c00d07d5428c743,[*]Oc1ccc(NC(=O)c2cc(C(=O)Nc3ccc(Oc4ccc(C(C)(C)c5ccc[*]cc5)cc4)cc3)cc(C(C)(C)C)c2)cc1,517.15,train
698ddbe96c00d07d5428c744,[*]CCOP(=O)(/N=N/c1ccc(-c2ccc(/N=N/P(=O)(O[*])OCC)cc2)cc1)OCC,316.15,train
698ddbe96c00d07d5428c745,[*]CCOP(=O)(/N=N/c1ccc(Oc2ccc(/N=N/P(=O)(O[*])OCC)cc2)cc1)OCC,295.15,train
698ddbe96c00d07d5428c746,[*]CCOP(=O)(/N=N/c1ccc(C(=O)c2ccc(/N=N/P(=O)(O[*])OCC)cc2)cc1)OCC,306.15,train
698ddbe96c00d07d5428c747,[*]CCCCCCOP(=O)(/N=N/c1ccc(-c2ccc(/N=N/P(=O)(O[*])OC)cc2)cc1)OC,310.15,train
698ddbe96c00d07d5428c748,[*]CCCCCCOP(=O)(/N=N/c1ccc(Oc2ccc(/N=N/P(=O)(O[*])OC)cc2)cc1)OC,298.15,train
698ddbe96c00d07d5428c749,[*]CCCCCCOP(=O)(/N=N/c1ccc(C(=O)c2ccc(/N=N/P(=O)(O[*])OC)cc2)cc1)OC,304.15,train
698ddbe96c00d07d5428c74a,[*]CCOCCOP(=O)(/N=N/c1ccc(-c2ccc(/N=N/P(=O)(O[*])OC)cc2)cc1)OC,295.15,train
698ddbe96c00d07d5428c74b,[*]CCOCCOP(=O)(/N=N/c1ccc(Oc2ccc(/N=N/P(=O)(O[*])OC)cc2)cc1)OC,305.15,train
698ddbe96c00d07d5428c74c,[*]CCOCCOP(=O)(/N=N/c1ccc(C(=O)c2ccc(/N=N/P(=O)(O[*])OC)cc2)cc1)OC,306.15,train
698ddbe96c00d07d5428c74d,[*]CC1CCC(COP(=O)(/N=N/c2ccc(-c3ccc(/N=N/P(=O)(O[*])OC)cc3)cc2)OC)CC1,331.15,train
698ddbe96c00d07d5428c74e,[*]CC1CCC(COP(=O)(/N=N/c2ccc(Oc3ccc(/N=N/P(=O)(O[*])OC)cc3)cc2)OC)CC1,323.15,train
698ddbe96c00d07d5428c74f,[*]CC1CCC(COP(=O)(/N=N/c2ccc(C(=O)c3ccc(/N=N/P(=O)(O[*])OC)cc3)cc2)OC)CC1,325.15,train
698ddbe96c00d07d5428c750,[*]Cc1ccc(COP(=O)(/N=N/c2ccc(-c3ccc(/N=N/P(=O)(O[*])OC)cc3)cc2)OC)cc1,321.15,train
698ddbe96c00d07d5428c751,[*]Cc1ccc(COP(=O)(/N=N/c2ccc(Oc3ccc(/N=N/P(=O)(O[*])OC)cc3)cc2)OC)cc1,323.15,test
698ddbe96c00d07d5428c752,[*]Cc1ccc(COP(=O)(/N=N/c2ccc(C(=O)c3ccc(/N=N/P(=O)(O[*])OC)cc3)cc2)OC)cc1,321.15,test
698ddbe96c00d07d5428c753,[*]CCOCCOCCOCCOCCOCCOC(=O)c1cc(OCCCCCCOc2ccc(-c3ccc(OC)cc3)cc2)cc(C(=O)O[*])c1,285.65,test
698ddbe96c00d07d5428c754,[*]CCOCCOCCOCCOCCOCCOC(=O)c1cccc(C(=O)O[*])c1,249.64999999999998,train
698ddbe96c00d07d5428c755,[*]Oc1c(C)cc[*]cc1C(C)CCCCC,333.15,train
698ddbe96c00d07d5428c756,[*]Oc1c(C)cc[*]cc1C(C)CCCCCC,327.15,train
698ddbe96c00d07d5428c757,[*]Oc1c(C)cc[*]cc1C(C)CCCCCCCC,293.15,train
698ddbe96c00d07d5428c758,[*]Oc1c(C)cc[*]cc1C(C)CCCCCCCCCCCC,263.15,train
698ddbe96c00d07d5428c759,[*]Oc1cc(C(C)(C)C)c(Oc2ccc(C(=O)c3ccc[*]cc3)cc2)cc1C(C)(C)C,479.15,train
698ddbe96c00d07d5428c75a,[*]Oc1ccc(Oc2ccc(C(=O)c3ccc[*]cc3)cc2)cc1-c1ccccc1,430.15,train
698ddbe96c00d07d5428c75b,[*]Oc1ccc(NC(=O)c2ccc[*]cc2)cc1,498.15,test
698ddbe96c00d07d5428c75c,[*]Oc1ccc(C2(c3ccc(Oc4ccc(C(=O)c5ccccc5-c5ccccc5C(=O)c5ccc[*]cc5)cc4)cc3)c3ccccc3-c3ccccc32)cc1,502.15,train
698ddbe96c00d07d5428c75d,[*]Oc1ccc(C2(c3ccc(Oc4ccc(C(=O)c5ccccc5)c(-c5cc[*]ccc5C(=O)c5ccccc5)c4)cc3)c3ccccc3-c3ccccc32)cc1,488.15,train
698ddbe96c00d07d5428c75e,[*]Oc1ccc(C(=O)c2cccc(-c3cccc(C(=O)c4ccc[*]cc4)c3)c2)cc1,396.15,train
698ddbe96c00d07d5428c75f,[*]c1nnc(-c2sc(-c3nnc(-c4cc(OCCCCCCCC)c[*]cc4OCCCCCCCC)o3)cc2CCCCCCCC)o1,397.45,train
698ddbe96c00d07d5428c760,[*]c1nnc(-c2cc(CCCCCCCCCC)c(-c3sc(-c4nnc(-c5cc(OCCCCCCCC)c[*]cc5OCCCCCCCC)o4)cc3CCCCCCCCCC)s2)o1,326.95,test
698ddbe96c00d07d5428c761,[*]c1nnc(-c2cc(CCCCCCCC)c(-c3ccc(-c4sc(-c5nnc(-c6cc(OCCCCCCCC)c[*]cc6OCCCCCCCC)o5)cc4CCCCCCCC)s3)s2)o1,307.25,test
698ddbe96c00d07d5428c762,[*]c1ccc(-c2nc3cc(Oc4ccc(NC(=O)c5cc(C(=O)Nc6ccc(Oc7ccc8nc(-c9ccccc9)c[*]nc8c7)cc6)cc(N6C(=O)c7ccccc7C6=O)c5)cc4)ccc3nc2-c2ccccc2)cc1,575.15,train
698ddbe96c00d07d5428c763,[*]Oc1ccc(Oc2ccc(NC(=O)c3ccc(-c4ccc(C(=O)Nc5ccc[*]cc5)c(C)c4)cc3C)cc2)cc1,492.15,val
698ddbe96c00d07d5428c764,[*]Oc1cccc(Oc2ccc(NC(=O)c3ccc(-c4ccc(C(=O)Nc5ccc[*]cc5)c(C)c4)cc3C)cc2)c1,486.15,val
698ddbe96c00d07d5428c765,[*]Oc1ccc(Oc2ccc(Oc3ccc(NC(=O)c4ccc(-c5ccc(C(=O)Nc6ccc[*]cc6)c(C)c5)cc4C)cc3)cc2)cc1,473.15,train
698ddbe96c00d07d5428c766,[*]Oc1ccc(S(=O)(=O)c2ccc(Oc3ccc(NC(=O)c4ccc(-c5ccc(C(=O)Nc6ccc[*]cc6)c(C)c5)cc4C)cc3)cc2)cc1,524.15,val
698ddbe96c00d07d5428c767,[*]Oc1ccc(S(=O)(=O)c2ccc(Oc3cccc(NC(=O)c4ccc(-c5ccc(C(=O)Nc6cccc[*]c6)c(C)c5)cc4C)c3)cc2)cc1,493.15,train
698ddbe96c00d07d5428c768,[*]Oc1ccc(NC(=O)c2ccc(-c3ccc(C(=O)Nc4ccc(Oc5ccc(C(C)(C)c6ccc[*]cc6)cc5)cc4)c(C)c3)cc2C)cc1,503.15,train
698ddbe96c00d07d5428c769,[*]Oc1ccc(C(C)(C)c2ccc(Oc3ccc(C(=O)c4ccc(C(=O)c5ccc[*]c(C(F)(F)F)c5)cc4)cc3C(F)(F)F)cc2)cc1,444.15,test
698ddbe96c00d07d5428c76a,[*]Oc1ccc(C2(c3ccc(Oc4ccc(C(=O)c5ccc(C(=O)c6ccc[*]c(C(F)(F)F)c6)cc5)cc4C(F)(F)F)cc3)c3ccccc3-c3ccccc32)cc1,502.15,train
698ddbe96c00d07d5428c76b,[*]Oc1ccc(-c2ccc(Oc3ccc(C(=O)c4ccc(C(=O)c5ccc[*]c(C(F)(F)F)c5)cc4)cc3C(F)(F)F)cc2)cc1,460.15,train
698ddbe96c00d07d5428c76c,[*]Oc1ccc(S(=O)(=O)c2ccc(Oc3ccc(C4(c5ccc[*]cc5)CCCC4)cc3)cc2)cc1,503.15,test
698ddbe96c00d07d5428c76d,[*]Oc1ccc(S(=O)(=O)c2ccc(Oc3ccc(C4(c5ccc[*]cc5)CCCCCC4)cc3)cc2)cc1,520.15,train
698ddbe96c00d07d5428c76e,[*]Oc1ccc(C(C)(C)c2ccc(OC(=O)c3ccc(OCCCCCCCCCCOc4ccc(C[*]=O)cc4)cc3)cc2)cc1,350.15,train
698ddbe96c00d07d5428c76f,[*]Oc1ccc(C(c2ccc(OC(=O)c3ccc(OCCCCCCCCCCOc4ccc(C[*]=O)cc4)cc3)cc2)(C(F)(F)F)C(F)(F)F)cc1,362.15,train
698ddbe96c00d07d5428c770,[*]Oc1c(Br)cc(C(C)(C)c2cc(Br)c(OC(=O)c3ccc(OCCCCCCCCCCOc4ccc(C[*]=O)cc4)cc3)c(Br)c2)cc1Br,401.15,train
698ddbe96c00d07d5428c771,[*]Oc1c(Cl)cc(C(C)(C)c2cc(Cl)c(OC(=O)c3ccc(OCCCCCCCCCCOc4ccc(C[*]=O)cc4)cc3)c(Cl)c2)cc1Cl,413.15,test
698ddbe96c00d07d5428c772,[*]Oc1ccc(C(c2ccc(Oc3ccc(C(=O)c4cccc(-c5cccc(C(=O)c6ccc[*]cc6)c5)c4)cc3)cc2)(C(F)(F)F)C(F)(F)F)cc1,432.15,train
698ddbe96c00d07d5428c773,[*]Oc1ccc(C2(c3ccc(Oc4ccc(C(=O)c5cccc(-c6cccc(C(=O)c7ccc[*]cc7)c6)c5)cc4)cc3)c3ccccc3-c3ccccc32)cc1,485.15,train
698ddbe96c00d07d5428c774,[*]Oc1c(C)cc(-c2cc(C)c(Oc3ccc(C(=O)c4ccccc4-c4ccccc4C(=O)c4ccc[*]cc4)cc3)c(C)c2)cc1C,506.15,test
698ddbe96c00d07d5428c775,[*]Oc1ccc(C(=O)c2ccc(Oc3ccc(C(c4ccc[*]cc4)(C(F)(F)F)C(F)(F)F)cc3)cc2)c2ccccc12,463.15,train
698ddbe96c00d07d5428c776,[*]Oc1ccc(C(=O)c2ccc(Oc3ccc(C4(c5ccc[*]cc5)c5ccccc5-c5ccccc54)cc3)cc2)c2ccccc12,533.15,train
698ddbe96c00d07d5428c777,[*]c1ccc(OCCN(CC)c2ccc(-c3ccc(C(=C(C#N)C#N)c4ccc(N(CC)CC)cc4)s3)cc2)c(-c2cc(-c3ccccc3)c3cc(Oc4ccc5nc[*]cc(-c6ccccc6)c5c4)ccc3n2)c1,488.15,train
698ddbe96c00d07d5428c778,[*]c1ccc(OCCN(CC)c2ccc(-c3ccc(C(=C(C#N)C#N)c4ccc(-c5ccc(N(CC)CC)cc5)s4)s3)cc2)c(-c2cc(-c3ccccc3)c3cc(Oc4ccc5nc[*]cc(-c6ccccc6)c5c4)ccc3n2)c1,478.15,train
698ddbe96c00d07d5428c779,[*]c1ccc(C(c2ccc(-c3cc(-c4ccccc4)c4cc(Oc5ccc6nc[*]cc(-c7ccccc7)c6c5)ccc4n3)cc2)(C(F)(F)F)C(F)(F)F)cc1,533.15,train
698ddbe96c00d07d5428c77a,[*]CCCCCCCCOC(=O)Nc1ccc(NC(=O)OCCCCCCCCOc2ccc(-c3ccc(O[*])cc3)cc2)c(C)c1,354.15,train
698ddbe96c00d07d5428c77b,[*]CCCCCCCCCCCOC(=O)Nc1ccc(NC(=O)OCCCCCCCCCCCOc2ccc(-c3ccc(O[*])cc3)cc2)c(C)c1,350.15,val
698ddbe96c00d07d5428c77c,[*]CCCCCCOC(=O)Nc1ccc(NC(=O)OCCCCCCOc2ccc(-c3ccc(O[*])cc3)cc2)c(C)c1,362.15,train
698ddbe96c00d07d5428c77d,[*]CC(CO)(CCl)COc1ccc(C(c2ccc(O[*])cc2)(C(F)(F)F)C(F)(F)F)cc1,380.15,train
698ddbe96c00d07d5428c77e,[*]Oc1cc(C(=O)c2ccccc2)c(Oc2ccc[*]cc2)cc1C(=O)c1ccccc1,410.15,train
698ddbe96c00d07d5428c77f,[*]CC(COCCOCCOC)O[*],216.14999999999998,train
698ddbe96c00d07d5428c780,[*]CCOCCOc1ccc(/C=C(\C)c2ccc(O[*])cc2)cc1,312.15,train
698ddbe96c00d07d5428c781,[*]CCOCCOc1cccc(NC(=O)c2cccc(C(=O)Nc3cccc(O[*])c3)c2)c1,401.65,train
698ddbe96c00d07d5428c782,[*]CCOCCOc1cccc(NC(=O)c2ccc(C(=O)Nc3cccc(O[*])c3)cc2)c1,413.15,train
698ddbe96c00d07d5428c783,[*]CCOCCOc1ccc(NC(=O)c2cccc(C(=O)Nc3ccc(O[*])cc3)c2)cc1,428.15,train
698ddbe96c00d07d5428c784,[*]CCOCCOCCOc1cccc(NC(=O)c2cccc(C(=O)Nc3cccc(O[*])c3)c2)c1,384.15,train
698ddbe96c00d07d5428c785,[*]CCOCCOCCOc1cccc(NC(=O)c2ccc(C(=O)Nc3cccc(O[*])c3)cc2)c1,389.15,train
698ddbe96c00d07d5428c786,[*]CCOCCOCCOc1ccc(NC(=O)c2cccc(C(=O)Nc3ccc(O[*])cc3)c2)cc1,402.15,train
698ddbe96c00d07d5428c787,[*]CCCCCOc1cccc(NC(=O)c2ccc(C(=O)Nc3cccc(O[*])c3)cc2)c1,408.15,train
698ddbe96c00d07d5428c788,[*]CCCCCCCCOc1cccc(NC(=O)c2cccc(C(=O)Nc3cccc(O[*])c3)c2)c1,390.15,test
698ddbe96c00d07d5428c789,[*]CCCCCCCCOc1ccc(NC(=O)c2cccc(C(=O)Nc3ccc(O[*])cc3)c2)cc1,401.15,val
698ddbe96c00d07d5428c78a,[*]Oc1ccc(NC(=C(C#N)C#N)c2cccc(C(Nc3ccc(Oc4ccc(NC(=O)c5ccc(C(=O)Nc6ccc[*]cc6)cc5)cc4)cc3)=C(C#N)C#N)c2)cc1,547.15,train
698ddbe96c00d07d5428c78b,[*]Oc1ccc(NC(=O)c2cc(NC(=O)c3ccc(OC(C)=O)cc3)cc(C(=O)Nc3ccc[*]cc3)c2)cc1,546.15,val
698ddbe96c00d07d5428c78c,[*]Oc1cccc(NC(=O)c2cc(NC(=O)c3ccc(OC(C)=O)cc3)cc(C(=O)Nc3ccc[*]cc3)c2)c1,524.15,train
698ddbe96c00d07d5428c78d,[*]Oc1ccc(Oc2ccc(NC(=O)c3cc(NC(=O)c4ccc(OC(C)=O)cc4)cc(C(=O)Nc4ccc[*]cc4)c3)cc2)cc1,524.15,train
698ddbe96c00d07d5428c78e,[*]Oc1cccc(Oc2ccc(NC(=O)c3cc(NC(=O)c4ccc(OC(C)=O)cc4)cc(C(=O)Nc4ccc[*]cc4)c3)cc2)c1,503.15,test
698ddbe96c00d07d5428c78f,[*]Oc1ccc(S(=O)(=O)c2ccc(Oc3ccc(NC(=O)c4cc(NC(=O)c5ccc(OC(C)=O)cc5)cc(C(=O)Nc5ccc[*]cc5)c4)cc3)cc2)cc1,536.15,val
698ddbe96c00d07d5428c790,[*]Oc1ccc(NC(=O)c2cc(NC(=O)c3ccc(OC(C)=O)cc3)cc(C(=O)Nc3ccc(Oc4ccc(C(C)(C)c5ccc[*]cc5)cc4)cc3)c2)cc1,516.15,train
698ddbe96c00d07d5428c791,[*]Oc1ccc(NC(=O)c2cc(NC(=O)c3ccc(OC(C)=O)cc3)cc(C(=O)Nc3ccc(Oc4ccc(-c5ccc[*]cc5)cc4)cc3)c2)cc1,525.15,train
698ddbe96c00d07d5428c792,[*]CCCNC(=O)CCCCCCCCC(=O)NCCCOCCOCCO[*],313.15,train
698ddbe96c00d07d5428c793,[*]CCCNC(=O)C(Cc1ccccc1)NC(=O)CCCCCCCCC(=O)NC(Cc1ccccc1)C(=O)NCCCOCCOCCO[*],317.15,train
698ddbe96c00d07d5428c794,[*]CCCNC(=O)CNC(=O)C(Cc1ccccc1)NC(=O)CCCCCCCCC(=O)NC(Cc1ccccc1)C(=O)NCC(=O)NCCCOCCOCCO[*],309.15,train
698ddbe96c00d07d5428c795,[*]CCCNC(=O)CNC(=O)C(NC(=O)C(Cc1ccccc1)NC(=O)CCCCCCCCC(=O)NC(Cc1ccccc1)C(=O)NC(C(=O)NCC(=O)NCCCOCCOCCO[*])C(C)C)C(C)C,331.15,train
698ddbe96c00d07d5428c796,[*]CCCNC(=O)C(NC(=O)C(Cc1ccccc1)NC(=O)CCCCCCCCC(=O)NC(Cc1ccccc1)C(=O)NC(C(=O)NCCCOCCOCCO[*])C(C)C)C(C)C,339.15,val
698ddbe96c00d07d5428c797,[*]CCCCCCCCOc1c(OC)cc(/C=C/c2ccc(/C=C/c3cc(OC)c(O[*])c(OC)c3)cc2)cc1OC,353.59999999999997,test
698ddbe96c00d07d5428c798,[*]CCCCCCCCOc1c(OC)cc(/C=C/c2ccc(/C=C/c3cc(OC)c(O[*])c(OC)c3)cc2)cc1OC,353.59999999999997,test
698ddbe96c00d07d5428c799,[*]CCCCCCCCOc1c(OC)cc(/C=C/c2cc(CCCCCC)c(/C=C/c3cc(OC)c(O[*])c(OC)c3)cc2CCCCCC)cc1OC,294.15,train
698ddbe96c00d07d5428c79a,[*]CCCCCCCCOc1c(OC)cc(/C=C/c2cc(C(C)C)c(/C=C/c3cc(OC)c(O[*])c(OC)c3)cc2C(C)C)cc1OC,358.15,test
698ddbe96c00d07d5428c79b,[*]CCCCCCOc1ccc(-c2cc(-c3ccccc3)c(-c3ccc(NC(=O)c4ccc(C(=O)Nc5ccc(-c6c(-c7ccccc7)cc(-c7ccc(O[*])cc7)cc6-c6ccccc6)cc5)cc4)cc3)c(-c3ccccc3)c2)cc1,400.15,val
698ddbe96c00d07d5428c79c,[*]CCCCCCCCCCOc1ccc(-c2cc(-c3ccccc3)c(-c3ccc(NC(=O)c4ccc(C(=O)Nc5ccc(-c6c(-c7ccccc7)cc(-c7ccc(O[*])cc7)cc6-c6ccccc6)cc5)cc4)cc3)c(-c3ccccc3)c2)cc1,389.15,train
698ddbe96c00d07d5428c79d,[*]CCCCCCOc1ccc(-c2cc(-c3ccc(-c4ccccc4)cc3)c(-c3ccc(NC(=O)c4ccc(C(=O)Nc5ccc(-c6c(-c7ccc(-c8ccccc8)cc7)cc(-c7ccc(O[*])cc7)cc6-c6ccc(-c7ccccc7)cc6)cc5)cc4)cc3)c(-c3ccc(-c4ccccc4)cc3)c2)cc1,394.65,train
698ddbe96c00d07d5428c79e,[*]CCCCCCCCCCOc1ccc(-c2cc(-c3ccc(-c4ccccc4)cc3)c(-c3ccc(NC(=O)c4ccc(C(=O)Nc5ccc(-c6c(-c7ccc(-c8ccccc8)cc7)cc(-c7ccc(O[*])cc7)cc6-c6ccc(-c7ccccc7)cc6)cc5)cc4)cc3)c(-c3ccc(-c4ccccc4)cc3)c2)cc1,384.15,train
698ddbe96c00d07d5428c79f,[*]Oc1ccc(NC(=O)c2ccc3cc(C(=O)Nc4ccc(Oc5ccc(C6(c7ccc[*]cc7)CC7CCC6C7)cc5)cc4)ccc3c2)cc1,549.15,train
698ddbe96c00d07d5428c7a0,[*]Oc1ccc(NC(=O)c2ccc(-c3ccc(C(=O)Nc4ccc(Oc5ccc(C6(c7ccc[*]cc7)CC7CCC6C7)cc5)cc4)cc3)cc2)cc1,569.15,train
698ddbe96c00d07d5428c7a1,[*]Oc1ccc(NC(=O)c2ccc(S(=O)(=O)c3ccc(C(=O)Nc4ccc(Oc5ccc(C6(c7ccc[*]cc7)CC7CCC6C7)cc5)cc4)cc3)cc2)cc1,560.15,train
698ddbe96c00d07d5428c7a2,[*]Oc1ccc(NC(=O)c2ccc(C(=O)Nc3ccc(Oc4ccc(C5(c6ccc[*]cc6)CC6CCC5C6)cc4)cc3)cc2)cc1,554.15,train
698ddbe96c00d07d5428c7a3,[*]Oc1ccc(NC(=O)c2cccc(C(=O)Nc3ccc(Oc4ccc(C5(c6ccc[*]cc6)CC6CCC5C6)cc4)cc3)c2)cc1,529.15,test
698ddbe96c00d07d5428c7a4,[*]Oc1ccc(NC(=O)c2cc(C(=O)Nc3ccc(Oc4ccc(C5(c6ccc[*]cc6)CC6CCC5C6)cc4)cc3)cc(C(C)(C)C)c2)cc1,545.15,train
698ddbe96c00d07d5428c7a5,[*]OC(=O)c1ccc(C(=O)OC2COC3C[*]COC23)cc1,528.65,train
698ddbe96c00d07d5428c7a6,[*]Oc1ccc(CC(NC(=O)CCc2ccc(OC(=O)COCC[*]=O)cc2)C(=O)OCCCC)cc1,337.15,test
698ddbe96c00d07d5428c7a7,[*]Oc1ccc(CC(NC(=O)CCc2ccc(OC(=O)COCC[*]=O)cc2)C(=O)OCc2ccccc2)cc1,349.15,train
698ddbe96c00d07d5428c7a8,[*]Oc1ccc(CC(NC(=O)CCc2ccc(OC(=O)COCC[*]=O)cc2)C(=O)OCCCCCCCCCCCC)cc1,309.15,train
698ddbe96c00d07d5428c7a9,[*]Oc1ccc(CC(NC(=O)CCc2ccc(OC(=O)COCC[*]=O)cc2)C(=O)OCC)cc1,352.15,test
698ddbe96c00d07d5428c7aa,[*]Oc1ccc(CC(NC(=O)CCc2ccc(OC(=O)COCC[*]=O)cc2)C(=O)OCCOCCOCC)cc1,300.15,train
698ddbe96c00d07d5428c7ab,[*]Oc1ccc(CC(NC(=O)CCc2ccc(OC(=O)COCC[*]=O)cc2)C(=O)OCCCCCC)cc1,318.15,train
698ddbe96c00d07d5428c7ac,[*]Oc1ccc(CC(NC(=O)CCc2ccc(OC(=O)COCC[*]=O)cc2)C(=O)OC)cc1,355.15,test
698ddbe96c00d07d5428c7ad,[*]Oc1ccc(CC(NC(=O)CCc2ccc(OC(=O)COCC[*]=O)cc2)C(=O)OCCCCCCCC)cc1,313.15,train
698ddbe96c00d07d5428c7ae,[*]Oc1ccc(CC(NC(=O)CCc2ccc(OC(=O)COCC[*]=O)cc2)C(=O)OCC(C)C)cc1,345.15,train
698ddbe96c00d07d5428c7af,[*]Oc1ccc(CC(NC(=O)CCc2ccc(OC(=O)COCC[*]=O)cc2)C(=O)OC(C)C)cc1,353.15,val
698ddbe96c00d07d5428c7b0,[*]Oc1ccc(CC(NC(=O)CCc2ccc(OC(=O)COCC[*]=O)cc2)C(=O)OC(C)CC)cc1,341.15,train
698ddbe96c00d07d5428c7b1,[*]Oc1ccc(CC(NC(=O)CCc2ccc(OC(=O)COCCOCC[*]=O)cc2)C(=O)OCCCC)cc1,318.15,train
698ddbe96c00d07d5428c7b2,[*]Oc1ccc(CC(NC(=O)CCc2ccc(OC(=O)COCCOCC[*]=O)cc2)C(=O)OCc2ccccc2)cc1,328.15,test
698ddbe96c00d07d5428c7b3,[*]Oc1ccc(CC(NC(=O)CCc2ccc(OC(=O)COCCOCC[*]=O)cc2)C(=O)OCCCCCCCCCCCC)cc1,290.15,val
698ddbe96c00d07d5428c7b4,[*]Oc1ccc(CC(NC(=O)CCc2ccc(OC(=O)COCCOCC[*]=O)cc2)C(=O)OCC)cc1,326.15,test
698ddbe96c00d07d5428c7b5,[*]Oc1ccc(CC(NC(=O)CCc2ccc(OC(=O)COCCOCC[*]=O)cc2)C(=O)OCCOCCOCC)cc1,291.15,train
698ddbe96c00d07d5428c7b6,[*]Oc1ccc(CC(NC(=O)CCc2ccc(OC(=O)COCCOCC[*]=O)cc2)C(=O)OCCCCCC)cc1,301.15,val
698ddbe96c00d07d5428c7b7,[*]Oc1ccc(CC(NC(=O)CCc2ccc(OC(=O)COCCOCC[*]=O)cc2)C(=O)OC)cc1,336.15,train
698ddbe96c00d07d5428c7b8,[*]Oc1ccc(CC(NC(=O)CCc2ccc(OC(=O)COCCOCC[*]=O)cc2)C(=O)OCCCCCCCC)cc1,289.15,train
698ddbe96c00d07d5428c7b9,[*]Oc1ccc(CC(NC(=O)CCc2ccc(OC(=O)COCCOCC[*]=O)cc2)C(=O)OCC(C)C)cc1,323.15,train
698ddbe96c00d07d5428c7ba,[*]Oc1ccc(CC(NC(=O)CCc2ccc(OC(=O)COCCOCC[*]=O)cc2)C(=O)OC(C)C)cc1,331.15,val
698ddbe96c00d07d5428c7bb,[*]Oc1ccc(CC(NC(=O)CCc2ccc(OC(=O)COCCOCC[*]=O)cc2)C(=O)OC(C)CC)cc1,317.15,train
698ddbe96c00d07d5428c7bc,[*]Oc1ccc(CC(NC(=O)Cc2ccc(OC(=O)COCC[*]=O)cc2)C(=O)OCC)cc1,339.15,train
698ddbe96c00d07d5428c7bd,[*]Oc1ccc(CC(NC(=O)Cc2ccc(OC(=O)COCC[*]=O)cc2)C(=O)OCCCCCC)cc1,319.15,train
698ddbe96c00d07d5428c7be,[*]Oc1ccc(CC(NC(=O)Cc2ccc(OC(=O)COCC[*]=O)cc2)C(=O)OCCCCCCCC)cc1,324.15,train
698ddbe96c00d07d5428c7bf,[*]Oc1ccc(CC(NC(=O)Cc2ccc(OC(=O)COCCOCC[*]=O)cc2)C(=O)OCC)cc1,323.15,test
698ddbe96c00d07d5428c7c0,[*]Oc1ccc(CC(NC(=O)Cc2ccc(OC(=O)COCCOCC[*]=O)cc2)C(=O)OCCCCCC)cc1,304.15,test
698ddbe96c00d07d5428c7c1,[*]Oc1ccc(CC(NC(=O)Cc2ccc(OC(=O)COCCOCC[*]=O)cc2)C(=O)OCCCCCCCC)cc1,296.15,train
698ddbe96c00d07d5428c7c2,[*]Oc1ccc(-c2ccc(-c3ccc(Oc4ccc(C(c5ccc[*]cc5)(C(F)(F)F)C(F)(F)F)cc4)c(C(F)(F)F)c3)cc2)cc1C(F)(F)F,480.65,train
698ddbe96c00d07d5428c7c3,[*]Oc1ccc(-c2ccc(-c3ccc(Oc4ccc(C(C)(C)c5ccc[*]cc5)cc4)c(C(F)(F)F)c3)cc2)cc1C(F)(F)F,465.15,test
698ddbe96c00d07d5428c7c4,[*]Oc1ccc(C2(c3ccc(Oc4ccc(-c5ccc(-c6ccc[*]c(C(F)(F)F)c6)cc5)cc4C(F)(F)F)cc3)c3ccccc3-c3ccccc32)cc1,510.15,train
698ddbe96c00d07d5428c7c5,[*]Oc1ccc(-c2ccc(Oc3ccc(-c4ccc(-c5ccc[*]c(C(F)(F)F)c5)cc4)cc3C(F)(F)F)cc2)cc1,476.65,train
698ddbe96c00d07d5428c7c6,[*]Oc1ccc(S(=O)(=O)c2ccc(Oc3ccc(-c4ccc(-c5ccc[*]c(C(F)(F)F)c5)cc4)cc3C(F)(F)F)cc2)cc1,487.15,test
698ddbe96c00d07d5428c7c7,[*]c1ccc(Oc2ccc(C(c3ccc(Oc4ccc(-c5cccc[*]n5)cc4C(F)(F)F)cc3)(C(F)(F)F)C(F)(F)F)cc2)c(C(F)(F)F)c1,426.15,test
698ddbe96c00d07d5428c7c8,[*]c1ccc(Oc2ccc(C(C)(C)c3ccc(Oc4ccc(-c5cccc[*]n5)cc4C(F)(F)F)cc3)cc2)c(C(F)(F)F)c1,398.15,train
698ddbe96c00d07d5428c7c9,[*]c1ccc(Oc2ccc(C3(c4ccc(Oc5ccc(-c6cccc[*]n6)cc5C(F)(F)F)cc4)c4ccccc4-c4ccccc43)cc2)c(C(F)(F)F)c1,455.65,train
698ddbe96c00d07d5428c7ca,[*]c1ccc(Oc2ccc(C(c3ccc(Oc4ccc(-c5ccc[*]s5)cc4C(F)(F)F)cc3)(C(F)(F)F)C(F)(F)F)cc2)c(C(F)(F)F)c1,428.15,train
698ddbe96c00d07d5428c7cb,[*]c1ccc(Oc2ccc(C(C)(C)c3ccc(Oc4ccc(-c5ccc[*]s5)cc4C(F)(F)F)cc3)cc2)c(C(F)(F)F)c1,403.15,train
698ddbe96c00d07d5428c7cc,[*]c1ccc(Oc2ccc(C3(c4ccc(Oc5ccc(-c6ccc[*]s6)cc5C(F)(F)F)cc4)c4ccccc4-c4ccccc43)cc2)c(C(F)(F)F)c1,442.15,train
698ddbe96c00d07d5428c7cd,[*]Oc1cc(Cl)cc(Cl)c1[*],438.15,train
698ddbe96c00d07d5428c7ce,[*]CCCC(=O)NNC(=O)c1ccc(C(=O)NNC(=O)CCCOc2ccc(O[*])c(C)c2)cc1,412.15,train
698ddbe96c00d07d5428c7cf,[*]CCCCC(=O)NNC(=O)c1ccc(C(=O)NNC(=O)CCCCOc2ccc(O[*])c(C)c2)cc1,423.15,train
698ddbe96c00d07d5428c7d0,[*]CCCCCC(=O)NNC(=O)c1ccc(C(=O)NNC(=O)CCCCCOc2ccc(O[*])c(C)c2)cc1,399.15,val
698ddbe96c00d07d5428c7d1,[*]CCCOc1ccc(OCCCc2nnc(-c3ccc(-c4nnc[*]o4)cc3)o2)c(C)c1,385.15,test
698ddbe96c00d07d5428c7d2,[*]CCCCOc1ccc(OCCCCc2nnc(-c3ccc(-c4nnc[*]o4)cc3)o2)c(C)c1,402.15,train
698ddbe96c00d07d5428c7d3,[*]CCCCCOc1ccc(OCCCCCc2nnc(-c3ccc(-c4nnc[*]o4)cc3)o2)c(C)c1,368.15,train
698ddbe96c00d07d5428c7d4,[*]CCCCCCCCCCCCOc1ccc(C(C)(C)c2ccc(OCOc3ccc(C(C)(C)c4ccc(O[*])cc4)cc3)cc2)cc1,310.15,train
698ddbe96c00d07d5428c7d5,[*]Oc1ccc(S(=O)(=O)c2ccc(Oc3ccc(/C=C4\CC/C(=C\c5ccc[*]cc5)C4=O)cc3)cc2)cc1,508.15,train
698ddbe96c00d07d5428c7d6,[*]Oc1ccc(S(=O)(=O)c2ccc(Oc3ccc(/C=C4\CCC/C(=C\c5ccc[*]cc5)C4=O)cc3)cc2)cc1,463.15,test
698ddbe96c00d07d5428c7d7,[*]Oc1ccc(S(=O)(=O)c2ccc(Oc3ccc(/C=C4\CCCC/C(=C\c5ccc[*]cc5)C4=O)cc3)cc2)cc1,459.15,train
698ddbe96c00d07d5428c7d8,[*]Oc1ccc(S(=O)(=O)c2ccc(Oc3ccc(/C=C4\CCC/C(=C\c5ccc(Oc6ccc(S(=O)(=O)c7ccc(Oc8ccc(C(C)(C)c9ccc[*]cc9)cc8)cc7)cc6)cc5)C4=O)cc3)cc2)cc1,467.15,val
698ddbe96c00d07d5428c7d9,[*]Oc1ccc(S(=O)(=O)c2ccc(Oc3ccc(/C=C4\CCCC/C(=C\c5ccc(Oc6ccc(S(=O)(=O)c7ccc(Oc8ccc(C(C)(C)c9ccc[*]cc9)cc8)cc7)cc6)cc5)C4=O)cc3)cc2)cc1,461.15,test
698ddbe96c00d07d5428c7da,[*]Oc1ccc(S(=O)(=O)c2ccc(Oc3ccc(C4(c5ccc(Oc6ccc(S(=O)(=O)c7ccc(Oc8ccc(/C=C9\CC/C(=C\c%10ccc[*]cc%10)C9=O)cc8)cc7)cc6)cc5)CCCC4)cc3)cc2)cc1,513.15,test
698ddbe96c00d07d5428c7db,[*]Oc1ccc(S(=O)(=O)c2ccc(Oc3ccc(C4(c5ccc(Oc6ccc(S(=O)(=O)c7ccc(Oc8ccc(/C=C9\CCC/C(=C\c%10ccc[*]cc%10)C9=O)cc8)cc7)cc6)cc5)CCCCC4)cc3)cc2)cc1,463.15,val
698ddbe96c00d07d5428c7dc,[*]Oc1ccc(S(=O)(=O)c2ccc(Oc3ccc(C4(c5ccc(Oc6ccc(S(=O)(=O)c7ccc(Oc8ccc(/C=C9\CCCC/C(=C\c%10ccc[*]cc%10)C9=O)cc8)cc7)cc6)cc5)CCCCCC4)cc3)cc2)cc1,469.15,val
698ddbe96c00d07d5428c7dd,[*]CCOc1ccc(OC(=O)c2ccc(C(=O)Oc3ccc(O[*])cc3)c(OCCCCC)c2)cc1,368.15,train
698ddbe96c00d07d5428c7de,[*]OC(=O)OC1COC2C[*]COC12,413.15,train
698ddbe96c00d07d5428c7df,[*]Oc1ccc(NC(=O)c2ccc(C(=O)Nc3ccc(Oc4ccc(C5(c6ccc[*]cc6)C6CC7CC(C6)CC5C7)cc4)cc3)cc2)cc1,537.15,train
698ddbe96c00d07d5428c7e0,[*]Oc1ccc(NC(=O)c2cccc(C(=O)Nc3ccc(Oc4ccc(C5(c6ccc[*]cc6)C6CC7CC(C6)CC5C7)cc4)cc3)c2)cc1,546.15,train
698ddbe96c00d07d5428c7e1,[*]Oc1ccc(NC(=O)c2ccc(Oc3ccc(C(=O)Nc4ccc(Oc5ccc(C6(c7ccc[*]cc7)C7CC8CC(C7)CC6C8)cc5)cc4)cc3)cc2)cc1,503.15,train
698ddbe96c00d07d5428c7e2,[*]Oc1ccc(NC(=O)c2ccc(S(=O)(=O)c3ccc(C(=O)Nc4ccc(Oc5ccc(C6(c7ccc[*]cc7)C7CC8CC(C7)CC6C8)cc5)cc4)cc3)cc2)cc1,525.15,train
698ddbe96c00d07d5428c7e3,[*]Oc1ccc(NC(=O)c2ccc(C(c3ccc(C(=O)Nc4ccc(Oc5ccc(C6(c7ccc[*]cc7)C7CC8CC(C7)CC6C8)cc5)cc4)cc3)(C(F)(F)F)C(F)(F)F)cc2)cc1,514.15,train
698ddbe96c00d07d5428c7e4,[*]Oc1ccc(NC(=O)c2ccc3cc(C(=O)Nc4ccc(Oc5ccc(C6(c7ccc[*]cc7)C7CC8CC(C7)CC6C8)cc5)cc4)ccc3c2)cc1,539.15,test
698ddbe96c00d07d5428c7e5,[*]Oc1ccc(NC(=O)c2ccc(C(=O)Nc3ccc(Oc4ccc(C5(c6ccc[*]cc6)C6CC7CC(C6)CC5C7)cc4)cc3)c3ccccc23)cc1,542.15,test
698ddbe96c00d07d5428c7e6,[*]c1ccc2oc(-c3ccc(Oc4ccc(C(c5ccc(Oc6ccc(-c7nc8cc(C[*](C(F)(F)F)C(F)(F)F)ccc8o7)cc6)cc5)(C(F)(F)F)C(F)(F)F)cc4)cc3)nc2c1,528.15,val
698ddbe96c00d07d5428c7e7,[*]CCCCOCC(O)CN(CC(O)CO[*])c1ccc(N(C)C)cc1,304.15,train
698ddbe96c00d07d5428c7e8,[*]Oc1ccc(NC(=O)c2cc(C(c3ccc(C(=O)O)c(C(=O)Nc4ccc(Oc5ccc(C(c6ccc[*]cc6)(C(F)(F)F)C(F)(F)F)cc5)cc4)c3)(C(F)(F)F)C(F)(F)F)ccc2C(=O)O)cc1,533.15,test
698ddbe96c00d07d5428c7e9,[*]c1ccc(S(=O)(=O)c2ccc(-n3nc(-c4ccccc4)c4ccc(Oc5ccc6c(-c7ccccc7)nn[*]c(=O)c6c5)cc4c3=O)cc2)cc1,567.65,test
698ddbe96c00d07d5428c7ea,[*]c1ccc(S(=O)(=O)c2ccc(-n3nc(-c4ccccc4)c4cc(Oc5ccc(C(C)(C)c6ccc(Oc7ccc8c(-c9ccccc9)nn[*]c(=O)c8c7)cc6)cc5)ccc4c3=O)cc2)cc1,483.65,train
698ddbe96c00d07d5428c7eb,[*]c1ccc(C(=O)c2ccc(-n3nc(-c4ccccc4)c4cc(Oc5ccc6c(-c7ccccc7)nn[*]c(=O)c6c5)ccc4c3=O)cc2)cc1,548.65,val
698ddbe96c00d07d5428c7ec,[*]c1ccc(C(=O)c2ccc(-n3nc(-c4ccccc4)c4cc(Oc5ccc(C(C)(C)c6ccc(Oc7ccc8c(-c9ccccc9)nn[*]c(=O)c8c7)cc6)cc5)ccc4c3=O)cc2)cc1,468.15,test
698ddbe96c00d07d5428c7ed,[*]c1cccc(-n2nc(-c3ccccc3)c3cc(Oc4ccc5c(-c6ccccc6)nn[*]c(=O)c5c4)ccc3c2=O)c1C#N,574.15,train
698ddbe96c00d07d5428c7ee,[*]c1cccc(-n2nc(-c3ccccc3)c3cc(Oc4ccc(C(C)(C)c5ccc(Oc6ccc7c(-c8ccccc8)nn[*]c(=O)c7c6)cc5)cc4)ccc3c2=O)c1C#N,473.15,train
698ddbe96c00d07d5428c7ef,[*]c1ccc(S(=O)(=O)c2ccc(-n3nc(-c4ccc(Oc5ccc(-c6nn[*]c(=O)c7ccccc67)cc5)cc4)c4ccccc4c3=O)cc2)cc1,568.15,test
698ddbe96c00d07d5428c7f0,[*]c1ccc(C(=O)c2ccc(-n3nc(-c4ccc(Oc5ccc(-c6nn[*]c(=O)c7ccccc67)cc5)cc4)c4ccccc4c3=O)cc2)cc1,574.15,test
698ddbe96c00d07d5428c7f1,[*]=Nc1ccc(Oc2ccc(C(c3ccc(Oc4ccc(/N=C5/OC(=O)c6cc7c(cc65)C(=[*])OC7=O)cc4)cc3)(C(F)(F)F)C(F)(F)F)cc2)cc1,560.15,train
698ddbe96c00d07d5428c7f2,[*]COc1ccc(C(c2ccc(OCC3[*]COC3)cc2)(C(F)(F)F)C(F)(F)F)cc1,407.15,train
698ddbe96c00d07d5428c7f3,[*]c1ccc(Oc2ccc(N3C(=O)N4C(c5ccc(OC)cc5)N[*]C(=O)N4C3c3ccc(OC)cc3)cc2)cc1,436.15,train
698ddbe96c00d07d5428c7f5,[*]N1CCOC1[*]CC,328.15,train
698ddbe96c00d07d5428c7f7,[*]CC[Si](C)(C)O[Si]1[*]O[Si](C)(C)O[Si](C)(C)O1,209.14999999999998,test
698ddbe96c00d07d5428c7f8,[*]c1ccc(Oc2ccc(C(c3ccc(Oc4ccc(-c5ncc[*]o5)cc4C(F)(F)F)cc3)(C(F)(F)F)C(F)(F)F)cc2)c(C(F)(F)F)c1,478.15,train
698ddbe96c00d07d5428c7f9,[*]c1ccc(Oc2ccc(C(C)(C)c3ccc(Oc4ccc(-c5ncc[*]o5)cc4C(F)(F)F)cc3)cc2)c(C(F)(F)F)c1,458.15,train
698ddbe96c00d07d5428c7fa,[*]c1ccc(Oc2ccc(-c3ccc(Oc4ccc(-c5ncc[*]o5)cc4C(F)(F)F)cc3)cc2)c(C(F)(F)F)c1,473.15,val
698ddbe96c00d07d5428c7fb,[*]c1ccc(Oc2ccc(S(=O)(=O)c3ccc(Oc4ccc(-c5ncc[*]o5)cc4C(F)(F)F)cc3)cc2)c(C(F)(F)F)c1,483.15,train
698ddbe96c00d07d5428c7fc,[*]c1ccc(OCOc2ccc(-c3nc(-c4ccc([N+](=O)[O-])cc4)oc3[*])cc2)cc1,467.15,test
698ddbe96c00d07d5428c7fd,[*]c1ccc(C(=O)c2ccc(Oc3ccc(-c4nn[*]c(=O)c5ccccc45)cc3)cc2)cc1,536.15,train
698ddbe96c00d07d5428c7fe,[*]OCCOC(=O)CCCC(=O)OCCOc1nc(-c2ccc(OC)cc2)nc[*]c1-c1ccc(OC)cc1,330.15,train
698ddbe96c00d07d5428c7ff,[*]OCCOC(=O)CCCC(=O)OCCOc1nc(-c2ccc(OCCCC)cc2)nc[*]c1-c1ccc(OC)cc1,319.15,train
698ddbe96c00d07d5428c800,[*]OCCOC(=O)CCCC(=O)OCCOc1nc(-c2ccc(OCCCC)cc2)nc[*]c1-c1ccc(OCCCC)cc1,310.15,train
698ddbe96c00d07d5428c801,[*]OCCOC(=O)CCCCC(=O)OCCOc1nc(-c2ccc(OC)cc2)nc[*]c1-c1ccc(OC)cc1,321.15,val
698ddbe96c00d07d5428c802,[*]OCCOC(=O)CCCCC(=O)OCCOc1nc(-c2ccc(OCCCC)cc2)nc[*]c1-c1ccc(OC)cc1,307.15,train
698ddbe96c00d07d5428c803,[*]OCCOC(=O)c1ccc(C(=O)OCCOc2nc(-c3ccc(OCCCC)cc3)nc[*]c2-c2ccc(OC)cc2)cc1,367.15,test
698ddbe96c00d07d5428c804,[*]OCCOC(=O)c1cccc(C(=O)OCCOc2nc(-c3ccc(OCCCC)cc3)nc[*]c2-c2ccc(OC)cc2)c1,365.15,test
698ddbe96c00d07d5428c805,[*]CCOCCOCCOC(=O)c1cc(/N=N/c2ccc(OCC)cc2)ccc1-c1ccc(/N=N/c2ccc(OCC)cc2)cc1C(=O)O[*],338.15,test
698ddbe96c00d07d5428c806,[*]OCCOC(=O)c1cc(/N=N/c2ccc(OCC)cc2)ccc1-c1ccc(/N=N/c2ccc(OCC)cc2)cc1C(=O)OCCOc1nc(-c2ccc(OCCCC)cc2)nc[*]c1-c1ccc(OC)cc1,399.15,train
698ddbe96c00d07d5428c807,[*]OC1C(COCO)OC[*]C(O)C1O,481.15,train
698ddbe96c00d07d5428c808,[*]CCCCCOc1ccc(/C=C/C(=O)OCCN(CCOC(=O)/C=C/c2ccc(O[*])cc2)c2ccc(/N=N/c3ccc([N+](=O)[O-])cc3)cc2)cc1,365.15,train
698ddbe96c00d07d5428c809,[*]CCOCCOC(=O)/C=C/C(=O)O[*],264.95,test
698ddbe96c00d07d5428c80a,[*]CC(COc1ccc(C(C)(C)c2ccc(O[*])cc2)cc1)OC(=O)/C=C/c1ccccc1,373.75,val
698ddbe96c00d07d5428c80b,[*]CC(COc1ccc(C(C)(C)c2ccc(O[*])cc2)cc1)OC(=O)/C=C/c1ccco1,380.34999999999997,test
698ddbe96c00d07d5428c80c,[*]c1ccc(OCCN(CCOc2ccc(-c3cc(-c4ccccc4)c4cc(Oc5ccc6nc[*]cc(-c7ccccc7)c6c5)ccc4n3)cc2)c2ccc(C(C#N)=C(C#N)C#N)cc2)cc1,448.15,train
698ddbe96c00d07d5428c80d,[*]c1ccc(OCCN(CC)c2ccc(C(C#N)=C(C#N)C#N)cc2)c(-c2cc(-c3ccccc3)c3cc(Oc4ccc5nc[*]cc(-c6ccccc6)c5c4)ccc3n2)c1,473.15,train
698ddbe96c00d07d5428c80e,[*]c1ccc(OCCCCCCN(CC)c2ccc(C(C#N)=C(C#N)C#N)cc2)c(-c2cc(-c3ccccc3)c3cc(Oc4ccc5nc[*]cc(-c6ccccc6)c5c4)ccc3n2)c1,448.15,test
698ddbe96c00d07d5428c80f,[*]CC(O)CN(CC(O)COc1ccc(C(C)(C)c2ccc(O[*])cc2)cc1)c1ccc(/C=C/c2ccc([N+](=O)[O-])cc2)cc1,593.15,train
698ddbe96c00d07d5428c810,[*]O[Si](C)(C)CCCCCCOC(=O)C(C)Oc1ccc(OC(=O)c2ccc(-c3ccc(OCCCCCCCCCC[Si][*](C)C)cc3)cc2)cc1,308.15,train
698ddbe96c00d07d5428c811,[*]O[Si](C)(C)CCCCCCOC(=O)C(C)Oc1ccc(OC(=O)c2ccc(-c3ccc(OCCCCCCCCCC[Si][*](C)C)cc3)cc2)cc1[N+](=O)[O-],293.15,train
698ddbe96c00d07d5428c812,[*]Oc1ccc(NC(=O)Nc2ccccc2CCc2ccc(NC(=O)Nc3ccc[*]cc3)cc2)cc1,473.15,train
698ddbe96c00d07d5428c813,[*]Oc1ccc(NC(=O)Nc2ccccc2CCc2ccccc2NC(=O)Nc2ccc[*]cc2)cc1,505.15,train
698ddbe96c00d07d5428c814,[*]Oc1cccc(OC2(F)C[*](F)C(F)(F)C2(F)F)c1,305.15,train
698ddbe96c00d07d5428c815,[*]Oc1ccc(-c2ccc(OC3(F)C[*](F)C(F)(F)C3(F)F)cc2)cc1,434.15,train
698ddbe96c00d07d5428c816,[*]Oc1ccc(Sc2ccc(OC3(F)C[*](F)C(F)(F)C3(F)F)cc2)cc1,351.15,train
698ddbe96c00d07d5428c817,[*]Oc1ccc(C(C)(C)c2ccc(OC3(F)C[*](F)C(F)(F)C3(F)F)cc2)cc1,371.15,train
698ddbe96c00d07d5428c818,[*]Oc1ccc(C(c2ccc(OC3(F)C[*](F)C(F)(F)C3(F)F)cc2)(C(F)(F)F)C(F)(F)F)cc1,395.65,train
698ddbe96c00d07d5428c819,[*]Oc1ccc(C2(c3ccc(OC4(F)C[*](F)C(F)(F)C4(F)F)cc3)c3ccccc3-c3ccccc32)cc1,501.15,val
698ddbe96c00d07d5428c81a,[*]Oc1cccc(Oc2ccc(C(=O)c3ccc[*]cc3)cc2)c1,398.15,train
698ddbe96c00d07d5428c81b,[*]Oc1ccc(-c2ccc(Oc3ccc[*]cc3)c3ccccc23)c2ccccc12,499.15,test
698ddbe96c00d07d5428c81c,[*]Oc1ccc(-c2ccc(Oc3ccc(Oc4ccc(Oc5ccc[*]cc5)cc4)cc3)c3ccccc23)c2ccccc12,420.15,train
698ddbe96c00d07d5428c81d,[*]Oc1ccc(-c2ccc(Oc3ccc(Oc4cccc(Oc5ccc[*]cc5)c4C)cc3)c3ccccc23)c2ccccc12,429.15,test
698ddbe96c00d07d5428c81e,[*]Oc1ccc(-c2ccc(Oc3ccc(Oc4cc(Oc5ccc[*]cc5)ccc4CCCCCC)cc3)c3ccccc23)c2ccccc12,423.15,train
698ddbe96c00d07d5428c81f,[*]c1ccc(Oc2ccc(Oc3ccc(-c4ccc(Oc5ccc(Oc6ccc(C7[*]OC(=O)c8ccccc87)cc6)cc5)c5ccccc45)c4ccccc34)cc2)cc1,471.15,train
698ddbe96c00d07d5428c820,[*]Oc1ccc(-c2ccc(Oc3ccc(Oc4ccc(S(=O)(=O)c5ccc(Oc6ccc[*]cc6)cc5)cc4)cc3)c3ccccc23)c2ccccc12,487.15,train
698ddbe96c00d07d5428c821,[*]CCCCCCOc1c(OC)cc(/C=C/c2ccc(/C=C/c3cc(OC)c(O[*])c(OC)c3)cc2)cc1OC,363.15,train
698ddbe96c00d07d5428c822,[*]CCCCCCCCOc1c(OC)cc(/C=C/c2ccc(/C=C/c3cc(OC)c(O[*])c(OC)c3)cc2)cc1OC,342.54999999999995,train
698ddbe96c00d07d5428c823,[*]CCCCCCCCOc1c(OC)cc(/C=C/c2ccc(/C=C/c3cc(OC)c(O[*])c(OC)c3)cc2)cc1OC,342.54999999999995,test
698ddbe96c00d07d5428c824,[*]CCCCCCCCCCOc1c(OC)cc(/C=C/c2ccc(/C=C/c3cc(OC)c(O[*])c(OC)c3)cc2)cc1OC,341.65,test
698ddbe96c00d07d5428c825,[*]CCCCCCCCCCCCOc1c(OC)cc(/C=C/c2ccc(/C=C/c3cc(OC)c(O[*])c(OC)c3)cc2)cc1OC,334.25,train
698ddbe96c00d07d5428c826,[*]CCCCCCCCOc1c(OC)cc(/C=C/c2ccc(/C=C/c3ccc(/C=C/c4cc(OC)c(O[*])c(OC)c4)cc3)cc2)cc1OC,341.25,test
698ddbe96c00d07d5428c827,[*]CCCCCCCCOc1c(OC)cc(/C=C/c2ccc(/C=C/c3ccc(/C=C/c4cc(OC)c(O[*])c(OC)c4)cc3)cc2)cc1OC,341.25,train
698ddbe96c00d07d5428c828,[*]OC1C(CO)OC[*]C(N)C1O,467.15,train
698ddbe96c00d07d5428c829,[*]OC1C(CO)OC[*]C(NC(C)=O)C1O,427.75,train
698ddbe96c00d07d5428c82a,[*]Oc1ccc(NC(=O)c2cc(-c3ccc(C(=O)OCC)c(C(=O)Nc4ccc[*]cc4)c3)ccc2C(=O)OCC)cc1,463.29999999999995,test
698ddbe96c00d07d5428c82b,[*]Oc1ccc(NC(=O)c2cc(C(=O)Nc3ccc[*]cc3)c(C(=O)OCC)cc2C(=O)OCC)cc1,481.2,test
698ddbe96c00d07d5428c82c,[*]Oc1ccc(Oc2ccc(C(=O)c3ccc[*]cc3)cc2)cc1S(=O)(=O)O,498.15,train
698ddbe96c00d07d5428c82d,[*]COC(=O)OC1C[*]OC2OC(C)(C)OC21,401.15,test
698ddbe96c00d07d5428c82e,[*]OC(=O)C(Cc1ccccc1)NC(=O)CCCCC(=O)NC(Cc1ccccc1)C(=O)OC1COC2C[*]COC12,370.65,train
698ddbe96c00d07d5428c82f,[*]OC(=O)C(Cc1ccccc1)NC(=O)CCCCCCC(=O)NC(Cc1ccccc1)C(=O)OC1COC2C[*]COC12,364.15,train
698ddbe96c00d07d5428c830,[*]OC(=O)C(Cc1ccccc1)NC(=O)CCCCCCCCC(=O)NC(Cc1ccccc1)C(=O)OC1COC2C[*]COC12,347.15,val
698ddbe96c00d07d5428c831,[*]OC(=O)C(Cc1ccccc1)NC(=O)CCCCCCCCCCC(=O)NC(Cc1ccccc1)C(=O)OC1COC2C[*]COC12,349.15,train
698ddbe96c00d07d5428c832,[*]OC(=O)C(CC(C)C)NC(=O)CCCCC(=O)NC(CC(C)C)C(=O)OC1COC2C[*]COC12,364.15,train
698ddbe96c00d07d5428c833,[*]OC(=O)C(CC(C)C)NC(=O)CCCCCCCCC(=O)NC(CC(C)C)C(=O)OC1COC2C[*]COC12,362.15,train
698ddbe96c00d07d5428c834,[*]OC(=O)C(NC(=O)CCCCC(=O)NC(C(=O)OC1COC2C[*]COC12)C(C)CC)C(C)CC,375.15,train
698ddbe96c00d07d5428c835,[*]OC(=O)C(NC(=O)CCCCCCCCC(=O)NC(C(=O)OC1COC2C[*]COC12)C(C)CC)C(C)CC,364.15,train
698ddbe96c00d07d5428c836,[*]OC(=O)C(CCSC)NC(=O)CCCCC(=O)NC(CCSC)C(=O)OC1COC2C[*]COC12,344.15,train
698ddbe96c00d07d5428c837,[*]OC(=O)C(CCSC)NC(=O)CCCCCCCCC(=O)NC(CCSC)C(=O)OC1COC2C[*]COC12,334.15,train
698ddbe96c00d07d5428c838,[*]Oc1ccc(N(c2ccccc2)c2ccc(-c3ccc(N(c4ccccc4)c4ccc[*]cc4)cc3)cc2)cc1,491.15,train
698ddbe96c00d07d5428c839,[*]Oc1ccc(N(c2ccc(OC)cc2)c2ccc3ccc(N(c4ccc[*]cc4)c4ccc(OC)cc4)cc3c2)cc1,470.15,test
698ddbe96c00d07d5428c83a,[*]Oc1ccc(NC(=C(C#N)C#N)c2ccc(C(Nc3ccc[*]cc3)=C(C#N)C#N)cc2)cc1,547.15,train
698ddbe96c00d07d5428c83b,[*]Oc1ccc(NC(=C(C#N)C#N)c2ccc3cc(C(Nc4ccc[*]cc4)=C(C#N)C#N)ccc3c2)cc1,553.15,train
698ddbe96c00d07d5428c83c,[*]Oc1ccc(Oc2ccc(NC(=C(C#N)C#N)c3ccc(C(Nc4ccc[*]cc4)=C(C#N)C#N)cc3)cc2)cc1,528.15,train
698ddbe96c00d07d5428c83d,[*]Oc1ccc(Oc2ccc(NC(=C(C#N)C#N)c3cccc(C(Nc4ccc[*]cc4)=C(C#N)C#N)c3)cc2)cc1,501.15,train
698ddbe96c00d07d5428c83e,[*]COC1OC[*]C(O)C(O)C1O,473.15,train
698ddbe96c00d07d5428c83f,[*]CCCCOc1ccc(OC(=O)c2ccc(C(=O)Oc3ccc(O[*])cc3)c(C(=O)OCC=C)c2)cc1,329.15,test
698ddbe96c00d07d5428c840,[*]O[Si](C)(C)COC(=O)CCCCCCCCC(=O)Oc1ccc(S(=O)(=O)c2ccc(Oc3ccc(/C=C4\CC/C(=C\c5ccc(Oc6ccc(S(=O)(=O)c7ccc(OC(=O)CCCCCCCCC(=O)OC[Si][*](C)C)cc7)cc6)cc5)C4=O)cc3)cc2)cc1,346.15,train
698ddbe96c00d07d5428c841,[*]O[Si](C)(C)COC(=O)CCCCCCCCC(=O)Oc1ccc(S(=O)(=O)c2ccc(Oc3ccc(/C=C4\CCC/C(=C\c5ccc(Oc6ccc(S(=O)(=O)c7ccc(OC(=O)CCCCCCCCC(=O)OC[Si][*](C)C)cc7)cc6)cc5)C4=O)cc3)cc2)cc1,353.15,train
698ddbe96c00d07d5428c842,[*]O[Si](C)(C)COC(=O)CCCCCCCCC(=O)Oc1ccc(S(=O)(=O)c2ccc(Oc3ccc(/C=C4\CCCC/C(=C\c5ccc(Oc6ccc(S(=O)(=O)c7ccc(OC(=O)CCCCCCCCC(=O)OC[Si][*](C)C)cc7)cc6)cc5)C4=O)cc3)cc2)cc1,354.15,val
698ddbe96c00d07d5428c843,[*]CCNC(=O)Nc1ccc(Cc2ccc(NC(=O)NCCOCCO[*])cc2)cc1,281.15,train
698ddbe96c00d07d5428c844,[*]OC1C(COC(=O)Nc2ccccc2)OC[*]C(OC(=O)Nc2ccccc2)C1OC(=O)Nc1ccccc1,490.15,train
698ddbe96c00d07d5428c845,[*]O[Si](C)(C)O[Si](C)(C)O[Si](C)(C)O[Si](C)(C)O[Si](C)(C)O[Si](C)(C)Oc1c[*]c2ccccc2c2ccccc12,205.14999999999998,train
698ddbe96c00d07d5428c846,[*]O[Si](C)(C)O[Si](C)(C)O[Si](C)(C)O[Si](C)(C)O[Si](C)(C)Oc1c[*]c2ccccc2c2ccccc12,235.14999999999998,val
698ddbe96c00d07d5428c847,[*]O[Si](C)(C)O[Si](C)(C)O[Si](C)(C)O[Si](C)(C)Oc1c[*]c2ccccc2c2ccccc12,238.14999999999998,train
698ddbe96c00d07d5428c848,[*]c1ccc(Oc2ccc(/C=C/c3ccc(Oc4ccc(-c5nnc[*]o5)cc4)cc3)cc2)cc1,488.15,train
698ddbe96c00d07d5428c849,[*]c1ccc(Oc2ccc(/C=C/c3ccc(Oc4ccc(-c5nnc[*]o5)cc4)c4ccccc34)cc2)cc1,486.15,train
698ddbe96c00d07d5428c84a,[*]c1nnc(-c2ccc(Oc3ccc(/C=C/c4ccc(Oc5ccc[*]c6ccccc56)cc4)cc3)c3ccccc23)o1,511.15,train
698ddbe96c00d07d5428c84b,[*]c1nnc(-c2ccc(Oc3ccc(/C=C/c4ccc(Oc5ccc[*]c6ccccc56)cc4)c4ccccc34)c3ccccc23)o1,514.15,train
698ddbe96c00d07d5428c84c,[*]CCCCCCOc1ccc(/C=C/c2ccc(O[*])cc2)cc1,349.15,train
698ddbe96c00d07d5428c84d,[*]CCCCCCOc1ccc(/C=C/c2ccc(O[*])c3ccccc23)cc1,351.15,train
698ddbe96c00d07d5428c84e,[*]Oc1cc(OC(=O)c2ccc(Oc3ccc(C4(c5ccc(Oc6ccc(C[*]=O)cc6)cc5)CCC(C(C)(C)C)CC4)cc3)cc2)ccc1C12CC3CC(CC(C3)C1)C2,453.15,train
698ddbe96c00d07d5428c84f,[*]Oc1ccc(-c2ccc(OC(=O)c3ccc(Oc4ccc(C5(c6ccc(Oc7ccc(C[*]=O)cc7)cc6)CCC(C(C)(C)C)CC5)cc4)cc3)cc2C)c(C)c1,436.15,train
698ddbe96c00d07d5428c850,[*]Oc1ccc(C2(c3ccc(OC(=O)c4ccc(Oc5ccc(C6(c7ccc(Oc8ccc(C[*]=O)cc8)cc7)CCC(C(C)(C)C)CC6)cc5)cc4)cc3)C3CC4CC(C3)CC2C4)cc1,470.15,train
698ddbe96c00d07d5428c851,[*]Oc1ccc(C2(c3ccc(Oc4ccc(C(=O)Oc5ccc(C6(c7ccc(OC(=O)c8ccc[*]cc8)cc7)CCC(c7ccccc7)CC6)cc5)cc4)cc3)CCC(C(C)(C)C)CC2)cc1,445.15,train
698ddbe96c00d07d5428c852,[*]Oc1ccc(C2(c3ccc(OC(=O)c4ccc(Oc5ccc(C6(c7ccc(Oc8ccc(C[*]=O)cc8)cc7)CCC(C(C)(C)C)CC6)cc5)cc4)cc3)CCCCCCCCCCC2)cc1,454.15,train
698ddbe96c00d07d5428c853,[*]Oc1ccc(C2(c3ccc(Oc4ccc(C(=O)Oc5ccc(C(C)(C)c6ccc(OC(=O)c7ccc[*]cc7)cc6)cc5)cc4)cc3)CCC(C(C)(C)C)CC2)cc1,417.15,test
698ddbe96c00d07d5428c854,[*]Oc1ccc(C2(c3ccc(Oc4ccc(C(=O)Oc5c(C)cc(C(C)(C)c6cc(C)c(OC(=O)c7ccc[*]cc7)c(C)c6)cc5C)cc4)cc3)CCC(C(C)(C)C)CC2)cc1,449.15,val
698ddbe96c00d07d5428c855,[*]OC(=O)C(C)NC(=O)CCCCC(=O)NC(C)C(=O)OC1COC2C[*]COC12,329.15,train
698ddbe96c00d07d5428c856,[*]OC(=O)C(C)NC(=O)CCCCCC(=O)NC(C)C(=O)OC1COC2C[*]COC12,318.15,test
698ddbe96c00d07d5428c857,[*]OC(=O)C(C)NC(=O)CCCCCCC(=O)NC(C)C(=O)OC1COC2C[*]COC12,330.15,train
698ddbe96c00d07d5428c858,[*]OC(=O)C(C)NC(=O)CCCCCCCC(=O)NC(C)C(=O)OC1COC2C[*]COC12,319.15,val
698ddbe96c00d07d5428c859,[*]OC(=O)C(C)NC(=O)CCCCCCCCC(=O)NC(C)C(=O)OC1COC2C[*]COC12,330.15,test
698ddbe96c00d07d5428c85a,[*]OC(=O)C(C)NC(=O)CCCCCCCCCCC(=O)NC(C)C(=O)OC1COC2C[*]COC12,301.15,val
698ddbe96c00d07d5428c85b,[*]OC(=O)CNC(=O)CCCCCCCCC(=O)NCC(=O)OC1COC2C[*]COC12,339.15,train
698ddbe96c00d07d5428c85c,[*]OC(=O)CNC(=O)CNC(=O)CCCCCCCCC(=O)NCC(=O)NCC(=O)OC1COC2C[*]COC12,320.15,test
698ddbe96c00d07d5428c85d,[*]CCCCCCCCOc1ccc(/C=C/c2cc(OCCCCCCCC)c(/C=C/c3ccc(O[*])cc3)cc2OCCCCCCCC)cc1,403.15,train
698ddbe96c00d07d5428c85e,[*]Oc1ccc(/C(=C/c2cc(OC)c(/C=C(/c3ccc[*]cc3)c3ccc(F)cc3)cc2OC)c2ccc(F)cc2)cc1,460.15,train
698ddbe96c00d07d5428c85f,[*]Oc1ccc(/C(=C/c2cc(OC)c(/C=C(/c3ccc[*]cc3)c3ccc(C(F)(F)F)cc3)cc2OC)c2ccc(C(F)(F)F)cc2)cc1,467.15,train
698ddbe96c00d07d5428c860,[*]Oc1ccc(N(c2ccc(OCCCCCC)cc2)c2ccc(-c3ccc(N(c4ccc[*]cc4)c4ccc(OCCCCCC)cc4)cc3)cc2)cc1,378.15,train
698ddbe96c00d07d5428c861,[*]CCCCCCCCCCOc1ccc(N(c2ccccc2)c2ccc(-c3ccc(N(c4ccccc4)c4ccc(O[*])cc4)cc3)cc2)cc1,363.15,train
698ddbe96c00d07d5428c862,[*]Oc1ccc(C2(c3ccc(OC(=O)c4ccc(Oc5ccc(C6(c7ccc(Oc8ccc(C[*]=O)cc8)cc7)CCC(C(C)(C)C)CC6)cc5)cc4)cc3)CC3CC2C2CCCC32)cc1,454.15,train
698ddbe96c00d07d5428c863,[*]O[Si](C)(C)O[Si](C)(C)O[Si](C)(C)O[Si](C)(C)O[Si](C)(C)O[Si](C)(C)OC1=C[*]c2cccc3cccc1c23,180.14999999999998,train
698ddbe96c00d07d5428c864,[*]O[Si](C)(C)O[Si](C)(C)O[Si](C)(C)O[Si](C)(C)O[Si](C)(C)OC1=C[*]c2cccc3cccc1c23,219.14999999999998,train
698ddbe96c00d07d5428c865,[*]O[Si](C)(C)O[Si](C)(C)O[Si](C)(C)O[Si](C)(C)OC1=C[*]c2cccc3cccc1c23,230.14999999999998,train
698ddbe96c00d07d5428c866,[*]Oc1ccc(Oc2ccc(NC(=O)c3cccc(C(=O)Nc4ccc[*]cc4)c3)cc2)cc1C(C)(C)C,481.15,train
698ddbe96c00d07d5428c867,[*]CC(CC)(CO[*])COC(=O)C(=C)C,313.15,val
698ddbe96c00d07d5428c868,[*]O[Si](C)(C)O[Si](C)(C)OC(C)CCC[*]C,190.14999999999998,train
698ddbe96c00d07d5428c869,[*]O[Si](C)(C)O[Si](C)(C)O[Si](C)(C)OC(C)CCC[*]C,183.14999999999998,train
698ddbe96c00d07d5428c86a,[*]O[Si](C)(C)O[Si](C)(C)O[Si](C)(C)O[Si](C)(C)OC(C)CCC[*]C,177.14999999999998,train
698ddbe96c00d07d5428c86b,[*]O[Si](C)(C)O[Si](C)(C)O[Si](C)(C)O[Si](C)(C)O[Si](C)(C)OC(C)CCC[*]C,167.14999999999998,train
698ddbe96c00d07d5428c86c,[*]Oc1ccc(NC(=O)c2ccc(NC(=O)c3ccc([Si](C)(C)c4ccc(C(=O)Nc5ccc(C(=O)Nc6ccc[*]cc6)cc5)cc4)cc3)cc2)cc1,577.15,train
698ddbe96c00d07d5428c86d,[*]Oc1ccc(N(CC)c2ccc(/C=C(\C#N)C(=O)NC3CCCCC3NC(=O)/C(C#N)=C/c3ccc(N(CC)c4ccc[*]cc4)cc3)cc2)cc1,508.15,val
698ddbe96c00d07d5428c86f,[*]OC(=O)c1ccc(/N=N/c2ccc(C(=O)OC3COC4C[*]COC34)cc2)cc1,371.15,train
698ddbe96c00d07d5428c870,[*]OC(=O)CCCCCCCCC(=O)OC1COC2C[*]COC12,276.15,train
698ddbe96c00d07d5428c871,[*]CC#CC#CCOc1ccc(C(=O)OCCN(CCOC(=O)c2ccc(O[*])cc2)c2ccc([N+](=O)[O-])cc2)cc1,373.15,train
698ddbe96c00d07d5428c872,[*]CC#CC#CCOc1ccc(C(=O)OCCN(CCOC(=O)c2ccc(O[*])cc2)c2ccc(/N=N/c3ccc(C#N)cc3)cc2)cc1,394.15,train
698ddbe96c00d07d5428c873,[*]CC#CC#CCOc1ccc(C(=O)OCCN(CCOC(=O)c2ccc(O[*])cc2)c2ccc(/N=N/c3ccc([N+](=O)[O-])cc3)cc2)cc1,373.15,val
698ddbe96c00d07d5428c874,[*]CC#CC#CCOc1cccc(C(=O)OCCN(CCOC(=O)c2cccc(O[*])c2)c2ccc(/N=N/c3ccc(C#N)cc3)cc2)c1,323.15,test
698ddbe96c00d07d5428c875,[*]CC#CC#CCOc1ccc(C(=O)OCCN(CCOC(=O)c2ccc(O[*])cc2)c2ccc(/N=N/c3ccc(/N=N/c4cc(C)c([N+](=O)[O-])c(C)c4)cc3)cc2)cc1,388.15,val
698ddbe96c00d07d5428c876,[*]CC#CC#CCOc1ccc(C(=O)OCCN(CCOC(=O)c2ccc(O[*])cc2)c2ccc(/N=N/c3ccc(/N=N/c4cc(C)c(C#N)c(C)c4)cc3)cc2)cc1,393.15,train
698ddbe96c00d07d5428c877,[*]Oc1ccc(S(=O)(=O)c2ccc(Oc3ccc(C(=O)c4cc(Br)cc(C(=O)c5ccc[*]cc5)c4)cc3)cc2)cc1,465.15,train
698ddbe96c00d07d5428c878,[*]Oc1ccc(S(=O)(=O)c2ccc(Oc3ccc(C(=O)c4cc(I)cc(C(=O)c5ccc[*]cc5)c4)cc3)cc2)cc1,476.15,train
698ddbe96c00d07d5428c879,[*]Oc1ccc(S(=O)(=O)c2ccc(Oc3ccc(C(=O)c4cc(C(=O)c5ccc[*]cc5)cc(C(C)(C)C)c4)cc3)cc2)cc1,471.15,train
698ddbe96c00d07d5428c87a,[*]Oc1ccc(C(c2ccc(Oc3ccc(C(=O)c4cccc(C(=O)c5ccc[*]cc5)c4)cc3)cc2)(C(F)(F)F)C(F)(F)F)cc1,441.25,train
698ddbe96c00d07d5428c87b,[*]Oc1ccc(C(c2ccc(Oc3ccc(C(=O)c4cc(C(=O)c5ccc[*]cc5)cc(C(C)(C)C)c4)cc3)cc2)(C(F)(F)F)C(F)(F)F)cc1,454.15,train
698ddbe96c00d07d5428c87c,[*]c1ccc(C#Cc2cc(OCCCCCCCC)c(C#Cc3ccc(-c4nnc[*]o4)cc3)cc2OCCCCCCCC)cc1,403.15,train
698ddbe96c00d07d5428c87d,[*]O[Si](C)(C)O[Si](C)(C)OC(C)CCCCC[*]C,186.14999999999998,test
698ddbe96c00d07d5428c87e,[*]O[Si](C)(C)O[Si](C)(C)O[Si](C)(C)OC(C)CCCCC[*]C,179.14999999999998,test
698ddbe96c00d07d5428c87f,[*]O[Si](C)(C)O[Si](C)(C)O[Si](C)(C)O[Si](C)(C)OC(C)CCCCC[*]C,175.14999999999998,train
698ddbe96c00d07d5428c880,[*]O[Si](C)(C)O[Si](C)(C)O[Si](C)(C)O[Si](C)(C)O[Si](C)(C)OC(C)CCCCC[*]C,169.14999999999998,train
698ddbe96c00d07d5428c881,[*]c1ccc(-c2nnc[*]o2)c(OCC)c1,504.15,test
698ddbe96c00d07d5428c882,[*]c1ccc(-c2nnc[*]o2)c(OCCCCC)c1,478.15,test
698ddbe96c00d07d5428c883,[*]c1ccc(-c2nnc[*]o2)c(OCCCCCCCC)c1,446.15,train
698ddbe96c00d07d5428c884,[*]c1ccc(-c2nnc[*]o2)c(OCCCCCCCCCC)c1,438.15,train
698ddbe96c00d07d5428c885,[*]c1ccc(Oc2ccc(C(=O)c3ccc(Oc4ccc(C5[*]c6ccccc6C(=O)N5C)cc4)cc3)cc2)cc1,518.15,train
698ddbe96c00d07d5428c886,[*]CC(OO[*])c1ccc(C)cc1,277.75,test
698ddbe96c00d07d5428c887,[*]CC(OO[*])c1ccc(Br)cc1,282.75,train
698ddbe96c00d07d5428c888,[*]CC(OO[*])c1ccc(C(C)(C)C)cc1,293.04999999999995,train
698ddbe96c00d07d5428c889,[*]Oc1cccc(Oc2ccc(C(=O)O)c(C(=O)Nc3ccc(Oc4ccc(-c5ccc(Oc6ccc(NC(=O)c7cc[*]ccc7C(=O)O)cc6)cc5)cc4)cc3)c2)c1,373.15,train
698ddbe96c00d07d5428c88a,[*]CCCC(C)O[Si](C)(C)O[*],192.14999999999998,train
698ddbe96c00d07d5428c88b,[*]CCC(C)O[Si](C)(C)O[*],185.14999999999998,train
698ddbe96c00d07d5428c88c,[*]OC(F)(C(=O)N([Li])S(=O)(=O)C(F)(F)C[*](F)F)C(F)(F)F,340.15,train
698ddbe96c00d07d5428c88d,[*]C1OCOC(C[*](F)F)C1(F)F,398.15,train
698ddbe96c00d07d5428c88e,[*]Oc1ccc(P(=O)(c2ccccc2)c2ccc(Oc3ccc(C(c4ccc[*]cc4)(C(F)(F)F)C(F)(F)F)cc3)cc2)cc1,483.65,train
698ddbe96c00d07d5428c88f,[*]Oc1c(F)c(F)c(Sc2c(F)c(F)c(Oc3ccc(C(c4ccc[*]cc4)(C(F)(F)F)C(F)(F)F)cc3)c(F)c2F)c(F)c1F,414.65,train
698ddbe96c00d07d5428c890,[*]c1ccc(Oc2ccc(S(=O)(=O)c3ccc(Oc4ccc(C5[*]OC(=O)c6ccccc65)cc4C)cc3)cc2)c(C)c1,518.15,train
698ddbe96c00d07d5428c891,[*]c1cc(C)c(Oc2ccc(S(=O)(=O)c3ccc(Oc4cc(C)c(C5[*]OC(=O)c6ccccc65)cc4C)cc3)cc2)cc1C,542.15,test
698ddbe96c00d07d5428c892,[*]c1cc(C(C)C)c(Oc2ccc(S(=O)(=O)c3ccc(Oc4cc(C)c(C5[*]OC(=O)c6ccccc65)cc4C(C)C)cc3)cc2)cc1C,503.15,train
698ddbe96c00d07d5428c893,[*]Oc1ccc(S(=O)(=O)c2ccc(Oc3cc(C)c(C(c4cc(C(C)C)c[*]cc4C)c4ccccc4C(=O)O)cc3C(C)C)cc2)cc1,513.15,train
698ddbe96c00d07d5428c894,[*]Oc1ccc(S(=O)(=O)c2ccc(Oc3ccc(C(c4ccc[*]cc4)c4ccccc4C(=O)O)cc3)cc2)cc1,496.15,test
698ddbe96c00d07d5428c895,[*]Oc1cccc(N(c2ccccc2)c2ccc(-c3ccc(N(c4ccccc4)c4cccc(OC(=O)OCCOCCOC[*]=O)c4)cc3)cc2)c1,386.15,train
698ddbe96c00d07d5428c896,[*]Oc1cccc(N(c2ccccc2)c2ccc(-c3ccc(N(c4ccc(/N=N/c5ccc([N+](=O)[O-])cc5)cc4)c4cccc(OC(=O)OCCOCCOC[*]=O)c4)cc3)cc2)c1,384.15,train
698ddbe96c00d07d5428c897,[*]C1OCCCC1C1C(=O)OC(=O)C1[*],483.15,train
698ddbe96c00d07d5428c898,[*]OC1C(COC(C)=O)OC[*]C(OC(C)=O)C1O,475.15,train
698ddbe96c00d07d5428c899,[*]Oc1ccc(-c2ccc(Oc3ccc(C(=O)c4ccc(C(=O)c5ccc[*]cc5)cc4)cc3)cc2)cc1,446.15,train
698ddbe96c00d07d5428c89a,[*]Oc1ccc(OC(=O)c2ccc(Oc3ccc(C[*]=O)cc3)cc2)c2ccccc12,439.15,test
698ddbe96c00d07d5428c89b,[*]Oc1cccc2c(OC(=O)c3ccc(Oc4ccc(C[*]=O)cc4)cc3)cccc12,444.15,train
698ddbe96c00d07d5428c89c,[*]Oc1cccc2cc(OC(=O)c3ccc(Oc4ccc(C[*]=O)cc4)cc3)ccc12,452.15,train
698ddbe96c00d07d5428c89d,[*]Oc1cc2ccccc2cc1OC(=O)c1ccc(Oc2ccc(C[*]=O)cc2)cc1,421.15,train
698ddbe96c00d07d5428c89e,[*]Oc1ccc2cc(OC(=O)c3ccc(Oc4ccc(C[*]=O)cc4)cc3)ccc2c1,418.15,train
698ddbe96c00d07d5428c89f,[*]Oc1ccc2ccc(OC(=O)c3ccc(Oc4ccc(C[*]=O)cc4)cc3)cc2c1,415.15,train
698ddbe96c00d07d5428c8a0,[*]c1ccc(OCCCCCCCCCCCOC(=O)c2cccc(C(=O)OCCCCCCCCCCCOc3ccc(-c4nnc[*]s4)cc3)c2)cc1,341.15,train
698ddbe96c00d07d5428c8a1,[*]c1ccc(OCCCCCCCCCCCOC(=O)c2ccc(C(=O)OCCCCCCCCCCCOc3ccc(-c4nnc[*]s4)cc3)cc2)cc1,337.15,train
698ddbe96c00d07d5428c8a2,[*]c1ccc(OCCCCCCCCCCCOC(=O)CCCCC(=O)OCCCCCCCCCCCOc2ccc(-c3nnc[*]s3)cc2)cc1,342.15,val
698ddbe96c00d07d5428c8a3,[*]c1ccc(OCCCCCCCCCCCOC(=O)CCCCCCCCC(=O)OCCCCCCCCCCCOc2ccc(-c3nnc[*]s3)cc2)cc1,325.15,train
698ddbe96c00d07d5428c8a4,[*]c1ccc(OCCCCCCCCCCCOC(=O)c2cccc(C(=O)OCCCCCCCCCCCOc3cccc(-c4nnc[*]s4)c3)c2)cc1,312.15,train
698ddbe96c00d07d5428c8a5,[*]c1ccc(OCCCCCCCCCCCOC(=O)c2ccc(C(=O)OCCCCCCCCCCCOc3cccc(-c4nnc[*]s4)c3)cc2)cc1,308.15,train
698ddbe96c00d07d5428c8a6,[*]c1cccc(OCCCCCCCCCCCOC(=O)c2cccc(C(=O)OCCCCCCCCCCCOc3cccc(-c4nnc[*]s4)c3)c2)c1,288.15,train
698ddbe96c00d07d5428c8a7,[*]c1cccc(OCCCCCCCCCCCOC(=O)c2ccc(C(=O)OCCCCCCCCCCCOc3cccc(-c4nnc[*]s4)c3)cc2)c1,295.15,train
698ddbe96c00d07d5428c8a8,[*]Oc1ccc(C(C)(C)C)cc1Oc1ccc(S(=O)(=O)c2ccc[*]cc2)cc1,455.15,train
698ddbe96c00d07d5428c8a9,[*]Oc1ccc(C(C)(C)C)cc1Oc1ccc(S(=O)(=O)c2ccc[*]cc2)cc1,455.15,train
698ddbe96c00d07d5428c8aa,[*]Oc1ccc(Oc2ccc(C(=O)c3ccc(C(=O)c4ccc[*]cc4)cc3)cc2)cc1-c1ccc(Cl)c(C(F)(F)F)c1,420.15,train
698ddbe96c00d07d5428c8ab,[*]CC(O)COC(=O)/C=C/C(=O)Oc1ccc(C(C)(C)c2ccc(O[*])cc2)cc1,305.15,train
698ddbe96c00d07d5428c8ac,[*]CCCCCCCCOc1ccc(C(C)(C)c2ccc(O[*])cc2)cc1,292.75,train
698ddbe96c00d07d5428c8ad,[*]CCCCCCCCOc1ccc(C(c2ccc(O[*])cc2)(C(F)(F)F)C(F)(F)F)cc1,300.95,train
698ddbe96c00d07d5428c8ae,[*]Oc1ccc(C(=O)NNC(=O)c2ccc[*]cc2)cc1,536.15,test
698ddbe96c00d07d5428c8af,[*]CCOCCOCCOCCOC(=O)Nc1ccc(Cc2ccc(NC(=O)O[*])cc2)cc1,310.15,val
698ddbe96c00d07d5428c8b0,[*]CCCCCCOC(=O)C(CCCCCBr)C(=O)OCCCCCCOc1ccc(-n2on2-c2ccc(O[*])cc2)cc1,280.15,train
698ddbe96c00d07d5428c8b1,[*]CCCCCCOC(=O)C(CCCCCCCCCCBr)C(=O)OCCCCCCOc1ccc(-n2on2-c2ccc(O[*])cc2)cc1,289.15,train
698ddbe96c00d07d5428c8b2,[*]CCCCCCOC(=O)C(CCCCP(=O)(OCC)OCC)C(=O)OCCCCCCOc1ccc(-n2on2-c2ccc(O[*])cc2)cc1,277.15,train
698ddbe96c00d07d5428c8b3,[*]CCCCCCOC(=O)C(CCCCP(=O)(O)O)C(=O)OCCCCCCOc1ccc(-n2on2-c2ccc(O[*])cc2)cc1,292.15,train
698ddbe96c00d07d5428c8b4,[*]CCCCCCOC(=O)C(CCCCCP(=O)(OCC)OCC)C(=O)OCCCCCCOc1ccc(-n2on2-c2ccc(O[*])cc2)cc1,280.15,train
698ddbe96c00d07d5428c8b5,[*]CCCCCCOC(=O)C(CCCCCP(=O)(O)O)C(=O)OCCCCCCOc1ccc(-n2on2-c2ccc(O[*])cc2)cc1,290.15,train
698ddbe96c00d07d5428c8b6,[*]CCCCCCOC(=O)C(CCCCCCP(=O)(OCC)OCC)C(=O)OCCCCCCOc1ccc(-n2on2-c2ccc(O[*])cc2)cc1,282.15,train
698ddbe96c00d07d5428c8b7,[*]CCCCCCOC(=O)C(CCCCCCP(=O)(O)O)C(=O)OCCCCCCOc1ccc(-n2on2-c2ccc(O[*])cc2)cc1,294.15,train
698ddbe96c00d07d5428c8b8,[*]CCCCCCOC(=O)C(CCCCCCCCCCP(=O)(OCC)OCC)C(=O)OCCCCCCOc1ccc(-n2on2-c2ccc(O[*])cc2)cc1,282.15,train
698ddbe96c00d07d5428c8b9,[*]CCCCCCOC(=O)C(CCCCCCCCCCP(=O)(O)O)C(=O)OCCCCCCOc1ccc(-n2on2-c2ccc(O[*])cc2)cc1,289.15,train
698ddbe96c00d07d5428c8ba,[*]CCCCCCOC(=O)CC(=O)OCCCCCCOc1ccc(-n2on2-c2ccc(O[*])cc2)cc1,289.15,train
698ddbe96c00d07d5428c8bb,[*]CCCCCCOC(=O)C(C(=O)OCCCCCCOc1ccc(-n2on2-c2ccc(O[*])cc2)cc1)c1ccccc1,296.15,train
698ddbe96c00d07d5428c8bc,[*]CCOCCOCCOc1ccc(/C=C/c2ccc(/C=C/c3ccc(O[*])c4ccccc34)cc2)c2ccccc12,356.65,val
698ddbe96c00d07d5428c8bd,[*]CCOCCOCCOc1ccc(/C=C/c2cc(OC)c(/C=C/c3ccc(O[*])c4ccccc34)cc2OC)c2ccccc12,352.65,train
698ddbe96c00d07d5428c8be,[*]O[Si](C)(C)OC(CCl)COc1ccc(C(C)(C)c2ccc(OCC[*]CCl)cc2)cc1,297.15,train
698ddbe96c00d07d5428c8bf,[*]O[Si](C)(C)CCCC(=O)Oc1ccc(/C=N/c2ccc(Oc3ccc(/N=C/c4ccc(OC(=O)CCC[Si][*](C)C)cc4)cc3)cc2)cc1,325.15,train
698ddbe96c00d07d5428c8c0,[*]CCCCCCOc1ccc(N(c2ccccc2)c2ccc(-c3ccc(N(c4ccccc4)c4ccc(O[*])cc4)cc3)cc2)cc1,358.15,train
698ddbe96c00d07d5428c8c1,[*]CCCCCCCCCCCCOc1ccc(N(c2ccccc2)c2ccc(-c3ccc(N(c4ccccc4)c4ccc(O[*])cc4)cc3)cc2)cc1,315.65,val
698ddbe96c00d07d5428c8c2,[*]CCOP(=O)(/N=N/c1ccc(COC(=O)c2cc(C(=O)OCc3ccc(/N=N/P(=O)(O[*])OC)cc3)cc(C(C)(C)C)c2)cc1)OC,378.15,train
698ddbe96c00d07d5428c8c3,[*]CCOP(=O)(/N=N/c1ccc(CCOC(=O)c2cc(C(=O)OCCc3ccc(/N=N/P(=O)(O[*])OC)cc3)cc(C(C)(C)C)c2)cc1)OC,357.15,train
698ddbe96c00d07d5428c8c4,[*]CCCCCCOP(=O)(/N=N/c1ccc(COC(=O)c2cc(C(=O)OCc3ccc(/N=N/P(=O)(O[*])OC)cc3)cc(C(C)(C)C)c2)cc1)OC,335.15,train
698ddbe96c00d07d5428c8c5,[*]CCCCCCOP(=O)(/N=N/c1ccc(CCOC(=O)c2cc(C(=O)OCCc3ccc(/N=N/P(=O)(O[*])OC)cc3)cc(C(C)(C)C)c2)cc1)OC,320.15,train
698ddbe96c00d07d5428c8c6,[*]Oc1ccc(NC(=O)c2cc(NC(=O)CCN3C(=O)c4ccccc4C3=O)cc(C(=O)Nc3ccc[*]cc3)c2)cc1,513.15,train
698ddbe96c00d07d5428c8c7,[*]Oc1ccc(NC(=O)c2cc(NC(=O)CCCN3C(=O)c4ccccc4C3=O)cc(C(=O)Nc3ccc[*]cc3)c2)cc1,498.15,train
698ddbe96c00d07d5428c8c8,[*]Oc1ccc(NC(=O)c2cc(NC(=O)CCCCCN3C(=O)c4ccccc4C3=O)cc(C(=O)Nc3ccc[*]cc3)c2)cc1,473.15,test
698ddbe96c00d07d5428c8c9,[*]Oc1ccc(NC(=O)c2cc(NC(=O)CCCCCCCCCCN3C(=O)c4ccccc4C3=O)cc(C(=O)Nc3ccc[*]cc3)c2)cc1,433.15,test
698ddbe96c00d07d5428c8ca,[*]Oc1ccc(S(=O)(=O)c2ccc(Oc3c(C)cc(C(C)(C)c4cc(C)c[*]c(C)c4Br)c(Br)c3C)cc2)cc1,548.55,train
698ddbe96c00d07d5428c8cb,[*]Oc1ccc(S(=O)(=O)c2ccc(Oc3c(C)cc(-c4cc(C)c[*]c(C)c4Br)c(Br)c3C)cc2)cc1,571.3499999999999,train
698ddbe96c00d07d5428c8cc,[*]Oc1ccc(C(=O)Nc2ccc(C(c3ccc(NC(=O)c4ccc[*]cc4)cc3)(P3(=O)Oc4ccccc4-c4ccccc43)P3(=O)Oc4ccccc4-c4ccccc43)cc2)cc1,516.15,train
698ddbe96c00d07d5428c8cd,[*]CCCCCCCCCCCOC(=O)c1cc(OCCCCCCCCOc2ccc(/N=N/c3ccc(OC)cc3)cc2)cc(C(=O)OCCCCCCCCCCCOc2ccc(-c3ccc(O[*])cc3)cc2)c1,333.15,test
698ddbe96c00d07d5428c8ce,[*]CCCCCCCCCCCOC(=O)c1cc(OCCCCCCCCCCOc2ccc(/N=N/c3ccc(OC)cc3)cc2)cc(C(=O)OCCCCCCCCCCCOc2ccc(-c3ccc(O[*])cc3)cc2)c1,326.15,train
698ddbe96c00d07d5428c8cf,[*]Oc1ccc2cc(Oc3ccc(C(=O)c4ccc[*]cc4)cc3)ccc2c1,520.15,train
698ddbe96c00d07d5428c8d0,[*]N=P1[*]Oc2ccc3ccccc3c2-c2c(ccc3ccccc23)O1,564.15,train
698ddbe96c00d07d5428c8d1,[*]Oc1cccc2c(OC3(F)C[*](F)C(F)(F)C3(F)F)cccc12,411.15,train
698ddbe96c00d07d5428c8d2,[*]Oc1ccc(OC2(F)C[*](F)C(F)(F)C2(F)F)cc1,314.15,train
698ddbe96c00d07d5428c8d3,[*]Oc1ccc(SSc2ccc[*]cc2)cc1,349.95,train
698ddbe96c00d07d5428c8d4,[*]Oc1ccc(-c2ccc(Oc3ccc4ccccc4c3-c3c[*]ccc4ccccc34)c3ccccc23)c2ccccc12,574.15,train
698ddbe96c00d07d5428c8d5,[*]c1ccc(Oc2ccc(-c3cc(OCCCCCC)c(-c4ccc(Oc5ccc(-c6nnc[*]o6)cc5)cc4)cc3OCCCCCC)cc2)cc1,376.15,train
698ddbe96c00d07d5428c8d6,[*]Oc1ccc(S(=O)(=O)c2ccc(Oc3ccc(C(c4ccc[*]c(Br)c4)(C(F)(F)F)C(F)(F)F)cc3Br)cc2)cc1,470.65,train
698ddbe96c00d07d5428c8d7,[*]Oc1ccc(S(=O)(=O)c2ccc(Oc3ccc(C(c4ccc[*]c([Si](C)(C)C)c4)(C(F)(F)F)C(F)(F)F)cc3[Si](C)(C)C)cc2)cc1,441.75,train
698ddbe96c00d07d5428c8d8,[*]Oc1ccc(S(=O)(=O)c2ccc(Oc3ccc(C(c4ccc[*]cc4)(C(F)(F)F)C(F)(F)F)cc3)cc2[Si](C)(C)C)c([Si](C)(C)C)c1,445.15,train
698ddbe96c00d07d5428c8d9,[*]Oc1ccc(S(=O)(=O)c2ccc(Oc3ccc(C(c4ccc[*]c([Si](C)(C)C)c4)(C(F)(F)F)C(F)(F)F)cc3[Si](C)(C)C)cc2[Si](C)(C)C)c([Si](C)(C)C)c1,422.04999999999995,train
698ddbe96c00d07d5428c8da,[*]Oc1ccc(S(=O)(=O)c2ccc(Oc3c(C)cc(C(c4cc(C)c[*]c(C)c4)(C(F)(F)F)C(F)(F)F)cc3C)c(Br)c2)cc1Br,503.95,train
698ddbe96c00d07d5428c8db,[*]Oc1ccc(S(=O)(=O)c2ccc(Oc3c(C)cc(C(c4cc(C)c[*]c(C)c4)(C(F)(F)F)C(F)(F)F)cc3C)cc2[Si](C)(C)C)c([Si](C)(C)C)c1,470.15,train
698ddbe96c00d07d5428c8dc,[*]Oc1ccc(Oc2ccc(/C=N/CC/N=C/c3ccc[*]cc3)cc2)cc1,374.15,train
698ddbe96c00d07d5428c8dd,[*]Oc1ccc(Oc2ccc(/C=N/CCCC/N=C/c3ccc[*]cc3)cc2)cc1,378.15,val
698ddbe96c00d07d5428c8de,[*]Oc1ccc(Oc2ccc(/C=N/CCCCCC/N=C/c3ccc[*]cc3)cc2)cc1,384.15,train
698ddbe96c00d07d5428c8df,[*]Oc1ccc(Oc2ccc(/C=N/CCCCCCCCCC/N=C/c3ccc[*]cc3)cc2)cc1,381.15,train
698ddbe96c00d07d5428c8e0,[*]Oc1ccc(Oc2ccc(/C=N/CCCCCCCCCCCC/N=C/c3ccc[*]cc3)cc2)cc1,391.15,val
698ddbe96c00d07d5428c8e1,[*]Oc1ccc(Oc2ccc(/C=N/c3ccc(/N=C/c4ccc[*]cc4)cc3)cc2)cc1,390.15,train
698ddbe96c00d07d5428c8e2,[*]Oc1ccc(Oc2ccc(/C=N/c3ccc(Oc4ccc(/N=C/c5ccc[*]cc5)cc4)cc3)cc2)cc1,393.15,val
698ddbe96c00d07d5428c8e3,[*]OP(=O)(Oc1ccc[*]cc1)OC1CCCCC1,381.15,train
698ddbe96c00d07d5428c8e4,[*]OP(=O)(Oc1ccc(C(C)(C)c2ccc[*]cc2)cc1)OC1CCCCC1,359.15,train
698ddbe96c00d07d5428c8e5,[*]OP(=O)(Oc1ccc(-c2ccc[*]cc2)cc1)OC1CCCCC1,389.15,test
698ddbe96c00d07d5428c8e6,[*]OP(=O)(Oc1cccc2c[*]cccc12)OC1CCCCC1,407.15,train
698ddbe96c00d07d5428c8e7,[*]OP(=O)(Oc1ccc(S(=O)(=O)c2ccc[*]cc2)cc1)OC1CCCCC1,393.15,train
698ddbe96c00d07d5428c8e8,[*]OP(=O)(Oc1ccccc1)Oc1ccc[*]cc1,370.15,test
698ddbe96c00d07d5428c8e9,[*]OP(=O)(Oc1ccccc1)Oc1ccc(-c2ccc[*]cc2)cc1,385.15,train
698ddbe96c00d07d5428c8ea,[*]OP(=O)(Oc1ccccc1)Oc1cccc2c[*]cccc12,411.15,val
698ddbe96c00d07d5428c8eb,[*]SCC(=O)N/N=C/c1ccc(OCCCCCCCCCCOc2ccc(/C=N/NC(=O)CSc3nnc[*]s3)cc2)cc1,390.15,train
698ddbe96c00d07d5428c8ec,[*]SCC(=O)N/N=C/c1ccc(OCCCCCCCCCCOc2ccc(/C=N/NC(=O)CSc3nnc[*]s3)cc2OC)c(OC)c1,429.15,train
698ddbe96c00d07d5428c8ed,[*]c1ccc(Oc2ccc(P(=O)(c3ccccc3)c3ccc(Oc4ccc(-c5ccc[*]nc5)cc4)cc3)cc2)cc1,530.15,test
698ddbe96c00d07d5428c8ee,[*]Oc1c(F)c(F)c(-c2c(F)c(F)c(Oc3ccc(Cc4ccc[*]c(C=O)c4)cc3C=O)c(F)c2F)c(F)c1F,471.15,val
698ddbe96c00d07d5428c8ef,[*]CC(O)COC(=O)CCCCC(=O)OCC(O)COc1ccc(/C=C(\C)c2ccc(O[*])cc2)cc1,306.15,val
698ddbe96c00d07d5428c8f0,[*]CC(O)COC(=O)CCCCCCCCC(=O)OCC(O)COc1ccc(/C=C(\C)c2ccc(O[*])cc2)cc1,303.15,train
698ddbe96c00d07d5428c8f1,[*]CC(O)COC(=O)CCCCC(=O)OCC(O)COc1ccc(C(=O)Oc2ccc(O[*])cc2)cc1,310.15,test
698ddbe96c00d07d5428c8f2,[*]CC(O)COC(=O)CCCCCCCCC(=O)OCC(O)COc1ccc(C(=O)Oc2ccc(O[*])cc2)cc1,309.15,train
698ddbe96c00d07d5428c8f3,[*]CC(C)(CO[*])COCCC#N,221.14999999999998,train
698ddbe96c00d07d5428c8f4,[*]CC(C)(CO[*])COCCOCCOCCOC,255.14999999999998,train
698ddbe96c00d07d5428c8f5,[*]Oc1ccc(S(=O)(=O)c2ccc(Oc3ccc(C(C)(CCC(=O)O)c4ccc[*]cc4)cc3)cc2)cc1,436.15,train
698ddbe96c00d07d5428c8f6,[*]c1ccc(C(=O)c2ccc(C(=O)c3ccc(Oc4ccc(-c5nn[*]c(=O)c6ccccc56)c(F)c4)cc3)cc2)cc1,560.15,train
698ddbe96c00d07d5428c8f7,[*]c1ccc(C(=O)c2ccc(Oc3ccc(-c4nn[*]c(=O)c5ccccc45)c(F)c3)cc2)cc1,526.15,test
698ddbe96c00d07d5428c8f8,[*]c1ccc(S(=O)(=O)c2ccc(Oc3ccc(-c4nn[*]c(=O)c5ccccc45)c(F)c3)cc2)cc1,556.15,train
698ddbe96c00d07d5428c8f9,[*]c1c(F)c(F)c(-c2c(F)c(F)c(Oc3ccc(-c4nn[*]c(=O)c5ccccc45)c(F)c3)c(F)c2F)c(F)c1F,526.15,train
698ddbe96c00d07d5428c8fa,[*]CCOC(=O)Nc1ccc(Cc2ccc(NC(=O)OCCOc3ccc(C4(c5ccc(O[*])cc5)c5ccccc5-c5ccccc54)cc3)cc2)cc1,425.15,train
698ddbe96c00d07d5428c8fb,[*]CCOC(=O)Nc1ccc(C)c(NC(=O)OCCOc2ccc(C3(c4ccc(O[*])cc4)c4ccccc4-c4ccccc43)cc2)c1,448.15,train
698ddbe96c00d07d5428c8fc,[*]CCOC(=O)NCCCCCCNC(=O)OCCOc1ccc(C2(c3ccc(O[*])cc3)c3ccccc3-c3ccccc32)cc1,334.15,test
698ddbe96c00d07d5428c8fd,[*]CCOC(=O)NC1CCC(CC2CCC(NC(=O)OCCOc3ccc(C4(c5ccc(O[*])cc5)c5ccccc5-c5ccccc54)cc3)CC2)CC1,413.15,test
698ddbe96c00d07d5428c8fe,[*]CCOC(=O)C1CCC(C(=O)OCCOc2ccc(C3(c4ccc(O[*])cc4)c4ccccc4-c4ccccc43)cc2)CC1,393.2,train
698ddbe96c00d07d5428c8ff,[*]CCOC(=O)Nc1ccc(Cc2ccc(NC(=O)OCCOc3ccc(C(C)(C)c4ccc(O[*])cc4)cc3)cc2)cc1,400.15,train
698ddbe96c00d07d5428c900,[*]CCOC(=O)C1CCC(C(=O)OCCOc2ccc(C(C)(C)c3ccc(O[*])cc3)cc2)CC1,330.15,train
698ddbe96c00d07d5428c901,[*]Oc1ccc(C(=O)Nc2cc(NC(=O)c3ccc[*]cc3)cc(C(=O)OCCOC(=O)/C=C/c3ccc(N(C)C)cc3)c2)cc1,455.15,train
698ddbe96c00d07d5428c902,[*]OC(=O)OCCCCCCOC(=O)OC1COC2C[*]COC12,300.65,train
698ddbe96c00d07d5428c903,[*]Oc1ccc(S(=O)(=O)c2ccc(OC3(F)C[*](F)C(F)(F)C3(F)F)cc2)cc1,435.34999999999997,train
698ddbe96c00d07d5428c904,[*]OC(=O)OCC(OC)C(COC(=O)OC1COC2C[*]COC12)OC,334.15,val
698ddbe96c00d07d5428c905,[*]OC(=O)OCC(O)C(O)COC(=O)OC1COC2C[*]COC12,351.65,train
698ddbe96c00d07d5428c906,[*]OC(=O)OCC1OC(C)(C)OC1COC(=O)OC1COC2C[*]COC12,368.65,train
698ddbe96c00d07d5428c907,[*]=Nc1ccc(C(C)(C)c2ccc(C(C)(C)c3ccc(/N=C4/OC(=O)c5ccc(Oc6ccc7c(c6)C(=O)OC7=[*])cc54)cc3)cc2)cc1,522.15,train
698ddbe96c00d07d5428c908,[*]Oc1ccc(C(=O)Nc2ccc(S(=O)(=O)c3ccc(NC(=O)c4ccc(Oc5nc[*]nc(Sc6ccccc6)n5)cc4)cc3)cc2)cc1,583.15,train
698ddbe96c00d07d5428c909,[*]Oc1ccc(C(=O)Nc2ccc(Cc3ccc(NC(=O)c4ccc(Oc5nc[*]nc(Sc6ccccc6)n5)cc4)cc3)cc2)cc1,575.15,train
698ddbe96c00d07d5428c90a,[*]Oc1cccc(C(=O)Nc2ccc(-c3ccc(NC(=O)c4cccc(Oc5nc[*]nc(Sc6ccccc6)n5)c4)cc3)cc2)c1,552.15,train
698ddbe96c00d07d5428c90b,[*]Oc1cccc(C(=O)Nc2ccc(S(=O)(=O)c3ccc(NC(=O)c4cccc(Oc5nc[*]nc(Sc6ccccc6)n5)c4)cc3)cc2)c1,577.15,train
698ddbe96c00d07d5428c90c,[*]C(F)(F)C1[*]OC(F)(F)C(F)(C(F)(F)F)O1,406.75,train
698ddbe96c00d07d5428c90d,[*]C(F)(F)C1[*]OC(F)(F)C(F)(C(F)(F)F)O1,406.75,train
698ddbe96c00d07d5428c90e,[*]Oc1ccc(C(=O)Nc2cc(NC(=O)c3ccc[*]cc3)cc(-c3nc4ccccc4[nH]3)c2)cc1,608.15,test
698ddbe96c00d07d5428c90f,[*]CCOc1ccc(C(=O)Nc2cc(NC(=O)c3ccc(O[*])cc3)cc(-c3nc4ccccc4[nH]3)c2)cc1,548.15,test
698ddbe96c00d07d5428c910,[*]CCOCCOc1ccc(C(=O)Nc2cc(NC(=O)c3ccc(O[*])cc3)cc(-c3nc4ccccc4[nH]3)c2)cc1,503.15,train
698ddbe96c00d07d5428c911,[*]CCOCCOCCOc1ccc(C(=O)Nc2cc(NC(=O)c3ccc(O[*])cc3)cc(-c3nc4ccccc4[nH]3)c2)cc1,438.15,val
698ddbe96c00d07d5428c912,[*]CCOCCOCCOCCOc1ccc(C(=O)Nc2cc(NC(=O)c3ccc(O[*])cc3)cc(-c3nc4ccccc4[nH]3)c2)cc1,436.15,train
698ddbe96c00d07d5428c913,[*]CCOCCOCCOCCOCCOc1ccc(C(=O)Nc2cc(NC(=O)c3ccc(O[*])cc3)cc(-c3nc4ccccc4[nH]3)c2)cc1,418.15,train
698ddbe96c00d07d5428c914,[*]CCOCCOCCOCCOCCOCCOc1ccc(C(=O)Nc2cc(NC(=O)c3ccc(O[*])cc3)cc(-c3nc4ccccc4[nH]3)c2)cc1,398.15,train
698ddbe96c00d07d5428c915,[*]Oc1ccc(Oc2ccc(C(=O)c3cccc(C(=O)c4ccc[*]cc4)c3)cc2)cc1S(=O)(=O)O,468.15,train
698ddbe96c00d07d5428c916,[*]Oc1ccc(Oc2ccc(C(=O)c3ccc[*]c(S(=O)(=O)O)c3)cc2S(=O)(=O)O)cc1S(=O)(=O)O,521.15,test
698ddbe96c00d07d5428c917,[*]Oc1ccc(Oc2ccc(C(=O)c3ccc[*]c(S(=O)(=O)O)c3)cc2S(=O)(=O)O)cc1,493.15,train
698ddbe96c00d07d5428c918,[*]Oc1ccc(-c2ccc(Oc3ccc(C(=O)c4ccc[*]c(S(=O)(=O)O)c4)cc3S(=O)(=O)O)cc2)cc1,498.15,train
698ddbe96c00d07d5428c919,[*]Oc1ccc(C(C)(C)c2ccc(Oc3ccc(C(=O)c4ccc[*]c(S(=O)(=O)O)c4)cc3S(=O)(=O)O)cc2)cc1,448.15,train
698ddbe96c00d07d5428c91a,[*]Oc1ccc(S(=O)(=O)c2ccc(Oc3ccc(C(C)(C)c4ccc[*]cc4)cc3)c(S(=O)(=O)O)c2)cc1S(=O)(=O)O,461.15,test
698ddbe96c00d07d5428c91b,[*]CCC(C)Oc1ccc(-c2ccc(C(=O)OCC(C)COC(=O)c3ccc(-c4ccc(O[*])cc4)cc3)cc2)cc1,357.15,train
698ddbe96c00d07d5428c91c,[*]Oc1c(C)cc(C(=O)c2ccc[*]cc2)cc1C,473.15,train
698ddbe96c00d07d5428c91d,[*]Oc1c(F)c(F)c(S(=O)(=O)c2c(F)c(F)c(Oc3ccc(C(c4ccc[*]cc4)(C(F)(F)F)C(F)(F)F)cc3)c(F)c2F)c(F)c1F,455.15,train
698ddbe96c00d07d5428c91e,[*]Oc1cc(C(C)(C)C)c(Oc2ccc(C(=O)Nc3ccc(C(C)(C)c4ccc(NC(=O)c5ccc[*]cc5)cc4)cc3)cc2)cc1C(C)(C)C,527.15,val
698ddbe96c00d07d5428c91f,[*]Oc1cc(C(C)(C)C)c(Oc2ccc(C(=O)Nc3ccc(C(C)(C)c4ccc(NC(=O)c5ccc[*]cc5)c(C)c4)cc3C)cc2)cc1C(C)(C)C,548.15,test
698ddbe96c00d07d5428c920,[*]Oc1cc(C(C)(C)C)c(Oc2ccc(C(=O)Nc3c(C)cc(C(C)(C)c4cc(C)c(NC(=O)c5ccc[*]cc5)c(C)c4)cc3C)cc2)cc1C(C)(C)C,568.15,val
698ddbe96c00d07d5428c921,[*]Oc1cc(C(C)(C)C)c(Oc2ccc(C(=O)Nc3c(C)cc(Cc4cc(C)c(NC(=O)c5ccc[*]cc5)c(C(C)C)c4)cc3C(C)C)cc2)cc1C(C)(C)C,533.15,train
698ddbe96c00d07d5428c922,[*]Oc1cc(C(C)(C)C)c(Oc2ccc(C(=O)Nc3ccc(C(c4ccc(NC(=O)c5ccc[*]cc5)cc4)(C(F)(F)F)C(F)(F)F)cc3)cc2)cc1C(C)(C)C,541.15,train
698ddbe96c00d07d5428c923,[*]c1ccc(OCCCCCCCCCCCOc2ccc(-c3ccc4nc(-c5cccc(-c6cc(-c7ccccc7)c7cc[*]ccc7n6)c5)cc(-c5ccccc5)c4c3)cc2)cc1,406.65,train
698ddbe96c00d07d5428c924,[*]CCCCCCCCCCOc1ccc(/C=C/c2ccc(OCCCCCCCCCCOP(=O)(O[*])OCCCCCCCCCCOc3ccc(/N=N/c4ccccc4)cc3)cc2)cc1,328.15,train
698ddbe96c00d07d5428c925,[*]CCCCCCCCCCOc1ccc(/C=C/c2ccc(OCCCCCCCCCCOP(=O)(O[*])OCCCCCCCCCCOc3ccc(/N=N/c4ccc(Cl)cc4)cc3)cc2)cc1,333.15,val
698ddbe96c00d07d5428c926,[*]CCCCCCCCCCOc1ccc(/C=C/c2ccc(OCCCCCCCCCCOP(=O)(O[*])OCCCCCCCCCCOc3ccc(/N=N/c4ccc(C#N)cc4)cc3)cc2)cc1,333.15,val
698ddbe96c00d07d5428c927,[*]CCCCCCCCCCOc1ccc(/C=C/c2ccc(OCCCCCCCCCCOP(=O)(O[*])OCCCCCCCCCCOc3ccc(/N=N/c4ccc([N+](=O)[O-])cc4)cc3)cc2)cc1,323.15,val
698ddbe96c00d07d5428c928,[*]CCCCCCCCCCOc1ccc(/C=C/c2ccc(OCCCCCCCCCCOP(=O)(O[*])OCCCCCCCCCCOc3ccc(/N=N/c4ccc(OC)cc4)cc3)cc2)cc1,331.15,train
698ddbe96c00d07d5428c929,[*]CCCCCCCCCCOc1ccc(/C=C/c2ccc(OCCCCCCCCCCOP(=O)(O[*])OCCCCCCCCCCOc3ccc(/N=N/c4ccc(-c5ccccc5)cc4)cc3)cc2)cc1,323.15,train
698ddbe96c00d07d5428c934,[*]OCCCCOC1COC2C(OC(=O)CCCCC(=O)OC3COC4C[*]COC34)COC12,387.15,train
698ddbe96c00d07d5428c935,[*]Oc1ccc(Oc2ccc(OC(=O)c3ccc(C(c4ccc(C[*]=O)cc4)(C(F)(F)F)C(F)(F)F)cc3)cc2)cc1,488.15,train
698ddbe96c00d07d5428c936,[*]Oc1ccc(Oc2ccc(OC(=O)c3ccccc3-c3ccccc3C[*]=O)cc2)cc1,420.15,val
698ddbe96c00d07d5428c937,[*]c1ccc(OCCN(CCOc2ccc(-c3nc4ccc(Oc5ccc6nc[*]c(-c7ccccc7)nc6c5)cc4nc3-c3ccccc3)cc2)c2ccc(/C=C/c3ccc([N+](=O)[O-])cc3)cc2)cc1,474.15,test
698ddbe96c00d07d5428c938,[*]c1ccc(OCCOc2ccc(/C=C/c3ccc([N+](=O)[O-])cc3)c(OCCOc3ccc(-c4nc5ccc(Oc6ccc7nc[*]c(-c8ccccc8)nc7c6)cc5nc4-c4ccccc4)cc3)c2)cc1,460.15,val
698ddbe96c00d07d5428c939,[*]c1ccc(OCCN(CCOc2ccc(-c3nc4ccc(Oc5ccc6nc[*]c(-c7ccccc7)nc6c5)cc4nc3-c3ccccc3)cc2)c2ccc(/N=N/c3ccc([N+](=O)[O-])cc3)cc2)cc1,472.15,train
698ddbe96c00d07d5428c93a,[*]c1ccc(OCCN(CCOc2ccc(-c3nc4ccc(Oc5ccc6nc[*]c(-c7ccccc7)nc6c5)cc4nc3-c3ccccc3)cc2)c2ccc(/N=N/c3ccc([N+](=O)[O-])cc3C)cc2)cc1,461.15,train
698ddbe96c00d07d5428c93b,[*]c1ccc(OCCN(C)c2ccc(/C=C/C3=C/C(=C4/C(=O)c5ccccc5C4=C(C#N)C#N)C=C(/C=C/c4ccc(N(C)CCOc5ccc(-c6nc7ccc(Oc8ccc9nc[*]c(-c%10ccccc%10)nc9c8)cc7nc6-c6ccccc6)cc5)cc4)O3)cc2)cc1,533.15,train
698ddbe96c00d07d5428c93c,[*]c1ccc(C(=O)c2ccc(Oc3ccc(-c4nn[*]c(=O)c5ccccc45)cc3Br)cc2)cc1,527.15,train
698ddbe96c00d07d5428c93d,[*]Oc1ccc(/N=C/c2ccc(Oc3ccc(C(C)(C)c4ccc(Oc5ccc(/C=N/c6ccc(Oc7ccc(-c8ccc[*]cc8)cc7)cc6)cc5)cc4)cc3)cc2)cc1,393.15,test
698ddbe96c00d07d5428c93e,[*]Oc1ccc(/N=C/c2ccc(Oc3ccc(C(c4ccc(Oc5ccc(/C=N/c6ccc(Oc7ccc(-c8ccc[*]cc8)cc7)cc6)cc5)cc4)(C(F)(F)F)C(F)(F)F)cc3)cc2)cc1,401.15,train
698ddbe96c00d07d5428c93f,[*]Oc1ccc(S(=O)(=O)c2ccc(Oc3ccc(/C=N/c4ccc(Oc5ccc(-c6ccc(Oc7ccc(/N=C/c8ccc[*]cc8)cc7)cc6)cc5)cc4)cc3)cc2)cc1,400.15,train
698ddbe96c00d07d5428c940,[*]Oc1ccc(S(=O)(=O)c2ccc(Oc3ccc(/C=N/c4ccc(Oc5ccc(/N=C/c6ccc[*]cc6)cc5)cc4)cc3)cc2)cc1,435.15,train
698ddbe96c00d07d5428c941,[*]Oc1ccc(S(=O)(=O)c2ccc(Oc3ccc(/N=C/c4ccc[*]cc4)cc3)cc2)cc1,383.15,train
698ddbe96c00d07d5428c942,[*]Oc1ccc(CNC(=O)c2ccc(C(=O)NCc3ccc(OC4COC5C[*]COC45)cc3)cc2)cc1,395.15,train
698ddbe96c00d07d5428c943,[*]Oc1ccc(CNC(=O)c2cccc(C(=O)NCc3ccc(OC4COC5C[*]COC45)cc3)c2)cc1,356.15,train
698ddbe96c00d07d5428c944,[*]Oc1ccc(CNC(=O)CCCCC(=O)NCc2ccc(OC3COC4C[*]COC34)cc2)cc1,389.15,test
698ddbe96c00d07d5428c945,[*]Oc1ccc(NC(=O)c2ccc(OC3COC4C(Oc5ccc(C(=O)Nc6ccc(OC7COC8C[*]COC78)cc6)cc5)COC34)cc2)cc1,438.15,train
698ddbe96c00d07d5428c946,[*]CC(COCOCC(C)([N+](=O)[O-])[N+](=O)[O-])O[*],258.15,test
698ddbe96c00d07d5428c947,[*]Oc1ccc(S(=O)(=O)c2ccc(Oc3ccc(C(C)(c4ccc[*]cc4)c4ccc(O)cc4)cc3)cc2)cc1,501.15,test
698ddbe96c00d07d5428c948,[*]Oc1ccc(Oc2ccc(C(=O)c3ccc[*]cc3)cc2)cc1-c1cc(C(F)(F)F)cc(C(F)(F)F)c1,419.15,train
698ddbe96c00d07d5428c949,[*]Oc1ccc(Oc2ccc(C(=O)c3ccc[*]cc3)cc2)cc1-c1cccc(C(F)(F)F)c1,407.15,train
698ddbe96c00d07d5428c94a,[*]Oc1ccc(Oc2ccc(C(=O)c3ccc[*]cc3)cc2)cc1-c1cc(C)cc(C)c1,435.15,train
698ddbe96c00d07d5428c94b,[*]Oc1ccc(Oc2ccc(C(=O)c3ccc[*]cc3)cc2)cc1-c1ccc(Oc2ccccc2)cc1,419.15,test
698ddbe96c00d07d5428c94c,[*]Oc1ccc(Oc2ccc(C(=O)c3ccc(C(=O)c4ccc[*]cc4)cc3)cc2)cc1-c1cccc(C)c1,432.15,train
698ddbe96c00d07d5428c94d,[*]Oc1ccc(Oc2ccc(C(=O)c3ccc(-c4ccc(C(=O)c5ccc[*]cc5)cc4)cc3)cc2)cc1-c1cccc(C)c1,443.15,test
698ddbe96c00d07d5428c94e,[*]Oc1ccc(Oc2ccc(C(=O)c3ccc(C(=O)c4ccc[*]cc4)cc3)cc2)cc1-c1ccccc1,439.15,val
698ddbe96c00d07d5428c94f,[*]Oc1ccc(Oc2ccc(C(=O)c3ccc(-c4ccc(C(=O)c5ccc[*]cc5)cc4)cc3)cc2)cc1-c1ccccc1,459.15,train
698ddbe96c00d07d5428c950,[*]Oc1ccc(Oc2ccc(C(=O)c3ccc(C(=O)c4ccc[*]cc4)cc3)cc2)cc1-c1ccc(S(=O)(=O)O)c(C)c1,440.15,train
698ddbe96c00d07d5428c951,[*]Oc1ccc(Oc2ccc(C(=O)c3ccc(-c4ccc(C(=O)c5ccc[*]cc5)cc4)cc3)cc2)cc1-c1ccc(S(=O)(=O)O)c(C)c1,455.15,train
698ddbe96c00d07d5428c952,[*]Oc1ccc(Oc2ccc(C(=O)c3ccc(C(=O)c4ccc[*]cc4)cc3)cc2)cc1-c1ccc(S(=O)(=O)O)cc1,447.15,train
698ddbe96c00d07d5428c953,[*]C(F)(F)C1[*]OC(F)(F)C(F)(C(F)(F)F)O1,408.15,train
698ddbe96c00d07d5428c954,[*]C(F)(F)C1[*]OC(F)(F)C(F)(C(F)(F)F)O1,408.15,val
698ddbe96c00d07d5428c955,[*]C(F)(F)C1[*]OC(F)(C(F)(F)F)C(F)(C(F)(F)F)O1,438.15,train
698ddbe96c00d07d5428c956,[*]CC(=O)Nc1ccc(NC(=O)COc2ccc3ccccc3c2Sc2c(O[*])ccc3ccccc23)cc1,541.15,train
698ddbe96c00d07d5428c957,[*]CC(=O)Nc1cccc(NC(=O)COc2ccc3ccccc3c2Sc2c(O[*])ccc3ccccc23)c1,527.15,train
698ddbe96c00d07d5428c958,[*]CC(=O)Nc1ccc(Cc2ccc(NC(=O)COc3ccc4ccccc4c3Sc3c(O[*])ccc4ccccc34)cc2)cc1,514.15,val
698ddbe96c00d07d5428c959,[*]CC(=O)Nc1ccc(Oc2ccc(NC(=O)COc3ccc4ccccc4c3Sc3c(O[*])ccc4ccccc34)cc2)cc1,518.15,train
698ddbe96c00d07d5428c95a,[*]CC(=O)Nc1cccc2c(NC(=O)COc3ccc4ccccc4c3Sc3c(O[*])ccc4ccccc34)cccc12,537.15,test
698ddbe96c00d07d5428c95b,[*]Oc1cc(Oc2ccc(C(C)(C)c3ccc[*]cc3)cc2)cc(C(=O)Oc2ccc(/N=N/c3ccc(C#N)cc3)cc2)c1,436.15,train
698ddbe96c00d07d5428c95c,[*]Oc1ccc(NC(=O)c2ccc(C(=O)Nc3ccc(OC4COC5C[*]COC45)cc3)cc2)cc1,330.15,train
698ddbe96c00d07d5428c95d,[*]Oc1ccc(NC(=O)c2cccc(C(=O)Nc3ccc(OC4COC5C[*]COC45)cc3)c2)cc1,491.15,train
698ddbe96c00d07d5428c95e,[*]Oc1ccc(NC(=O)CCCCC(=O)Nc2ccc(OC3COC4C[*]COC34)cc2)cc1,423.15,train
698ddbe96c00d07d5428c95f,[*]Oc1ccc(NC(=O)CCCCCCC(=O)Nc2ccc(OC3COC4C[*]COC34)cc2)cc1,345.65,test
698ddbe96c00d07d5428c960,[*]Oc1ccc(Oc2ccc(C(=O)c3ccc(C(=O)c4ccc[*]cc4)c4ccccc34)cc2)cc1,473.17499999999995,train
698ddbe96c00d07d5428c961,[*]Oc1ccc(OC(=O)c2ccc(OCCCCCCCCCCCCOc3ccc(C[*]=O)cc3)cc2)cc1/C=C/c1ccncc1,367.45,train
698ddbe96c00d07d5428c962,[*]CCCCCCOC(=O)C(CCCCCOc1ccc(/N=N/c2ccncc2)cc1)C(=O)OCCCCCCOc1ccc(-c2ccc(O[*])cc2)cc1,326.75,train
698ddbe96c00d07d5428c963,[*]OC(=O)OCCCCOC(=O)OC1COC2C[*]COC12,322.15,train
698ddbe96c00d07d5428c964,[*]OC(=O)OCCCCCCCCOC(=O)OC1COC2C[*]COC12,292.65,test
698ddbe96c00d07d5428c965,[*]OC(=O)OCCCCCCCCCCOC(=O)OC1COC2C[*]COC12,279.65,train
698ddbe96c00d07d5428c966,[*]OC(=O)OCCOCCOC(=O)OC1COC2C[*]COC12,319.65,train
698ddbe96c00d07d5428c967,[*]OC(=O)OCCOCCOCCOC(=O)OC1COC2C[*]COC12,290.15,test
698ddbe96c00d07d5428c968,[*]OC(=O)OCCOCCOCCOCCOC(=O)OC1COC2C[*]COC12,282.65,train
698ddbe96c00d07d5428c969,[*]CCNC(=O)c1ccc(O[*])cc1,423.15,train
698ddbe96c00d07d5428c96a,[*]CCNC(=O)c1cccc(O[*])c1,379.15,train
698ddbe96c00d07d5428c96b,[*]CCNC(=O)c1ccccc1O[*],357.15,val
698ddbe96c00d07d5428c96c,[*]/C=C/c1ccc(N(C)CCOC(=O)Nc2ccc(C)c(NC(=O)OCCN(C)c3ccc(/C=C/C4=CC(=C(C#N)C#N)C=C[*]O4)s3)c2)s1,456.15,train
698ddbe96c00d07d5428c96d,[*]OC(=O)Nc1ccc(C)c(NC(=O)OC2CCN(c3ccc(/C=C/C4=CC(=C(C#N)C#N)C=C(/C=C/c5ccc(N6CCC[*]CC6)s5)O4)s3)CC2)c1,485.15,test
698ddbe96c00d07d5428c96e,[*]/C=C/c1ccc(/N=N/c2ccc(N(C)CCOC(=O)Nc3ccc(C)c(NC(=O)OCCN(C)c4ccc(/N=N/c5ccc(/C=C/C6=CC(=C(C#N)C#N)C=C[*]O6)cc5)cc4)c3)cc2)cc1,469.15,train
698ddbe96c00d07d5428c96f,[*]CCOc1ccc(/C=C2\CC/C(=C\c3ccc(OCCOP(=O)(O[*])OC)c(OC)c3)C2=O)cc1OC,372.15,val
698ddbe96c00d07d5428c970,[*]CCCCOc1ccc(/C=C2\CC/C(=C\c3ccc(OCCCCOP(=O)(O[*])OC)c(OC)c3)C2=O)cc1OC,348.15,train
698ddbe96c00d07d5428c971,[*]CCCCCCOc1ccc(/C=C2\CC/C(=C\c3ccc(OCCCCCCOP(=O)(O[*])OC)c(OC)c3)C2=O)cc1OC,347.15,train
698ddbe96c00d07d5428c972,[*]CCCCCCCCOc1ccc(/C=C2\CC/C(=C\c3ccc(OCCCCCCCCOP(=O)(O[*])OC)c(OC)c3)C2=O)cc1OC,346.15,train
698ddbe96c00d07d5428c973,[*]CCCCCCCCCCOc1ccc(/C=C2\CC/C(=C\c3ccc(OCCCCCCCCCCOP(=O)(O[*])OC)c(OC)c3)C2=O)cc1OC,321.15,train
698ddbe96c00d07d5428c974,[*]CCOc1ccc(/C=C2\CC/C(=C\c3ccc(OCCOP(=O)(O[*])OCC)c(OC)c3)C2=O)cc1OC,353.15,test
698ddbe96c00d07d5428c975,[*]CCCCOc1ccc(/C=C2\CC/C(=C\c3ccc(OCCCCOP(=O)(O[*])OCC)c(OC)c3)C2=O)cc1OC,352.15,test
698ddbe96c00d07d5428c976,[*]CCCCCCOc1ccc(/C=C2\CC/C(=C\c3ccc(OCCCCCCOP(=O)(O[*])OCC)c(OC)c3)C2=O)cc1OC,348.15,test
698ddbe96c00d07d5428c977,[*]CCCCCCCCOc1ccc(/C=C2\CC/C(=C\c3ccc(OCCCCCCCCOP(=O)(O[*])OCC)c(OC)c3)C2=O)cc1OC,335.15,train
698ddbe96c00d07d5428c978,[*]CCCCCCCCCCOc1ccc(/C=C2\CC/C(=C\c3ccc(OCCCCCCCCCCOP(=O)(O[*])OCC)c(OC)c3)C2=O)cc1OC,320.15,test
698ddbe96c00d07d5428c979,[*]Oc1ccc(C(=O)CNc2ccc(S(=O)(=O)c3ccc(NCC(=O)c4ccc[*]cc4)cc3)cc2)cc1,520.15,train
698ddbe96c00d07d5428c97a,[*]Oc1ccc(NCC(=O)c2ccc(Sc3ccc(C(=O)CNc4ccc[*]cc4)cc3)cc2)cc1,481.15,train
698ddbe96c00d07d5428c97b,[*]Oc1ccc(OC(C)COCCCCCCCOc2ccc(-c3ccc(C[*]=O)cc3)cc2)c([N+](=O)[O-])c1,323.15,train
698ddbe96c00d07d5428c97c,[*]Oc1ccc(/N=C/c2ccc(N(c3ccccc3)c3ccc(/C=N/c4ccc[*]cc4)cc3)cc2)cc1,435.15,test
698ddbe96c00d07d5428c97d,[*]Oc1cccc(Oc2ccc(/N=C/c3ccc(N(c4ccccc4)c4ccc(/C=N/c5ccc[*]cc5)cc4)cc3)cc2)c1,447.15,train
698ddbe96c00d07d5428c97e,[*]Oc1ccc(S(=O)(=O)c2ccc(Oc3ccc(C(C)(C)c4ccc[*]c(C(O)(C(F)(F)F)C(F)(F)F)c4)cc3C(O)(C(F)(F)F)C(F)(F)F)cc2)cc1,440.15,test
698ddbe96c00d07d5428c97f,[*]Oc1ccc(S(=O)(=O)c2ccc(Oc3ccc(C(C)(C)c4ccc[*]c(C(OC)(C(F)(F)F)C(F)(F)F)c4)cc3C(OC)(C(F)(F)F)C(F)(F)F)cc2)cc1,436.15,test
698ddbe96c00d07d5428c980,[*]Oc1ccc(S(=O)(=O)c2ccc(Oc3c(C)cc(C(C)(C)c4cc(C)c[*]c(C)c4)cc3C)cc2C(O)(C(F)(F)F)C(F)(F)F)c(C(O)(C(F)(F)F)C(F)(F)F)c1,460.15,train
698ddbe96c00d07d5428c981,[*]Oc1ccc(S(=O)(=O)c2ccc(Oc3ccc(C(c4ccc[*]cc4)(C(F)(F)F)C(F)(F)F)cc3)cc2C(O)(C(F)(F)F)C(F)(F)F)c(C(O)(C(F)(F)F)C(F)(F)F)c1,421.15,val
698ddbe96c00d07d5428c982,[*]Oc1ccc(S(=O)(=O)c2ccc(Oc3c(C)cc(C(c4cc(C)c[*]c(C)c4)(C(F)(F)F)C(F)(F)F)cc3C)cc2C(O)(C(F)(F)F)C(F)(F)F)c(C(O)(C(F)(F)F)C(F)(F)F)c1,469.15,test
698ddbe96c00d07d5428c983,[*]Oc1ccc(S(=O)(=O)c2ccc(Oc3c(C)cc(C(c4cc(C)c[*]c(C)c4)(C(F)(F)F)C(F)(F)F)cc3C)cc2C(OC)(C(F)(F)F)C(F)(F)F)c(C(OC)(C(F)(F)F)C(F)(F)F)c1,436.15,train
698ddbe96c00d07d5428c984,[*]c1ccc(NC(=O)c2cc(NC(=O)c3ccc(OC(C)=O)cc3)cc(C(=O)Nc3ccc(-c4nnc[*]o4)cc3)c2)cc1,553.15,train
698ddbe96c00d07d5428c985,[*]c1ccc(Oc2ccc(NC(=O)c3cc(NC(=O)c4ccc(OC(C)=O)cc4)cc(C(=O)Nc4ccc(Oc5ccc(-c6nnc[*]o6)cc5)cc4)c3)cc2)cc1,543.15,val
698ddbe96c00d07d5428c986,[*]c1ccc(Oc2cccc(NC(=O)c3cc(NC(=O)c4ccc(OC(C)=O)cc4)cc(C(=O)Nc4cccc(Oc5ccc(-c6nnc[*]o6)cc5)c4)c3)c2)cc1,543.15,train
698ddbe96c00d07d5428c987,[*]CC(COC(C)C)O[*],206.14999999999998,train
698ddbe96c00d07d5428c988,[*]CC(COC(C)(C)C)O[*],249.14999999999998,train
698ddbe96c00d07d5428c989,[*]C(F)(F)C1[*]OC(F)(F)C(F)(F)O1,381.15,test
698ddbe96c00d07d5428c98a,[*]c1ccc(C(=O)OCCCCCCOc2ccc(/C=C3\CCC/C(=C\c4ccc(OCCCCCCOC(=O)c5ccc(-c6nnc[*]o6)cc5)cc4)C3=O)cc2)cc1,344.15,train
698ddbe96c00d07d5428c98b,[*]c1ccc(C(=O)OCCCCCCCCOc2ccc(/C=C3\CCC/C(=C\c4ccc(OCCCCCCCCOC(=O)c5ccc(-c6nnc[*]o6)cc5)cc4)C3=O)cc2)cc1,332.15,train
698ddbe96c00d07d5428c98c,[*]c1ccc(C(=O)OCCCCCCCCOc2ccc(/C=C3\CC/C(=C\c4ccc(OCCCCCCCCOC(=O)c5ccc(-c6nnc[*]o6)cc5)cc4)C3=O)cc2)cc1,372.15,train
698ddbe96c00d07d5428c98d,[*]c1ccc(C(=O)OCCCCCCCCCCOc2ccc(/C=C3\CC/C(=C\c4ccc(OCCCCCCCCCCOC(=O)c5ccc(-c6nnc[*]o6)cc5)cc4)C3=O)cc2)cc1,331.15,train
698ddbe96c00d07d5428c990,[*]Oc1ccc(C(=O)OCCN(CCOC(=O)c2ccc(OC3(F)C[*](F)C(F)(F)C3(F)F)cc2)c2ccc(/C=C/C3=CC(=C(C#N)C#N)CC(C)(C)C3)cc2)cc1,416.15,train
698ddbe96c00d07d5428c991,[*]CC(=O)c1ccc(Oc2ccc(C(=O)COc3ccc(/C=C4\CCC/C(=C\c5ccc(O[*])c(OC)c5)C4=O)cc3OC)cc2)cc1,484.9,train
698ddbe96c00d07d5428c992,[*]CCCCCCOc1ccc(C(C)(C)c2ccc(O[*])cc2)cc1,309.15,train
698ddbe96c00d07d5428c993,[*]CC(C)(CO[*])COCCCCCCCCCCOc1ccc(-c2ccc(C#N)cc2)cc1,280.15,train
698ddbe96c00d07d5428c994,[*]Oc1ccc(Sc2ccc(Oc3ccc(-c4ccc(-c5ccc[*]c(C(F)(F)F)c5)cc4)cc3C(F)(F)F)cc2)cc1,437.65,train
698ddbe96c00d07d5428c995,[*]Oc1ccc(Sc2ccc(Oc3ccc(-c4ccc(-c5ccc(-c6ccc[*]c(C(F)(F)F)c6)cc5)cc4)cc3C(F)(F)F)cc2)cc1,449.65,train
698ddbe96c00d07d5428c996,[*]c1ccc(Oc2ccc(Sc3ccc(Oc4ccc(-c5cccc[*]n5)cc4C(F)(F)F)cc3)cc2)c(C(F)(F)F)c1,417.65,train
698ddbe96c00d07d5428c997,[*]c1ccc(Oc2ccc(Sc3ccc(Oc4ccc(-c5ccc[*]s5)cc4C(F)(F)F)cc3)cc2)c(C(F)(F)F)c1,415.15,train
698ddbe96c00d07d5428c998,[*]Oc1ccc(Oc2ccc(NC(=O)c3cc(C(=O)Nc4ccc[*]cc4)cc(C(C)(C)C)c3)cc2)cc1,468.65,train
698ddbe96c00d07d5428c999,[*]Oc1ccc(S(=O)(=O)c2ccc(Oc3ccc(NC(=O)c4cc(C(=O)Nc5ccc[*]cc5)cc(C(C)(C)C)c4)cc3)cc2)cc1,505.65,train
698ddbe96c00d07d5428c99a,[*]Oc1ccc(Oc2ccc(Oc3ccc(NC(=O)c4cc(C(=O)Nc5ccc[*]cc5)cc(C(C)(C)C)c4)cc3)cc2)cc1,503.15,train
698ddbe96c00d07d5428c99b,[*]CCCCCCOc1ccc(NC(=O)c2cc(C(=O)Nc3ccc(O[*])cc3)cc(C(C)(C)C)c2)cc1,439.15,test
698ddbe96c00d07d5428c99c,[*]CCCCCCCCOc1c(OC)cc(/C=C/c2ccc(/C=C/c3ccc(/C=C/c4cc(OC)c(O[*])c(OC)c4)cc3)cc2)cc1OC,351.84999999999997,train
698ddbe96c00d07d5428c99d,[*]CCCCCCCCOc1c(OC)cc(/C=C/c2ccc(/C=C/c3ccc(/C=C/c4cc(OC)c(O[*])c(OC)c4)cc3)cc2)cc1OC,351.84999999999997,train
698ddbe96c00d07d5428c99e,[*]CC(O)CN(CC(O)COc1ccc(C(C)(C)c2ccc(O[*])cc2)cc1)c1ccc(/N=N/c2ccc([N+](=O)[O-])cc2)cc1,332.15,train
698ddbe96c00d07d5428c99f,[*]c1ccc(C(=O)Nc2ccc(Oc3ccc(NC(=O)c4ccc(Oc5ccc(-c6nn[*]c(=O)c7ccccc67)cc5)cc4)cc3)cc2)cc1,553.15,train
698ddbe96c00d07d5428c9a0,[*]CC1CCC(COC(C)OC(=O)c2cccc(C(=O)OC(C)O[*])c2)CC1,303.15,train
698ddbe96c00d07d5428c9a1,[*]CC1CCC(COC(C)OC(=O)c2ccc(C(=O)OC(C)O[*])c3ccccc23)CC1,333.15,test
698ddbe96c00d07d5428c9a2,[*]CC1CCC(COC(C)OC(=O)c2ccc(C(=O)OC(C)O[*])cc2)CC1,334.15,val
698ddbe96c00d07d5428c9a3,[*]O[Si](Oc1ccc(C2(c3ccc[*]c(C)c3)c3ccccc3-c3ccccc32)cc1C)(c1ccccc1)c1ccccc1,444.15,train
698ddbe96c00d07d5428c9a4,[*]O[Si](Oc1ccc(C2(c3ccc[*]cc3)c3ccccc3-c3ccccc32)cc1)(c1ccccc1)c1ccccc1,439.15,train
698ddbe96c00d07d5428c9a5,[*]CCOc1ccc(C2(c3ccc(OCCO[Si](O[*])(c4ccccc4)c4ccccc4)cc3)c3ccccc3-c3ccccc32)cc1,370.15,train
698ddbe96c00d07d5428c9a6,[*]/C=C/c1sc(-c2ccc3c(c2)C(CCCCCC)(CCCCCC)c2cc(-c4sc(/C=C/C5=CC(=C(C#N)C#N)C=C[*]O5)c(CCCCCC)c4CCCCCC)ccc2-3)c(CCCCCC)c1CCCCCC,388.15,train
698ddbe96c00d07d5428c9a8,[*]/C=C/c1sc(-c2ccc(-c3ccc(-c4sc(/C=C/C5=CC(=C(C#N)C#N)C=C[*]O5)c(CCCCCC)c4CCCCCC)s3)s2)c(CCCCCC)c1CCCCCC,385.15,train
698ddbe96c00d07d5428c9a9,[*]CCCCCCOc1ccc(/C=C2\CCC/C(=C\c3ccc(O[*])cc3)C2=O)cc1,389.15,test
698ddbe96c00d07d5428c9aa,[*]CCCCCCCCOc1ccc(/C=C2\CCC/C(=C\c3ccc(O[*])cc3)C2=O)cc1,363.15,train
698ddbe96c00d07d5428c9ab,[*]CCCCCCCCCCOc1ccc(/C=C2\CCC/C(=C\c3ccc(O[*])cc3)C2=O)cc1,358.15,test
698ddbe96c00d07d5428c9ac,[*]CCCCCCOc1ccc(/C=C2\CCC/C(=C\c3ccc(O[*])c(OC)c3)C2=O)cc1OC,353.15,train
698ddbe96c00d07d5428c9ad,[*]CCCCCCCCOc1ccc(/C=C2\CCC/C(=C\c3ccc(O[*])c(OC)c3)C2=O)cc1OC,345.15,train
698ddbe96c00d07d5428c9ae,[*]CCCCCCCCCCOc1ccc(/C=C2\CCC/C(=C\c3ccc(O[*])c(OC)c3)C2=O)cc1OC,333.15,train
698ddbe96c00d07d5428c9af,[*]CCCCCCOc1c(OC)cc(/C=C2\CCC/C(=C\c3cc(OC)c(O[*])c(OC)c3)C2=O)cc1OC,344.15,train
698ddbe96c00d07d5428c9b0,[*]CCCCCCCCOc1c(OC)cc(/C=C2\CCC/C(=C\c3cc(OC)c(O[*])c(OC)c3)C2=O)cc1OC,335.15,train
698ddbe96c00d07d5428c9b1,[*]CCCCCCCCCCOc1c(OC)cc(/C=C2\CCC/C(=C\c3cc(OC)c(O[*])c(OC)c3)C2=O)cc1OC,322.15,train
698ddbe96c00d07d5428c9b2,[*]Cc1cc2cc(C(=O)Nc3ccc(Oc4ccc(NC(=O)c5cc6cc[*]c(OC(=O)COc7ccc8ccc(=O)oc8c7)cc6oc5=O)cc4)cc3)c(=O)oc2cc1OC(=O)COc1ccc2ccc(=O)oc2c1,499.15,train
698ddbe96c00d07d5428c9b3,[*]Oc1ccc2cc(Oc3ccc(S(=O)(=O)c4ccc[*]cc4)cc3)ccc2c1,504.15,test
698ddbe96c00d07d5428c9b4,[*]c1ccc2oc(C3CCC(c4nc5cc(C[*](C(F)(F)F)C(F)(F)F)ccc5o4)CC3)nc2c1,544.15,train
698ddbe96c00d07d5428c9b5,[*]c1nc2cc(S(=O)(=O)c3ccc4oc(C5CCC[*]CC5)nc4c3)ccc2o1,569.15,train
698ddbe96c00d07d5428c9b6,[*]CCOCCOC(=O)/C=C/C(=O)NCCCCCCNC(=O)/C=C/C(=O)O[*],349.15,val
698ddbe96c00d07d5428c9b7,[*]CCOCCOCCOC(=O)/C=C/C(=O)NCCCCCCNC(=O)/C=C/C(=O)O[*],338.15,train
698ddbe96c00d07d5428c9b8,[*]CCOCCOCCOCCOC(=O)/C=C/C(=O)NCCCCCCNC(=O)/C=C/C(=O)O[*],325.15,test
698ddbe96c00d07d5428c9b9,[*]c1ccc(C(=O)Nc2ccc(NC(=O)c3ccc(Oc4ccc(-c5nn[*]c(=O)c6ccccc56)c5ccccc45)cc3)cc2)cc1,620.65,train
698ddbe96c00d07d5428c9ba,[*]c1ccc(C(=O)Nc2ccc(Oc3ccc(NC(=O)c4ccc(Oc5ccc(-c6nn[*]c(=O)c7ccccc67)c6ccccc56)cc4)cc3)cc2)cc1,590.65,train
698ddbe96c00d07d5428c9bb,[*]c1ccc(C(=O)Nc2ccc(Oc3ccc(Oc4ccc(NC(=O)c5ccc(Oc6ccc(-c7nn[*]c(=O)c8ccccc78)c7ccccc67)cc5)cc4)cc3)cc2)cc1,562.65,train
698ddbe96c00d07d5428c9bc,[*]c1ccc(C(=O)Nc2ccc(Oc3ccc(Oc4ccc(NC(=O)c5ccc(Oc6ccc(-c7nn[*]c(=O)c8ccccc78)c7ccccc67)cc5)cc4C(F)(F)F)cc3)c(C(F)(F)F)c2)cc1,554.65,train
698ddbe96c00d07d5428c9bd,[*]Nc1ccc(Oc2ccc(Nc3ccc4c(c3)c3cc[*]ccc3n4CC(CC)CCCC)cc2)cc1,493.15,train
698ddbe96c00d07d5428c9be,[*]Oc1ccc(Nc2ccc(/N=N/c3ccc(Nc4ccc[*]cc4)cc3)cc2)cc1,442.15,train
698ddbe96c00d07d5428c9bf,[*]Oc1ccc(Nc2ccc(C(=O)c3ccc(C(=O)c4ccc(Nc5ccc[*]cc5)cc4)cc3)cc2)cc1,488.15,test
698ddbe96c00d07d5428c9c0,[*]Oc1ccc(NC(=O)c2cc(C(=O)Nc3ccc[*]cc3)cc(C(C)(C)C)c2)cc1,541.15,train
698ddbe96c00d07d5428c9c1,[*]Oc1ccc(C2(c3ccc(Oc4ccc(-c5ccc(NC(=O)c6cc(C(=O)Nc7ccc(-c8ccc[*]c(C(F)(F)F)c8)cc7)cc(C(C)(C)C)c6)cc5)cc4C(F)(F)F)cc3)c3ccccc3-c3ccccc32)cc1,551.15,train
698ddbe96c00d07d5428c9c2,[*]Oc1ccc(-c2ccc(NC(=O)c3cc(C(=O)Nc4ccc(-c5ccc(Oc6ccc(C(c7ccc[*]cc7)(C(F)(F)F)C(F)(F)F)cc6)c(C(F)(F)F)c5)cc4)cc(C(C)(C)C)c3)cc2)cc1C(F)(F)F,524.65,train
698ddbe96c00d07d5428c9c3,[*]Oc1ccc(-c2ccc(NC(=O)c3cc(C(=O)Nc4ccc(-c5ccc(Oc6ccc(C(C)(C)c7ccc[*]cc7)cc6)c(C(F)(F)F)c5)cc4)cc(C(C)(C)C)c3)cc2)cc1C(F)(F)F,521.65,test
698ddbe96c00d07d5428c9c4,[*]CCOC(=O)Nc1ccc(C)c(NC(=O)OCCOc2cc([N+](=O)[O-])ccc2/N=N/c2cn[*]c3ccc(-c4ccc5c(c4)c4ccccc4n5CCCC)cc23)c1,433.15,train
698ddbe96c00d07d5428c9c5,[*]CCOC(=O)Nc1ccc(C)c(NC(=O)OCCOc2cc([N+](=O)[O-])ccc2/N=N/c2cn[*]c3ccc(-c4ccccc4)cc23)c1,438.15,test
698ddbe96c00d07d5428c9c6,[*]CCOC(=O)Nc1ccc(C)c(NC(=O)OCCOc2cc([N+](=O)[O-])ccc2/N=N/c2cn[*]c3ccccc23)c1,423.15,train
698ddbe96c00d07d5428c9c7,[*]OC(=O)C1CCC(C(=O)OC2COC3C[*]COC23)CC1,394.15,train
698ddbe96c00d07d5428c9c8,[*]OC(=O)CCC(=O)OC1COC2C[*]COC12,350.15,train
698ddbe96c00d07d5428c9c9,[*]OC(=O)/C=C/C(=O)OC1COC2C[*]COC12,333.15,train
698ddbe96c00d07d5428c9ca,[*]/C=C/c1sc(-c2ccc(-c3sc(/C=C/C4=CC(=C(C#N)C#N)C=C[*]O4)c(CCCCCC)c3CCCCCC)s2)c(CCCCCC)c1CCCCCC,387.15,train
698ddbe96c00d07d5428c9cb,[*]/C=C/c1sc(-c2ccc(-c3ccc(-c4ccc(-c5sc(/C=C/C6=CC(=C(C#N)C#N)C=C[*]O6)c(CCCCCC)c5CCCCCC)s4)s3)s2)c(CCCCCC)c1CCCCCC,407.15,test
698ddbe96c00d07d5428c9cc,[*]c1ccc(C(=O)OCCCCCCOc2ccc(/C=C/C(=O)/C=C/c3ccc(OCCCCCCOC(=O)c4ccc(-c5nnc[*]o5)cc4)cc3)cc2)cc1,335.15,train
698ddbe96c00d07d5428c9cd,[*]c1ccc(C(=O)OCCCCCCCCOc2ccc(/C=C/C(=O)/C=C/c3ccc(OCCCCCCCCOC(=O)c4ccc(-c5nnc[*]o5)cc4)cc3)cc2)cc1,332.15,train
698ddbe96c00d07d5428c9ce,[*]c1ccc(C(=O)OCCCCCCCCCCOc2ccc(/C=C/C(=O)/C=C/c3ccc(OCCCCCCCCCCOC(=O)c4ccc(-c5nnc[*]o5)cc4)cc3)cc2)cc1,331.15,train
698ddbe96c00d07d5428c9cf,[*]c1ccc(C(=O)OCCCCCCOc2ccc(/C=C3\CCCC/C(=C\c4ccc(OCCCCCCOC(=O)c5ccc(-c6nnc[*]o6)cc5)cc4)C3=O)cc2)cc1,377.15,train
698ddbe96c00d07d5428c9d0,[*]c1ccc(C(=O)OCCCCCCCCOc2ccc(/C=C3\CCCC/C(=C\c4ccc(OCCCCCCCCOC(=O)c5ccc(-c6nnc[*]o6)cc5)cc4)C3=O)cc2)cc1,371.15,train
698ddbe96c00d07d5428c9d1,[*]c1ccc(C(=O)OCCCCCCCCCCOc2ccc(/C=C3\CCCC/C(=C\c4ccc(OCCCCCCCCCCOC(=O)c5ccc(-c6nnc[*]o6)cc5)cc4)C3=O)cc2)cc1,347.15,test
698ddbe96c00d07d5428c9d2,[*]Cc1ccc2oc(=O)c(C(=O)Nc3ccc(Oc4ccc(NC(=O)c5cc6cc[*]ccc6oc5=O)cc4)cc3)cc2c1,585.15,test
698ddbe96c00d07d5428c9d3,[*]Cc1ccc2oc(=O)c(C(=O)Nc3ccc(Oc4ccc(Oc5ccc(NC(=O)c6cc7cc[*]ccc7oc6=O)cc5)cc4)cc3)cc2c1,563.15,train
698ddbe96c00d07d5428c9d4,[*]Cc1ccc2oc(=O)c(C(=O)Nc3ccc(Oc4ccc(C(c5ccc(Oc6ccc(NC(=O)c7cc8cc[*]ccc8oc7=O)cc6)cc5)(C(F)(F)F)C(F)(F)F)cc4)cc3)cc2c1,556.15,train
698ddbe96c00d07d5428c9d5,[*]/C=N/c1ccc(C(=O)OCCCCOCCCCOCCCCOC(=O)c2ccc(/N=C/c3ccc[*]s3)cc2)cc1,298.15,test
698ddbe96c00d07d5428c9d6,[*]/C=N/c1ccc(C(=O)OCCCCOCCCCOCCCCOC(=O)c2ccc(/N=C/c3ccc4c(c3)c3cc[*]ccc3n4CC(CC)CCCC)cc2)cc1,278.34999999999997,train
698ddbe96c00d07d5428c9d7,[*]CCCCOCCCCOCCCCOC(=O)c1ccc(/N=C/c2cc(OCCCCCC)c(/C=C/c3cc(OCCCCCC)c(/C=C/c4cc(OCCCCCC)c(/C=N/c5ccc(C(=O)O[*])cc5)cc4OCCCCCC)cc3OCCCCCC)cc2OCCCCCC)cc1,287.45,train
698ddbe96c00d07d5428c9d8,[*]CCCCOCCCCOCCCCOC(=O)c1ccc(/N=C/c2ccc(/C=N/c3ccc(C(=O)O[*])cc3)cc2)cc1,259.95,train
698ddbe96c00d07d5428c9d9,[*]CCCCOCCCCOCCCCOC(=O)c1ccc(/N=C/c2cc(OCCC(C)CCCC(C)C)c(/C=N/c3ccc(C(=O)O[*])cc3)cc2OCCC(C)CCCC(C)C)cc1,268.34999999999997,val
698ddbe96c00d07d5428c9da,[*]Oc1ccc(-c2ccc(Oc3c(F)c(F)c(COC(c4cccc(C(OCc5c(F)c(F)c[*]c(F)c5F)(C(F)(F)F)C(F)(F)F)c4)(C(F)(F)F)C(F)(F)F)c(F)c3F)cc2)cc1,383.15,train
698ddbe96c00d07d5428c9db,[*]Oc1c(F)c(F)c(COC(c2cccc(C(OCc3c(F)c(F)c(Oc4ccc(Cc5ccc[*]cc5)cc4)c(F)c3F)(C(F)(F)F)C(F)(F)F)c2)(C(F)(F)F)C(F)(F)F)c(F)c1F,367.15,train
698ddbe96c00d07d5428c9dc,[*]Oc1ccc(C(C)(C)c2ccc(Oc3c(F)c(F)c(COC(c4cccc(C(OCc5c(F)c(F)c[*]c(F)c5F)(C(F)(F)F)C(F)(F)F)c4)(C(F)(F)F)C(F)(F)F)c(F)c3F)cc2)cc1,371.15,test
698ddbe96c00d07d5428c9dd,[*]Oc1ccc(C(c2ccc(Oc3c(F)c(F)c(COC(c4cccc(C(OCc5c(F)c(F)c[*]c(F)c5F)(C(F)(F)F)C(F)(F)F)c4)(C(F)(F)F)C(F)(F)F)c(F)c3F)cc2)(C(F)(F)F)C(F)(F)F)cc1,386.15,train
698ddbe96c00d07d5428c9de,[*]Oc1ccc(NC(=O)NC2CC(C)(C)CC(C)(CNC(=O)Nc3ccc[*]c(-c4ccc(Oc5ccccc5)cc4)c3)C2)cc1-c1ccc(Oc2ccccc2)cc1,554.15,train
698ddbe96c00d07d5428c9df,[*]Oc1ccc(NC(=O)Nc2cc(NC(=O)Nc3ccc[*]c(-c4ccc(Oc5ccccc5)cc4)c3)ccc2C)cc1-c1ccc(Oc2ccccc2)cc1,552.15,train
698ddbe96c00d07d5428c9e0,[*]Oc1ccc(NC(=O)NC2CC(C)(C)CC(C)(CNC(=O)Nc3ccc[*]cc3)C2)cc1,547.15,train
698ddbe96c00d07d5428c9e1,[*]Oc1ccc(NC(=O)Nc2cc(NC(=O)Nc3ccc[*]cc3)ccc2C)cc1,542.15,val
698ddbe96c00d07d5428c9e2,[*]COc1ccc(C(C)(C)c2ccc(Oc3ccc[*]n3-c3ccc(C#N)cc3)cc2)cc1,346.28,train
698ddbe96c00d07d5428c9e3,[*]COc1ccc(C(C)(C)c2ccc(Oc3ccc[*]n3-c3ccc([N+](=O)[O-])cc3)cc2)cc1,349.9,train
698ddbe96c00d07d5428c9e4,[*]Oc1ccc(NC(=O)c2cc(NC(=O)C34CC5CC(CC(C5)C3)C4)cc(C(=O)Nc3ccc[*]cc3)c2)cc1,608.15,train
698ddbe96c00d07d5428c9e5,[*]Oc1cc(Oc2ccc(NC(=O)c3cc(NC(=O)C45CC6CC(CC(C6)C4)C5)cc(C(=O)Nc4ccc[*]cc4)c3)cc2)ccc1C12CC3CC(CC(C3)C1)C2,618.15,train
698ddbe96c00d07d5428c9e6,[*]CCOCCOCCOC(=O)C1CCC(C(=O)O[*])CC1,248.14999999999998,train
698ddbe96c00d07d5428c9e7,[*]Oc1cccc(Oc2cccc(NC(=O)c3cc(Oc4ccc(C(=O)O)c(C(=O)Nc5cccc[*]c5)c4)ccc3C(=O)O)c2)c1,449.54999999999995,train
698ddbe96c00d07d5428c9e8,[*]Oc1cc(Oc2cccc(NC(=O)c3cc(Oc4ccc(C(=O)O)c(C(=O)Nc5cccc[*]c5)c4)ccc3C(=O)O)c2)ccc1C#N,468.95,test
698ddbe96c00d07d5428c9e9,[*]Oc1cccc(Oc2cccc(NC(=O)c3cc(Oc4ccc(C(=O)O)c(C(=O)Nc5cccc[*]c5)c4)ccc3C(=O)O)c2)c1C#N,473.25,train
698ddbe96c00d07d5428c9ea,[*]Oc1c([2H])c([2H])c(S(=O)(=O)c2c([2H])c([2H])c(Oc3c([2H])c([2H])c(C(c4c([2H])c([2H])c[*]c([2H])c4[2H])(C([2H])([2H])[2H])C([2H])([2H])[2H])c([2H])c3[2H])c([2H])c2[2H])c([2H])c1[2H],448.15,test
698ddbe96c00d07d5428c9eb,[*]CCCOC(=O)C(C)O[*],240.14999999999998,train
698ddbe96c00d07d5428c9ec,[*]CCCCOc1ccc(C(=O)Nc2cccc(P(=O)(c3ccccc3)c3cccc(NC(=O)c4ccc(O[*])cc4)c3)c2)cc1,464.15,train
698ddbe96c00d07d5428c9ed,[*]Oc1ccc(Oc2c(F)c(F)c(-c3c(F)c(F)c[*]c(F)c3F)c(F)c2F)cc1S(=O)(=O)O,393.15,train
698ddbe96c00d07d5428c9ee,[*]Oc1ccc(Oc2ccc(Nc3ccc(S(=O)(=O)c4ccc(Nc5ccc[*]cc5)cc4)cc3)cc2)cc1,417.75,val
698ddbe96c00d07d5428c9ef,[*]Oc1ccc(Nc2ccc(S(=O)(=O)c3ccc(Nc4ccc(Oc5ccc(C(C)(C)c6ccc[*]cc6)cc5)cc4)cc3)cc2)cc1,418.15,test
698ddbe96c00d07d5428c9f0,[*]OC(=O)c1cccc(OCCCCCCOc2cccc(C(=O)OC3COC4C[*]COC34)c2)c1,316.65,train
698ddbe96c00d07d5428c9f1,[*]OC(=O)c1cccc(OCCCCCCCCOc2cccc(C(=O)OC3COC4C[*]COC34)c2)c1,306.15,train
698ddbe96c00d07d5428c9f2,[*]OC(=O)c1cccc(OCCCCCCCCCCOc2cccc(C(=O)OC3COC4C[*]COC34)c2)c1,303.15,train
698ddbe96c00d07d5428c9f3,[*]O[Si](Oc1ccc(-c2ccc[*]cc2)cc1)(c1ccccc1)c1ccccc1,405.4,train
698ddbe96c00d07d5428c9f4,[*]Oc1ccc(C2(c3ccc(Oc4ccc(C(=O)c5ccc[*]cc5)cc4)cc3)CCC3CCCCC3C2)cc1,487.15,train
698ddbe96c00d07d5428c9f5,[*]Oc1ccc(C2(c3ccc(Oc4ccc(C(=O)c5ccc[*]cc5)cc4)c(C)c3)CCC3CCCCC3C2)cc1C,474.15,test
698ddbe96c00d07d5428c9f6,[*]Oc1c(C)cc(C2(c3cc(C)c(Oc4ccc(C(=O)c5ccc[*]cc5)cc4)c(C)c3)CCC3CCCCC3C2)cc1C,524.15,train
698ddbe96c00d07d5428c9f7,[*]Oc1ccc(C2(c3ccc(Oc4ccc(C(=O)c5cccc(C(=O)c6ccc[*]cc6)c5)cc4)cc3)CCC3CCCCC3C2)cc1,467.15,test
698ddbe96c00d07d5428c9f8,[*]Oc1ccc(C2(c3ccc(Oc4ccc(C(=O)c5cccc(C(=O)c6ccc[*]cc6)c5)cc4)c(C)c3)CCC3CCCCC3C2)cc1C,458.15,test
698ddbe96c00d07d5428c9f9,[*]Oc1c(C)cc(C2(c3cc(C)c(Oc4ccc(C(=O)c5cccc(C(=O)c6ccc[*]cc6)c5)cc4)c(C)c3)CCC3CCCCC3C2)cc1C,497.15,train
698ddbe96c00d07d5428c9fa,[*]Oc1ccc(C(C)(C)c2ccc(OP3(Oc4ccc(C(=O)OC)cc4)=NP(Oc4ccc(C(=O)OC)cc4)(Oc4ccc(C(=O)OC)cc4)=NP[*](Oc4ccc(C(=O)OC)cc4)=N3)cc2)cc1,346.15,train
698ddbe96c00d07d5428c9fb,[*]Oc1ccc(C(C)(C)c2ccc(OP3(Oc4ccc(C(=O)OCCC)cc4)=NP(Oc4ccc(C(=O)OCCC)cc4)(Oc4ccc(C(=O)OCCC)cc4)=NP[*](Oc4ccc(C(=O)OCCC)cc4)=N3)cc2)cc1,299.15,train
698ddbe96c00d07d5428c9fc,[*]Oc1ccc(C(c2ccc(OP3(Oc4ccc(C(=O)OC)cc4)=NP(Oc4ccc(C(=O)OC)cc4)(Oc4ccc(C(=O)OC)cc4)=NP[*](Oc4ccc(C(=O)OC)cc4)=N3)cc2)(C(F)(F)F)C(F)(F)F)cc1,351.15,test
698ddbe96c00d07d5428c9fd,[*]Oc1ccc(C(c2ccc(OP3(Oc4ccc(C(=O)OCCC)cc4)=NP(Oc4ccc(C(=O)OCCC)cc4)(Oc4ccc(C(=O)OCCC)cc4)=NP[*](Oc4ccc(C(=O)OCCC)cc4)=N3)cc2)(C(F)(F)F)C(F)(F)F)cc1,307.15,val
698ddbe96c00d07d5428c9fe,[*]Oc1c(C)cc(-c2cc(C)c(Oc3ccc(C(=O)c4ccc[*]cc4)cc3)c(CBr)c2)cc1CBr,431.31999999999994,val
698ddbe96c00d07d5428c9ff,[*]Oc1c(C)cc(-c2cc(CBr)c(Oc3ccc(C(=O)c4ccc[*]cc4)cc3)c(CBr)c2)cc1CBr,436.81999999999994,train
698ddbe96c00d07d5428ca00,[*]CCCCCCOC(=O)NC1CCC(CC2CCC(NC(=O)OCCCCCCOc3ccc(CCc4ccc(O[*])cc4)cc3)CC2)CC1,313.45,train
698ddbe96c00d07d5428ca01,[*]O[Si][*](C)C,150.34999999999997,test
698ddbe96c00d07d5428ca02,[*]O[Si][*](C)C,150.34999999999997,val
698ddbe96c00d07d5428ca03,[*]Oc1ccc(C(C)(C)C)cc1Oc1ccc(S(=O)(=O)c2ccc[*]cc2)cc1,453.65,train
698ddbe96c00d07d5428ca04,[*]Oc1ccc(C(C)(C)C)cc1Oc1ccc(S(=O)(=O)c2ccc[*]cc2)cc1,453.65,train
698ddbe96c00d07d5428ca05,[*]c1ccc[*]s1,362.5,train
698ddbe96c00d07d5428ca06,[*]c1cc(C)c[*]s1,387.34999999999997,test
698ddbe96c00d07d5428ca07,[*]CC(=O)NCCCCCCNC(=O)CS[*],266.15,train
698ddbe96c00d07d5428ca08,[*]C1C=C(CCCCCC)C[*]S1,331.2,test
698ddbe96c00d07d5428ca09,[*]CC(CC)(CC)CS[*],236.89999999999998,train
698ddbe96c00d07d5428ca0a,[*]Sc1ccc(P(=O)(c2ccccc2)c2ccc(Sc3ccc(-c4ccc[*]cc4)cc3)cc2)cc1,505.15,train
698ddbe96c00d07d5428ca0b,[*]c1cc(CCCCCCCCCCCC)c[*]s1,254.64999999999998,test
698ddbe96c00d07d5428ca0c,[*]c1cc(CCCCCCCCCC)c[*]s1,240.14999999999998,test
698ddbe96c00d07d5428ca0d,[*]c1cc(CCCCCC)c[*]s1,293.45,train
698ddbe96c00d07d5428ca0e,[*]c1cc(CCCCCCCC)c[*]s1,263.95,test
698ddbe96c00d07d5428ca0f,[*]c1ccc(Sc2ccc(Sc3ccc(Sc4ccc(S[*]=O)cc4)cc3)cc2)cc1,406.15,train
698ddbe96c00d07d5428ca10,[*]c1ccc(Sc2cccc(Sc3ccc(S[*]=O)cc3)c2)cc1,394.15,train
698ddbe96c00d07d5428ca11,[*]Sc1ccc(C(=O)c2ccc(C(c3ccc(C(=O)c4ccc[*]cc4)cc3)(C(F)(F)F)C(F)(F)F)cc2)cc1,448.15,train
698ddbe96c00d07d5428ca12,[*]Sc1ccc(C(=O)c2ccc(C(C)(C)c3ccc(C(=O)c4ccc[*]cc4)cc3)cc2)cc1,448.15,val
698ddbe96c00d07d5428ca13,[*]c1ccc(-c2ccc(-c3ccc(-c4ccc[*]n4CCCCCCCCCCCC)s3)s2)s1,325.15,val
698ddbe96c00d07d5428ca14,[*]c1ccc(-c2ccc(-c3ccc(-c4ccc(-c5ccc[*]n5CCCCCCCCCCCC)s4)s3)s2)s1,327.15,train
698ddbe96c00d07d5428ca15,[*]c1ccc([Si][*](C)C)s1,294.15,train
698ddbe96c00d07d5428ca16,[*]c1ccc([Si](C)(C)[Si][*](C)C)s1,288.15,train
698ddbe96c00d07d5428ca17,[*]c1ccc([Si](CCCC)(CCCC)[Si][*](CCCC)CCCC)s1,220.14999999999998,train
698ddbe96c00d07d5428ca18,[*]c1ccc(-c2ccc([Si][*](C)C)s2)s1,318.15,train
698ddbe96c00d07d5428ca19,[*]c1ccc(-c2ccc([Si](C)(C)[Si][*](C)C)s2)s1,318.15,train
698ddbe96c00d07d5428ca1a,[*]c1ccc(-c2ccc([Si][*](CCCC)CCCC)s2)s1,263.15,train
698ddbe96c00d07d5428ca1b,[*]c1ccc(-c2ccc([Si](CCCC)(CCCC)[Si][*](CCCC)CCCC)s2)s1,253.14999999999998,test
698ddbe96c00d07d5428ca1c,[*]c1ccc(-c2ccc(-c3ccc([Si][*](C)C)s3)s2)s1,318.15,val
698ddbe96c00d07d5428ca1d,[*]c1ccc(-c2ccc(-c3ccc([Si](C)(C)[Si][*](C)C)s3)s2)s1,318.15,train
698ddbe96c00d07d5428ca1e,[*]c1ccc(-c2ccc(-c3ccc([Si][*](CCCC)CCCC)s3)s2)s1,303.15,train
698ddbe96c00d07d5428ca1f,[*]c1ccc(-c2ccc(-c3ccc([Si](CCCC)(CCCC)[Si][*](CCCC)CCCC)s3)s2)s1,268.15,train
698ddbe96c00d07d5428ca20,[*]c1ccc(-c2cc(CCCCCCCC)c(-c3ccc(-c4ccc(-c5sc(-c6ccc([Si][*](C)C)s6)cc5CCCCCCCC)s4)s3)s2)s1,304.15,val
698ddbe96c00d07d5428ca21,[*]c1ccc(-c2cc(CCCCCCCC)c(-c3ccc(-c4ccc(-c5sc(-c6ccc([Si](C)(C)[Si][*](C)C)s6)cc5CCCCCCCC)s4)s3)s2)s1,285.15,train
698ddbe96c00d07d5428ca22,[*]c1ccc(-c2cc(CCCCCCCC)c(-c3ccc(-c4ccc(-c5sc(-c6ccc([Si](C)(C)[Si](C)(C)[Si](C)(C)[Si][*](C)C)s6)cc5CCCCCCCC)s4)s3)s2)s1,279.15,val
698ddbe96c00d07d5428ca23,[*]c1ccc(-c2cc(CCCCCCCC)c(-c3ccc(-c4ccc(-c5sc(-c6ccc([Si](C)(C)[Si](C)(C)[Si](C)(C)[Si](C)(C)[Si](C)(C)[Si](C)(C)[Si](C)(C)[Si][*](C)C)s6)cc5CCCCCCCC)s4)s3)s2)s1,286.15,train
698ddbe96c00d07d5428ca24,[*]c1ccc(-c2cc(CCCCCCCC)c(-c3ccc(-c4ccc(-c5sc(-c6ccc([Si][*](CCCC)CCCC)s6)cc5CCCCCCCC)s4)s3)s2)s1,272.15,train
698ddbe96c00d07d5428ca25,[*]c1ccc(-c2cc(CCCCCCCC)c(-c3ccc(-c4ccc(-c5sc(-c6ccc([Si](CCCC)(CCCC)[Si][*](CCCC)CCCC)s6)cc5CCCCCCCC)s4)s3)s2)s1,263.15,train
698ddbe96c00d07d5428ca26,[*]c1ccc(-c2ccc(-c3ccc(-c4ccc([Si][*](CCCC)CCCC)s4)s3)s2)s1,274.15,test
698ddbe96c00d07d5428ca27,[*]c1ccc(-c2ccc(-c3ccc(-c4ccc([Si](CCCC)(CCCC)[Si][*](CCCC)CCCC)s4)s3)s2)s1,272.15,test
698ddbe96c00d07d5428ca28,[*]c1ccc(Sc2ccc(S[*](=O)=O)cc2)cc1,488.15,val
698ddbe96c00d07d5428ca29,[*]c1cc(CCCC)c[*]s1,332.15,train
698ddbe96c00d07d5428ca2a,[*]N=P(N=P(/N=S(/[*])Oc1ccc(C(C)(C)C)cc1)(Oc1ccc(-c2ccccc2)cc1)Oc1ccc(-c2ccccc2)cc1)(Oc1ccc(-c2ccccc2)cc1)Oc1ccc(-c2ccccc2)cc1,327.15,train
698ddbe96c00d07d5428ca2b,[*]N=P(Cl)(N=P(Cl)(/N=S(/[*])Oc1ccccc1-c1ccccc1)Oc1ccccc1-c1ccccc1)Oc1ccccc1-c1ccccc1,352.15,train
698ddbe96c00d07d5428ca2c,[*]N=P(Cl)(N=P(/N=S(/[*])Oc1cccc(-c2ccccc2)c1)(Oc1cccc(-c2ccccc2)c1)Oc1cccc(-c2ccccc2)c1)Oc1cccc(-c2ccccc2)c1,305.15,train
698ddbe96c00d07d5428ca2d,[*]N=P(N=P(/N=S(/[*])Oc1ccc(-c2ccccc2)cc1)(Oc1ccc(-c2ccccc2)cc1)Oc1ccc(-c2ccccc2)cc1)(Oc1ccc(-c2ccccc2)cc1)Oc1ccc(-c2ccccc2)cc1,342.15,train
698ddbe96c00d07d5428ca2e,[*]c1cc(CCOC(=O)NCCCC)c[*]s1,340.65,train
698ddbe96c00d07d5428ca2f,[*]Oc1ccc(Sc2ccc(OC(=O)OC3C(C)(C)C(OC[*]=O)C3(C)C)cc2)cc1,380.15,test
698ddbe96c00d07d5428ca30,[*]CCOC(=O)CCSCCC(=O)O[*],230.14999999999998,train
698ddbe96c00d07d5428ca31,[*]SSc1ccc(/N=C/Nc2ccc[*]cc2)cc1,371.15,train
698ddbe96c00d07d5428ca32,[*]c1ccc(/C=N/c2cccc(/N=C/c3ccc(-c4ccc[*]s4)cc3)c2)cc1,423.15,train
698ddbe96c00d07d5428ca33,[*]c1ccc(/C=N/c2ccc(C(c3ccccc3)c3ccc(/N=C/c4ccc(-c5ccc[*]s5)cc4)cc3)cc2)cc1,402.15,test
698ddbe96c00d07d5428ca34,[*]c1ccc(-c2sc(-c3cc(CCCC)c[*]s3)cc2CCCC)cc1,395.45,test
698ddbe96c00d07d5428ca35,[*]c1ccc(-c2sc(-c3cc(CCCCCCCC)c[*]s3)cc2CCCCCCCC)cc1,323.54999999999995,train
698ddbe96c00d07d5428ca36,[*]c1ccc(-c2sc(-c3cc(CCCCCCCCCCCC)c[*]s3)cc2CCCCCCCCCCCC)cc1,332.75,train
698ddbe96c00d07d5428ca37,[*]Sc1ccc(Nc2ccc(Nc3ccc[*]cc3)cc2)cc1,387.15,train
698ddbe96c00d07d5428ca38,[*]c1cc(CCCCBr)c[*]s1,292.15,test
698ddbe96c00d07d5428ca39,[*]CCSCc1ccc(Cc2ccc(CSCCOC(=O)CSCc3ccc(Cc4ccc(CSCC(=O)O[*])cc4)cc3)cc2)cc1,287.15,train
698ddbe96c00d07d5428ca3a,[*]CCSCc1ccc(Cc2ccc(CSCCOC(=O)CCSCc3ccc(Cc4ccc(CSCCC(=O)O[*])cc4)cc3)cc2)cc1,285.15,test
698ddbe96c00d07d5428ca3b,[*]c1ccc(Sc2ccc(-c3nn(-c4ccc(S(=O)(=O)c5ccc(-n6nc[*]c7ccccc7c6=O)cc5)cc4)c(=O)c4ccccc34)cc2)cc1,552.15,train
698ddbe96c00d07d5428ca3c,[*]c1ccc(C(=O)c2ccc(-n3nc(-c4ccc(Sc5ccc(-c6nn[*]c(=O)c7ccccc67)cc5)cc4)c4ccccc4c3=O)cc2)cc1,554.15,test
698ddbe96c00d07d5428ca3d,[*]c1ccc(C(=O)OCCCCCCOC(=O)c2ccc(-c3nnc[*]s3)cc2)cc1,398.15,train
698ddbe96c00d07d5428ca3e,[*]c1ccc(C(=O)OCCCCCCCCOC(=O)c2ccc(-c3nnc[*]s3)cc2)cc1,359.15,train
698ddbe96c00d07d5428ca3f,[*]c1ccc(C(=O)OCCCCCCCCCOC(=O)c2ccc(-c3nnc[*]s3)cc2)cc1,345.15,test
698ddbe96c00d07d5428ca40,[*]c1ccc(C(=O)OCCCCCCCCCCOC(=O)c2ccc(-c3nnc[*]s3)cc2)cc1,352.15,test
698ddbe96c00d07d5428ca41,[*]c1ccc(C(=O)OCCCCCCCCCCCCOC(=O)c2ccc(-c3nnc[*]s3)cc2)cc1,341.15,train
698ddbe96c00d07d5428ca42,[*]/C(=C/c1cc(OCCCCCCCC)c(/C=C(\c2ccccc2)c2ccc3c(c2)Sc2ccc[*]cc2S3)cc1OCCCCCCCC)c1ccccc1,366.15,train
698ddbe96c00d07d5428ca44,[*]/C=C(\C#N)C(=O)NC1CCCCC1NC(=O)/C(C#N)=C/c1ccc(/C=C/c2ccc(N(CC)Cc3ccccc3CN(CC)c3ccc(/C=C/c4ccc[*]s4)cc3)cc2)s1,468.15,test
698ddbe96c00d07d5428ca45,[*]/C=C(\C#N)C(=O)NC1CCCCC1NC(=O)/C(C#N)=C/c1ccc(/C=C/c2ccc(N(CC)Cc3cccc(CN(CC)c4ccc(/C=C/c5ccc[*]s5)cc4)c3)cc2)s1,430.15,train
698ddbe96c00d07d5428ca46,[*]/C=C(\C#N)c1cccc(/C(C#N)=C/c2ccc(/C=C/c3ccc(N(CC)Cc4ccccc4CN(CC)c4ccc(/C=C/c5ccc[*]s5)cc4)cc3)s2)c1,451.15,train
698ddbe96c00d07d5428ca47,[*]/C=C(\C#N)C(=O)NC1CCCCC1NC(=O)/C(C#N)=C/c1ccc(/C=C/c2ccc(N(c3ccccc3)c3ccc(N(c4ccccc4)c4ccc(/C=C/c5ccc[*]s5)cc4)cc3)cc2)s1,513.15,test
698ddbe96c00d07d5428ca48,[*]/C=C(\C#N)c1cccc(/C(C#N)=C/c2ccc(/C=C/c3ccc(N(c4ccccc4)c4ccc(N(c5ccccc5)c5ccc(/C=C/c6ccc[*]s6)cc5)cc4)cc3)s2)c1,451.15,train
698ddbe96c00d07d5428ca49,[*]/C=C/c1ccc(N(CC)Cc2ccccc2CN(CC)c2ccc(/C=C/c3ccc(/C=C(\C#N)S(=O)(=O)/C(C#N)=C/c4ccc[*]s4)s3)cc2)cc1,451.15,train
698ddbe96c00d07d5428ca4a,[*]/C=C(\C#N)C(=O)Nc1cc(-c2ccc(O)c(NC(=O)/C(C#N)=C/c3ccc(/C=C/c4ccc(N(c5ccccc5)c5ccc(N(c6ccccc6)c6ccc(/C=C/c7ccc[*]s7)cc6)cc5)cc4)s3)c2)ccc1O,494.15,test
698ddbe96c00d07d5428ca4b,[*]CC(SS[*])c1ccccc1,277.95,val
698ddbe96c00d07d5428ca53,[*]c1cc(C(=O)OCCCCCCCCCCOc2ccc(-c3ccc(OC(=O)c4ccc(OCC(F)CCCCCC)cc4)cc3)cc2)c[*]s1,424.15,train
698ddbe96c00d07d5428ca54,[*]Sc1ccc(Sc2ccc(Sc3ccc(P(=O)(c4ccccc4)c4ccc[*]cc4)cc3)cc2)cc1,448.15,train
698ddbe96c00d07d5428ca55,[*]c1cc(-c2ccc(C(=C3C=C(C(C)(C)C)C(=O)C(C(C)(C)C)=C3)c3cc(C(C)(C)C)c(OC(C)=O)c(C(C)(C)C)c3)cc2)c[*]s1,268.84999999999997,val
698ddbe96c00d07d5428ca56,[*]c1cc(-c2ccc(C(=C3C=C(C(C)(C)C)C(=O)C(C(C)(C)C)=C3)c3cc(C(C)(C)C)c(O)c(C(C)(C)C)c3)cc2)c[*]s1,260.54999999999995,val
698ddbe96c00d07d5428ca57,[*]Sc1ccc(Nc2ccc[*]cc2)cc1,418.15,train
698ddbe96c00d07d5428ca58,[*]c1ccc2c(c1)C(CCCCCCCC)(CCCCCCCC)c1cc(-c3ccc[*]c4nsnc34)ccc1-2,387.65,test
698ddbe96c00d07d5428ca59,[*]c1ccc(-c2sc(-c3ccc(-c4cc(SCCCC)c[*]s4)cc3)cc2SCCCC)cc1,299.54999999999995,train
698ddbe96c00d07d5428ca5a,[*]c1ccc(-c2sc(-c3ccc(-c4cc(SCCCCCCCC)c[*]s4)cc3)cc2SCCCCCCCC)cc1,234.34999999999997,train
698ddbe96c00d07d5428ca5b,[*]c1ccc(-c2sc(-c3cc(SCCCC)c[*]s3)cc2SCCCC)cc1,402.15,train
698ddbe96c00d07d5428ca5c,[*]c1ccc(-c2sc(-c3cc(SCCCCCCCC)c[*]s3)cc2SCCCCCCCC)cc1,328.45,train
698ddbe96c00d07d5428ca5d,[*]c1ccc(-c2sc(-c3cc(SCCCCCCCCCCCC)c[*]s3)cc2SCCCCCCCCCCCC)cc1,338.54999999999995,test
698ddbe96c00d07d5428ca5e,[*]c1ccc(-c2sc(-c3ccc(-c4cc(CCCC)c[*]s4)cc3)cc2CCCC)cc1,331.45,val
698ddbe96c00d07d5428ca5f,[*]c1ccc(-c2sc(-c3ccc(-c4cc(CCCCCCCC)c[*]s4)cc3)cc2CCCCCCCC)cc1,269.15,train
698ddbe96c00d07d5428ca60,[*]c1ccc(-c2sc(-c3ccc(-c4cc(CCCCCCCCCCCC)c[*]s4)cc3)cc2CCCCCCCCCCCC)cc1,253.95,test
698ddbe96c00d07d5428ca61,[*]c1cc(SCCCCCC)c[*]s1,305.15,train
698ddbe96c00d07d5428ca62,[*]c1cc(SCCCCCCCCCCCC)c[*]s1,306.15,train
698ddbe96c00d07d5428ca63,[*]/C=C/c1sc(/C=C/c2ccc3c4ccc[*]cc4n(CC(CC)CCCC)c3c2)c(CC(CC)CCCC)c1CC(CC)CCCC,333.15,train
698ddbe96c00d07d5428ca65,[*]c1cc(CC(=O)OCCN(CC)c2ccc(/N=N/c3ccc([N+](=O)[O-])cc3)cc2)c[*]s1,375.15,train
698ddbe96c00d07d5428ca66,[*]c1cc(CCOc2ccc(/N=N/c3ccc(C#N)cc3)cc2)c[*]s1,346.15,train
698ddbe96c00d07d5428ca67,[*]c1cc(CC(=O)OCCCCCCOc2ccc(/N=N/c3ccc(C#N)cc3)cc2)c[*]s1,337.15,train
698ddbe96c00d07d5428ca68,[*]c1ccc(Sc2ccc(Sc3ccc(Sc4ccc(S[*](=O)=O)cc4S(=O)(=O)O)cc3)cc2)c(S(=O)(=O)O)c1,475.15,val
698ddbe96c00d07d5428ca69,[*]C(=O)OCC(COc1ccc(/N=N/c2ccc(C#N)cc2)cc1)OC(=O)c1ccc[*]s1,392.15,train
698ddbe96c00d07d5428ca6a,[*]c1cc(-c2sc(-c3cc(CCCC)c[*]s3)cc2CCCC)c2cccccc1-2,397.15,test
698ddbe96c00d07d5428ca6b,[*]c1cc(-c2sc(-c3cc(CCCCCCC)c[*]s3)cc2CCCCCCC)c2cccccc1-2,329.15,test
698ddbe96c00d07d5428ca6c,[*]c1cc(-c2sc(-c3cc(CCCCCCCCCC)c[*]s3)cc2CCCCCCCCCC)c2cccccc1-2,295.65,train
698ddbe96c00d07d5428ca6d,[*]c1cc(-c2sc(-c3cc(CCCCCCCCCCCCCC)c[*]s3)cc2CCCCCCCCCCCCCC)c2cccccc1-2,263.15,train
698ddbe96c00d07d5428ca6e,[*]c1cc(C(=O)OCC(F)(F)C(F)(F)C(F)(F)F)c[*]s1,402.15,test
698ddbe96c00d07d5428ca71,[*]/C=C/c1cc(OCCCCCCCC)c(/C=C/c2ccc[*]c3nsnc23)cc1OCCCCCCCC,426.15,train
698ddbe96c00d07d5428ca72,[*]c1ccc(-c2ccc(-c3ccc4c(c3)C(CCCCCCCC)(CCCCCCCC)c3cc(-c5ccc[*]s5)ccc3-4)s2)cn1,400.65,train
698ddbe96c00d07d5428ca73,[*]c1cc(CC(=O)OCC)c[*]s1,329.84999999999997,train
698ddbe96c00d07d5428ca74,[*]c1cc(CCCCCCOC(=O)COC)c[*]s1,310.15,train
698ddbe96c00d07d5428ca75,[*]c1cc(CCCCCCOC(=O)Cc2ccccc2)c[*]s1,318.15,train
698ddbe96c00d07d5428ca76,[*]c1cc(CCCCCCOC(=O)COc2ccccc2)c[*]s1,323.15,train
698ddbe96c00d07d5428ca77,[*]c1ccc(-c2cc(CCCCCCBr)c[*]s2)s1,324.15,train
698ddbe96c00d07d5428ca78,[*]c1ccc(-c2cc(CCCCCCOC(=O)COc3ccccc3)c[*]s2)s1,352.15,test
698ddbe96c00d07d5428ca79,[*]c1cc(CCCCCCO[Si](C)(C)C)c[*]s1,283.15,val
698ddbe96c00d07d5428ca7a,[*]Sc1ccc(C(=O)CNCCCCCCCCNCC(=O)c2ccc[*]cc2)cc1,504.15,train
698ddbe96c00d07d5428ca7b,[*]c1ccc2cc3cc(-c4sc(-c5cc(CCCCCCCCCCCC)c[*]s5)cc4CCCCCCCCCCCC)ccc3cc2c1,431.15,train
698ddbe96c00d07d5428ca7c,[*]Cc1ccccc1CSS[*],312.15,test
698ddbe96c00d07d5428ca7d,[*]CCCCSS[*],218.14999999999998,test
698ddbe96c00d07d5428ca7e,[*]/C=C/c1cccc(OC(=O)CCCCCCCCC(=O)Oc2ccc(-c3nnc[*]s3)cc2)c1,328.15,val
698ddbe96c00d07d5428ca7f,[*]/C=C/c1ccc(OC(=O)CCCCCCCCC(=O)Oc2cccc(-c3nnc[*]s3)c2)cc1,310.15,val
698ddbe96c00d07d5428ca80,[*]/C=C/c1ccc(OC(=O)CCCCCCCCC(=O)Oc2ccc(-c3nnc[*]s3)cc2)cc1,303.15,train
698ddbe96c00d07d5428ca81,[*]c1ccc2c3ccc(-c4ccc(-c5ccc(-c6ccc[*]s6)c6nccnc56)s4)cc3n(C(CCCCCCCC)CCCCCCCC)c2c1,389.15,train
698ddbe96c00d07d5428ca82,[*]c1ccc2c3ccc(-c4ccc(-c5ccc(-c6ccc[*]s6)c6nsnc56)s4)cc3n(C(CCCCCCCC)CCCCCCCC)c2c1,399.15,train
698ddbe96c00d07d5428ca83,[*]/C=C/c1cccc(OC(=O)CCCCCCCCC(=O)Oc2cccc(-c3nnc[*]s3)c2)c1,314.15,train
698ddbe96c00d07d5428ca84,[*]c1cc(CCOC(=O)C(C)Br)c[*]s1,322.15,train
698ddbe96c00d07d5428ca85,[*]CCCCOC(=O)CCSCCCCCCSCCC(=O)O[*],200.14999999999998,train
698ddbe96c00d07d5428ca86,[*]c1cc(C(C(=O)OC)C(=O)OC)c[*]s1,253.04999999999998,train
698ddbe96c00d07d5428ca87,[*]Sc1ccc(Sc2ccc(Sc3ccc4c(c3)Sc3ccc[*]cc3S4)cc2)cc1,427.15,test
698ddbe96c00d07d5428ca88,[*]Sc1ccc2c(c1)Sc1ccc[*]cc1S2,483.04999999999995,train
698ddbe96c00d07d5428ca89,[*]c1ccc2c(c1)Sc1cc(-c3ccc(-c4ccc[*]s4)s3)ccc1N2CCCCCC,413.15,train
698ddbe96c00d07d5428ca8a,[*]c1ccc2c(c1)Sc1cc(-c3ccc(-c4ccc[*]s4)s3)ccc1N2CCCCCCCCCC,415.15,train
698ddbe96c00d07d5428ca8b,[*]c1ccc2c(c1)Sc1cc(-c3ccc(-c4ccc[*]s4)s3)ccc1N2CCCCCCCCCCCC,423.15,train
698ddbe96c00d07d5428ca8c,[*]c1ccc2c(c1)Sc1cc(-c3sc4cc[*]sc4c3CCCCC)ccc1N2CCCCCC,399.15,train
698ddbe96c00d07d5428ca8d,[*]c1ccc2c(c1)Sc1cc(-c3sc4cc[*]sc4c3CCCCC)ccc1N2CCCCCCCCCC,404.15,val
698ddbe96c00d07d5428ca8e,[*]c1ccc2c(c1)Sc1cc(-c3sc4cc[*]sc4c3CCCCC)ccc1N2CCCCCCCCCCCC,409.15,train
698ddbe96c00d07d5428ca8f,[*]c1cc(C(=O)Oc2cccc3cccnc23)c[*]s1,427.15,train
698ddbe96c00d07d5428ca90,[*]/C=C/c1ccc2c(c1)Sc1cc[*]ccc1N2c1ccc(OCCCCCCCCCCCC)cc1,402.15,test
698ddbe96c00d07d5428ca91,[*]/C=C/c1ccc(/C=C/c2ccc3c(c2)Sc2cc[*]ccc2N3c2ccc(OCCCCCCCCCCCC)cc2)cc1,440.15,train
698ddbe96c00d07d5428ca92,[*]/C=C/c1ccc(/C=C/c2ccc3c(c2)Sc2cc[*]ccc2N3c2ccc(OCCCCCCCCCCCC)cc2)s1,428.15,val
698ddbe96c00d07d5428ca94,[*]Nc1cnc[*]s1,412.15,train
698ddbe96c00d07d5428ca95,[*]Sc1cccc(Sc2ccc(Sc3ccc[*]cc3)cc2)c1,342.15,train
698ddbe96c00d07d5428ca96,[*]Sc1cccc(Sc2ccc(Sc3ccc[*]cc3)cc2)c1,342.15,val
698ddbe96c00d07d5428ca97,[*]Oc1ccc(C(C)(C)c2ccc(OC(=O)c3ccc(C(C)(C)c4ccc(C[*]=O)cc4)cc3)cc2)cc1,503.15,val
698ddbe96c00d07d5428ca98,[*]Oc1ccc(C(C)(C)c2ccc(OC(=O)c3ccc(Cc4ccc(C[*]=O)cc4)cc3)cc2)cc1,478.15,train
698ddbe96c00d07d5428ca99,[*]Oc1ccc(OC(=O)c2cccc(C[*]=O)c2)cc1,459.15,train
698ddbe96c00d07d5428ca9a,[*]Oc1ccc(S(=O)(=O)c2ccc(OC(=O)c3cc(CCCCC)cc(C[*]=O)c3)cc2)cc1,443.15,train
698ddbe96c00d07d5428ca9b,[*]OS(=O)(=O)c1cccc(C(=O)Oc2ccc(C(C)(C)c3ccc[*]cc3)cc2)c1,406.15,train
698ddbe96c00d07d5428ca9c,[*]CCN(CCOC(=O)c1cccc(C(=O)O[*])c1)c1ccccc1,333.15,test
698ddbe96c00d07d5428ca9d,[*]Oc1ccc(C2(c3ccc(OC(=O)c4ccc(C[*]=O)cc4)cc3)CCCCC2)cc1,548.15,train
698ddbe96c00d07d5428ca9e,[*]Oc1ccc(C(CC)(c2ccccc2)c2ccc(OC(=O)CCCCCCCCC[*]=O)cc2)cc1,361.15,train
698ddbe96c00d07d5428ca9f,[*]Oc1ccc(C(CC)(c2ccccc2)c2ccc(OC(=O)c3ccc(C[*]=O)cc3)cc2)cc1,516.15,train
698ddbe96c00d07d5428caa0,[*]Oc1ccc(C(c2ccccc2)(c2ccccc2)c2ccc(OC(=O)c3ccc(C[*]=O)cc3)cc2)cc1,483.15,train
698ddbe96c00d07d5428caa1,[*]Oc1ccc(C2(c3ccc(OC(=O)CCC[*]=O)cc3)c3ccccc3-c3ccccc32)cc1,507.15,train
698ddbe96c00d07d5428caa2,[*]Oc1ccc(C2(c3ccc(OC(=O)CCCC[*]=O)cc3)c3ccccc3-c3ccccc32)cc1,480.15,test
698ddbe96c00d07d5428caa3,[*]Oc1ccc(C2(c3ccc(OC(=O)CCCCC[*]=O)cc3)c3ccccc3-c3ccccc32)cc1,439.15,train
698ddbe96c00d07d5428caa4,[*]Oc1ccc(C2(c3ccc(OC(=O)CCCCCCC[*]=O)cc3)c3ccccc3-c3ccccc32)cc1,431.15,train
698ddbe96c00d07d5428caa5,[*]Oc1ccc(C2(c3ccc(OC(=O)CCCCCCCC[*]=O)cc3)c3ccccc3-c3ccccc32)cc1,423.15,train
698ddbe96c00d07d5428caa6,[*]Oc1ccc(C2(c3ccc(OC(=O)CCCCCCCCCC[*]=O)cc3)c3ccccc3-c3ccccc32)cc1,409.15,train
698ddbe96c00d07d5428caa7,[*]Oc1ccc(C2(c3ccc(OC(=O)CCCCCCCCCCC[*]=O)cc3)c3ccccc3-c3ccccc32)cc1,390.15,train
698ddbe96c00d07d5428caa8,[*]Oc1ccc(C2(c3ccc(OC(=O)c4ccc(C[*]=O)cc4)cc3)c3ccccc3C(=O)c3ccccc32)cc1,673.15,test
698ddbe96c00d07d5428caa9,[*]Oc1ccc(C2(c3ccc(OC(=O)CCCCCCCCC[*]=O)cc3)c3ccccc3Cc3ccccc32)cc1,407.15,val
698ddbe96c00d07d5428caaa,[*]Oc1ccc(C2(c3ccc(OC(=O)c4ccc(C[*]=O)cc4)cc3)c3ccccc3Cc3ccccc32)cc1,615.15,test
698ddbe96c00d07d5428caab,[*]CCC(C)(C)CC(C)COC(=O)CCCCC(=O)O[*],203.14999999999998,train
698ddbe96c00d07d5428caac,[*]CCC(C)(C)CC(C)COC(=O)c1ccc(C(=O)O[*])cc1,264.15,train
698ddbe96c00d07d5428caad,[*]C/C=C/COC(=O)CCCCCCCCC(=O)O[*],233.14999999999998,val
698ddbe96c00d07d5428caae,[*]C/C=C/COC(=O)CCCCCCCCC(=O)O[*],233.14999999999998,train
698ddbe96c00d07d5428caaf,[*]C/C=C/COC(=O)CCCCCCCCC(=O)O[*],232.14999999999998,test
698ddbe96c00d07d5428cab0,[*]C/C=C/COC(=O)CCCCCCCCC(=O)O[*],232.14999999999998,train
698ddbe96c00d07d5428cab1,[*]O[Sn](CCCC)(CCCC)OC(=O)/C=C/C[*]=O,459.15,test
698ddbe96c00d07d5428cab2,[*]Oc1ccc(C(CC)(CC)c2ccc(OC(=O)c3ccc(C[*]=O)cc3)cc2)cc1,453.15,train
698ddbe96c00d07d5428cab3,[*]Oc1ccc(C(C)(c2ccccc2)c2ccc(OC(=O)c3cccc(C[*]=O)c3)cc2)cc1,475.15,train
698ddbe96c00d07d5428cab4,[*]Oc1ccc(C(c2ccccc2)(c2ccccc2)c2ccc(OC(=O)c3cccc(C[*]=O)c3)cc2)cc1,502.15,train
698ddbe96c00d07d5428cab5,[*]Oc1ccc(C(C)(C)c2ccc(OC(=O)c3ccc(C(=O)c4ccc(C[*]=O)cc4)cc3)cc2)cc1,467.15,train
698ddbe96c00d07d5428cab6,[*]Oc1ccc(C(=O)c2ccc(OC(=O)c3ccc(C(C)(C)c4ccc(C[*]=O)cc4)cc3)cc2)cc1,403.15,train
698ddbe96c00d07d5428cab7,[*]Oc1ccc(Cc2ccc(OC(=O)c3ccc(C(C)(C)c4ccc(C[*]=O)cc4)cc3)cc2)cc1,413.15,train
698ddbe96c00d07d5428cab8,[*]CC1CC(COC(=O)c2ccc(C(=O)O[*])cc2)CC(C(C)(C)C)C1,391.15,train
698ddbe96c00d07d5428cab9,[*]CC1CCCC(COC(=O)c2ccc(C(=O)O[*])cc2)C1,348.15,train
698ddbe96c00d07d5428caba,[*]CCOC(=O)Cc1ccc(C(=O)O[*])cc1,297.15,val
698ddbe96c00d07d5428cabb,[*]Oc1ccc(C(C)(C)c2ccc(OC(=O)c3ccc(CC[*]=O)cc3)cc2)cc1,358.15,train
698ddbe96c00d07d5428cabc,[*]Cc1ccc(COC(=O)Cc2ccc(C(=O)O[*])cc2)cc1,320.15,train
698ddbe96c00d07d5428cabd,[*]CC(C)(C)COC(=O)Cc1ccc(C(=O)O[*])cc1,306.15,test
698ddbe96c00d07d5428cabe,[*]CCCCCCCCCCOC(=O)c1ccccc1C(=O)O[*],259.15,test
698ddbe96c00d07d5428cabf,[*]Oc1ccc(C(C)(C)c2ccc(OC(=O)CC(C)CCC[*]=O)cc2)cc1,329.15,train
698ddbe96c00d07d5428cac0,[*]Oc1ccc(C(C)(C)c2ccc(OC(=O)CCCCC[*]=O)c(C)c2)cc1C,306.65,train
698ddbe96c00d07d5428cac1,[*]CC(C)(CC)COC(=O)CCCCCCCCC(=O)O[*],204.14999999999998,val
698ddbe96c00d07d5428cac2,[*]OC(C)CCC(C)OC(=O)CCCCCCCCC[*]=O,207.14999999999998,test
698ddbe96c00d07d5428cac3,[*]CCCCCCCCOC(=O)c1cccc(C(=O)O[*])c1,264.15,train
698ddbe96c00d07d5428cac4,[*]Oc1ccc(C2(c3ccc(OC(=O)c4cccc(C[*]=O)c4)c(C)c3)c3ccccc3-c3ccccc32)cc1C,560.15,train
698ddbe96c00d07d5428cac5,[*]Oc1c(C)cc(C2(c3cc(C)c(OC(=O)c4cccc(C[*]=O)c4)c(C)c3)c3ccccc3-c3ccccc32)cc1C,588.15,train
698ddbe96c00d07d5428cac6,[*]CCCCOC(=O)/C=C/C(=O)O[*],251.14999999999998,train
698ddbe96c00d07d5428cac7,[*]CCCCOC(=O)/C=C/C(=O)O[*],251.14999999999998,train
698ddbe96c00d07d5428cac8,[*]CCCCOC(=O)/C=C/C(=O)O[*],366.15,test
698ddbe96c00d07d5428cac9,[*]CCCCOC(=O)/C=C/C(=O)O[*],366.15,train
698ddbe96c00d07d5428caca,[*]Oc1ccc2c(c1)C(C)(c1ccc(OC(=O)c3cccc(C[*]=O)c3)cc1)CC2(C)C,503.65,train
698ddbe96c00d07d5428cacb,[*]Oc1ccc2c(c1)C(C)(c1ccc(OC(=O)c3ccc(C[*]=O)cc3)cc1)CC2(C)C,525.65,test
698ddbe96c00d07d5428cacc,[*]c1ccc(C(=O)NNC(=O)c2ccc(C(=O)NNC(=O)c3ccc(C4[*]OC(=O)c5ccccc54)cc3)cc2)cc1,510.15,train
698ddbe96c00d07d5428cacd,[*]Oc1c(OC)cc(-c2cc(OC)c(OC(=O)c3cccc(C[*]=O)c3)c(OC)c2)cc1OC,525.15,test
698ddbe96c00d07d5428cace,[*]Oc1c(OC)cc(-c2cc(OC)c(OC(=O)CCCCCCCCC[*]=O)c(OC)c2)cc1OC,367.15,train
698ddbe96c00d07d5428cacf,[*]Oc1ccc(-c2ccc(OC(=O)c3ccc(C[*]=O)cc3)cc2)cc1,540.15,train
698ddbe96c00d07d5428cad0,[*]Oc1ccc(OC(=O)c2ccc(C[*]=O)cc2Oc2ccc3ccccc3c2)cc1,375.15,train
698ddbe96c00d07d5428cad1,[*]Oc1ccc(OC(=O)c2ccc(C[*]=O)cc2Sc2ccc3ccccc3c2)cc1,421.15,train
698ddbe96c00d07d5428cad2,[*]Oc1ccc(-c2ccc(OC(=O)c3ccc(C[*]=O)cc3Sc3ccc4ccccc4c3)cc2)cc1,414.15,train
698ddbe96c00d07d5428cad3,[*]Oc1ccc(OC(=O)c2ccc(C[*]=O)cc2Sc2ccccc2)cc1,454.15,train
698ddbe96c00d07d5428cad4,[*]Oc1ccc(OC(=O)c2ccc(C[*]=O)cc2Sc2ccc(C)cc2)cc1,407.15,train
698ddbe96c00d07d5428cad5,[*]Oc1ccc(OC(=O)c2ccc(C[*]=O)cc2Sc2ccc(Cl)cc2)cc1,413.15,test
698ddbe96c00d07d5428cad6,[*]OC(C)(CC[*]=O)C(F)(F)F,300.15,train
698ddbe96c00d07d5428cad7,[*]OC(C)CCOC(=O)C(CCCCCCOc1ccc(/N=C/c2ccc([N+](=O)[O-])cc2)cc1)C[*]=O,276.15,train
698ddbe96c00d07d5428cad8,[*]Oc1ccc(OC(=O)c2ccc(C[*]=O)cc2Sc2ccccc2)cc1C,403.15,val
698ddbe96c00d07d5428cad9,[*]Oc1ccc(OC(=O)c2ccc(C[*]=O)cc2Sc2ccccc2)cc1-c1ccccc1,403.15,train
698ddbe96c00d07d5428cada,[*]OC(C)C(=O)OCC[*]=O,316.15,train
698ddbe96c00d07d5428cadb,[*]Oc1ccc(-c2ccc(OC(=O)c3ccc(-c4ccc(C[*]=O)cc4)cc3-c3ccccc3)cc2)cc1,441.15,val
698ddbe96c00d07d5428cadc,[*]Oc1ccc(OC(=O)c2ccc(-c3ccc(C[*]=O)cc3)cc2-c2ccccc2)cc1,413.15,train
698ddbe96c00d07d5428cadd,[*]Oc1ccc(OC(=O)c2ccc(-c3ccc(C[*]=O)cc3)cc2-c2ccccc2)c2ccccc12,438.15,test
698ddbe96c00d07d5428cade,[*]Oc1ccc(OC(=O)c2ccc(-c3ccc(C[*]=O)cc3)cc2-c2ccccc2)cc1C,406.15,test
698ddbe96c00d07d5428cadf,[*]Oc1ccc(OC(=O)c2ccc(-c3ccc(C[*]=O)cc3)cc2-c2ccccc2)cc1-c1ccccc1,421.15,train
698ddbe96c00d07d5428cae0,[*]Oc1ccc(OC(=O)c2ccc(-c3ccc(C[*]=O)cc3)cc2-c2ccccc2)cc1C(C)(C)c1ccccc1,419.15,train
698ddbe96c00d07d5428cae1,[*]Oc1ccc2cc(OC(=O)c3ccc(-c4ccc(C[*]=O)cc4)cc3-c3ccccc3)ccc2c1,398.15,train
698ddbe96c00d07d5428cae2,[*]OC(COc1ccccc1)CC[*]=O,293.15,val
698ddbe96c00d07d5428cae3,[*]OC(CCOc1ccccc1)CC[*]=O,293.15,train
698ddbe96c00d07d5428cae4,[*]Oc1ccc(C(C)(C)c2ccc(OC(=O)c3ccccc3-c3ccccc3C[*]=O)cc2)cc1,434.15,val
698ddbe96c00d07d5428cae5,[*]CC(C)(CC)COC(=O)c1ccc(C(=O)O[*])cc1,336.15,train
698ddbe96c00d07d5428cae6,[*]CCCCCCCCCCn1c2ccccc2c2cc(/C=C(\C#N)C(=O)OCCCCCCOC(=O)/C(C#N)=C/c3ccc4c(c3)c3ccccc3n4[*])ccc21,367.65,train
698ddbe96c00d07d5428cae7,[*]CCCCCCCCCn1c2ccccc2c2cc(/C=C(\C#N)C(=O)OCCCCCCOC(=O)/C(C#N)=C/c3ccc4c(c3)c3ccccc3n4[*])ccc21,369.54999999999995,val
698ddbe96c00d07d5428cae8,[*]CCCCCCCCn1c2ccccc2c2cc(/C=C(\C#N)C(=O)OCCCCCCOC(=O)/C(C#N)=C/c3ccc4c(c3)c3ccccc3n4[*])ccc21,369.84999999999997,train
698ddbe96c00d07d5428cae9,[*]CCCCCCCn1c2ccccc2c2cc(/C=C(\C#N)C(=O)OCCCCCCOC(=O)/C(C#N)=C/c3ccc4c(c3)c3ccccc3n4[*])ccc21,380.95,train
698ddbe96c00d07d5428caea,[*]CCCCCCn1c2ccccc2c2cc(/C=C(\C#N)C(=O)OCCCCCCOC(=O)/C(C#N)=C/c3ccc4c(c3)c3ccccc3n4[*])ccc21,390.84999999999997,train
698ddbe96c00d07d5428caeb,[*]OC(CCCCCCC=C)CC[*]=O,223.14999999999998,train
698ddbe96c00d07d5428caec,[*]OC(CCc1ccccc1)CC[*]=O,291.15,test
698ddbe96c00d07d5428caed,[*]OC(CCCCC)CC[*]=O,240.14999999999998,train
698ddbe96c00d07d5428caee,[*]Oc1ccc(C(=O)OCCCCCCCOC(=O)c2ccc(OC(=O)c3ccc(C[*]=O)cc3)cc2)cc1,343.15,train
698ddbe96c00d07d5428caef,[*]Oc1ccc2cc(C[*]=O)ccc2c1,420.15,train
698ddbe96c00d07d5428caf0,[*]Oc1ccc(OC(=O)c2ccc(OC(=O)c3ccc(C(=O)Oc4ccc(C[*]=O)cc4)cc3)cc2)cc1,556.15,test
698ddbe96c00d07d5428caf1,[*]Oc1ccc(C[*]=O)cc1CCCCC,323.15,val
698ddbe96c00d07d5428caf2,[*]CCOC(=O)c1ccc(-c2ccc(-c3ccc(C(=O)O[*])cc3)cc2)cc1,453.15,val
698ddbe96c00d07d5428caf3,[*]CCCCOC(=O)c1ccc(-c2ccc(-c3ccc(C(=O)O[*])cc3)cc2)cc1,453.15,val
698ddbe96c00d07d5428caf4,[*]CCCCCOC(=O)c1ccc(-c2ccc(-c3ccc(C(=O)O[*])cc3)cc2)cc1,313.15,train
698ddbe96c00d07d5428caf5,[*]CCCCCCOC(=O)c1ccc(-c2ccc(-c3ccc(C(=O)O[*])cc3)cc2)cc1,333.15,train
698ddbe96c00d07d5428caf6,[*]CCCCCCCCCCOC(=O)c1ccc(-c2ccc(-c3ccc(C(=O)O[*])cc3)cc2)cc1,323.15,test
698ddbe96c00d07d5428caf7,[*]CC(CC)(CC)COC(=O)c1ccc(-c2ccc(-c3ccc(C(=O)O[*])cc3)cc2)cc1,253.14999999999998,train
698ddbe96c00d07d5428caf8,[*]CC(C)(C)COC(=O)c1ccc(-c2ccc(-c3ccc(C(=O)O[*])cc3)cc2)cc1,373.15,test
698ddbe96c00d07d5428caf9,[*]CCCCCOC(=O)c1ccc(/C=C/c2ccc(C(=O)O[*])cc2)cc1,333.15,train
698ddbe96c00d07d5428cafa,[*]CC(C)(C)COC(=O)c1ccc(/C=C/c2ccc(C(=O)O[*])cc2)cc1,353.15,train
698ddbe96c00d07d5428cafb,[*]CCCS(=O)(=O)CCCCS(=O)(=O)CCCOC(=O)c1ccccc1C(=O)O[*],322.15,train
698ddbe96c00d07d5428cafc,[*]CCCS(=O)(=O)CCCS(=O)(=O)CCCOC(=O)c1ccccc1C(=O)O[*],325.15,train
698ddbe96c00d07d5428cafd,[*]CCCS(=O)(=O)CCCCS(=O)(=O)CCCOC(=O)c1cccc(C(=O)O[*])c1,338.15,train
698ddbe96c00d07d5428cafe,[*]CCCS(=O)(=O)CCCS(=O)(=O)CCCOC(=O)c1cccc(C(=O)O[*])c1,340.15,train
698ddbe96c00d07d5428caff,[*]CC#CC#CCOC(=O)c1ccc(C(=O)O[*])cc1,416.15,test
698ddbe96c00d07d5428cb00,[*]CCC(C)CC(=O)O[*],201.64999999999998,train
698ddbe96c00d07d5428cb01,[*]C(=O)OCCOC(=O)c1ccc(C(=O)OCCOC(=O)N2CCN[*]CC2)cc1,326.15,train
698ddbe96c00d07d5428cb02,[*]Oc1ccc(OC(=O)c2ccc(C[*]=O)cc2Oc2ccccc2)cc1,378.15,train
698ddbe96c00d07d5428cb03,[*]Oc1ccc(OC(=O)c2ccc(C[*]=O)cc2Oc2ccc(Cl)cc2)cc1,380.15,val
698ddbe96c00d07d5428cb04,[*]Oc1ccc(OC(=O)c2ccc(C[*]=O)cc2Oc2ccc(-c3ccccc3)cc2)cc1,390.15,train
698ddbe96c00d07d5428cb05,[*]Oc1ccc(OC(=O)c2ccc(C[*]=O)cc2Oc2ccc(Br)cc2)cc1,381.15,train
698ddbe96c00d07d5428cb06,[*]Oc1ccc(OC(=O)c2ccc(C[*]=O)cc2Oc2ccc(F)cc2)cc1,379.15,train
698ddbe96c00d07d5428cb07,[*]Oc1ccc(OC(=O)c2ccc(C[*]=O)cc2Oc2ccc(C(C)(C)c3ccccc3)cc2)cc1,366.15,train
698ddbe96c00d07d5428cb08,[*]Oc1ccc(OC(=O)c2ccc(C[*]=O)cc2Oc2ccc(Oc3ccccc3)cc2)cc1,356.15,train
698ddbe96c00d07d5428cb09,[*]Oc1ccc(OC(=O)c2ccc(C[*]=O)cc2Oc2ccc(C3CCCCC3)cc2)cc1,386.15,test
698ddbe96c00d07d5428cb0a,[*]Oc1ccc(OC(=O)Oc2ccc(C[*]=O)cc2)cc1,347.15,val
698ddbe96c00d07d5428cb0b,[*]OC1CCC(OC(=O)C[*]=O)CC1,412.75,train
698ddbe96c00d07d5428cb0c,[*]Oc1ccc(-c2ccc(OC(=O)c3cc(OCCCCCC)c(C[*]=O)cc3OCCCCCC)cc2)cc1,386.15,train
698ddbe96c00d07d5428cb0d,[*]Oc1ccc(C(=O)Nc2ccc(C(c3ccc(NC(=O)c4ccc(OC(=O)c5ccc(C[*]=O)cc5)cc4)cc3)(C(F)(F)F)C(F)(F)F)cc2)cc1,539.15,train
698ddbe96c00d07d5428cb0e,[*]Oc1ccc(C(=O)Nc2ccc(C(c3ccc(NC(=O)c4ccc(OC(=O)c5cccc(C[*]=O)c5)cc4)cc3)(C(F)(F)F)C(F)(F)F)cc2)cc1,500.15,train
698ddbe96c00d07d5428cb0f,[*]Oc1ccc(C(=O)Nc2cc(C(c3ccc(C)c(NC(=O)c4ccc(OC(=O)c5ccc(C[*]=O)cc5)cc4)c3)(C(F)(F)F)C(F)(F)F)ccc2C)cc1,486.15,test
698ddbe96c00d07d5428cb10,[*]Oc1ccc(C(=O)Nc2cc(C(c3ccc(C)c(NC(=O)c4ccc(OC(=O)c5cccc(C[*]=O)c5)cc4)c3)(C(F)(F)F)C(F)(F)F)ccc2C)cc1,487.15,train
698ddbe96c00d07d5428cb11,[*]Oc1ccc(C(C)(C)c2ccc(OC(=O)c3ccc4c(c3)C(C)(c3ccc(C[*]=O)cc3)CC4(C)C)cc2)cc1,538.15,test
698ddbe96c00d07d5428cb12,[*]Oc1ccc(C2(c3ccc(OC(=O)c4ccc(C[*]=O)cc4)cc3)CC3CC2C2CCCC32)cc1,595.15,train
698ddbe96c00d07d5428cb13,[*]Oc1c(Br)cc(C(C)(C)c2cc(Br)c(OC(=O)c3cccc(C[*]=O)c3)c(Br)c2)cc1Br,388.15,train
698ddbe96c00d07d5428cb14,[*]c1cc(Br)c(OC(=O)c2ccc(C(=O)Oc3c(Br)cc(C4[*]OC(=O)c5ccccc54)cc3Br)cc2)c(Br)c1,592.15,train
698ddbe96c00d07d5428cb15,[*]CCCCCCS(=O)(=O)c1ccc(/N=N/c2ccc(N(C)CCCCCC(=O)O[*])cc2)cc1,333.65,test
698ddbe96c00d07d5428cb16,[*]CCCS(=O)(=O)c1ccc(/N=N/c2ccc(N(CCCC)CC(=O)O[*])cc2)cc1,365.54999999999995,test
698ddbe96c00d07d5428cb17,[*]Oc1ccc(/C=C2\CC/C(=C\c3ccc(OC(=O)c4ccc(/N=C/c5ccc(/C=N/c6ccc(C[*]=O)cc6)cc5)cc4)cc3)C2=O)cc1,478.15,train
698ddbe96c00d07d5428cb18,[*]Oc1ccc(/C=C2\CC/C(=C\c3ccc(OC(=O)c4ccc(/N=C/c5ccc(/C=N/c6ccc(C[*]=O)cc6)cc5)cc4)c(OC)c3)C2=O)cc1OC,413.15,train
698ddbe96c00d07d5428cb19,[*]Oc1ccc(C(C)(c2ccccc2)c2ccc(OC(=O)c3ccccc3-c3ccccc3C[*]=O)cc2)cc1,445.15,train
698ddbe96c00d07d5428cb1a,[*]CCOC(=O)c1ccc(/C(C#N)=C(\c2ccc(OC)cc2)N2CCC[*]CC2)cc1,440.15,train
698ddbe96c00d07d5428cb1b,[*]COC(=O)c1ccc(/C(C#N)=C(\c2ccc(OC)cc2)N2CCCC[*]C2)cc1,449.15,train
698ddbe96c00d07d5428cb1c,[*]/C(=C(\C#N)c1ccc(C(=O)OC2CCN[*]CC2)cc1)c1ccc(OC)cc1,456.15,train
698ddbe96c00d07d5428cb1d,[*]CCCCCCCCCCOC(=O)CC/C=C/CCC(=O)O[*],258.15,train
698ddbe96c00d07d5428cb1e,[*]CCCCCCCCCCCCCCCCOC(=O)CC/C=C/CCC(=O)O[*],255.14999999999998,train
698ddbe96c00d07d5428cb1f,[*]CCCCCCCCCCCCCCCCOC(=O)C/C=C/CC(=O)O[*],251.14999999999998,train
698ddbe96c00d07d5428cb20,[*]CC(CCCCCCOc1ccc(/N=N/c2ccc(C#N)cc2)cc1)COC(=O)CCCCCCCCCCCCC(=O)O[*],294.65,train
698ddbe96c00d07d5428cb21,[*]Oc1ccc(C2(c3ccc(OC(=O)CCC[*]=O)cc3)c3cc(N(C)C)ccc3-c3ccc([N+](=O)[O-])cc32)cc1,488.15,train
698ddbe96c00d07d5428cb22,[*]Oc1ccc(C2(c3ccc(OC(=O)CCCC[*]=O)cc3)c3cc(N(C)C)ccc3-c3ccc([N+](=O)[O-])cc32)cc1,454.15,train
698ddbe96c00d07d5428cb23,[*]Oc1ccc(C2(c3ccc(OC(=O)CCCCC[*]=O)cc3)c3cc(N(C)C)ccc3-c3ccc([N+](=O)[O-])cc32)cc1,423.15,test
698ddbe96c00d07d5428cb24,[*]Oc1ccc(C2(c3ccc(OC(=O)CCC[*]=O)cc3)c3cc(OC)ccc3-c3ccc([N+](=O)[O-])cc32)cc1,503.15,test
698ddbe96c00d07d5428cb25,[*]Oc1ccc(C2(c3ccc(OC(=O)CCCC[*]=O)cc3)c3cc(OC)ccc3-c3ccc([N+](=O)[O-])cc32)cc1,470.15,train
698ddbe96c00d07d5428cb26,[*]Oc1cc(C(C)(C)c2ccccc2)c(OC(=O)c2cccc(C[*]=O)c2)cc1C(C)(C)c1ccccc1,453.15,train
698ddbe96c00d07d5428cb27,[*]Oc1cc(C(C)(C)c2ccccc2)c(OC(=O)c2ccc(C[*]=O)cc2)cc1C(C)(C)c1ccccc1,443.15,train
698ddbe96c00d07d5428cb28,[*]Oc1ccc2c(c1)C1(CC2(C)C)CC(C)(C)c2ccc(OC(=O)c3ccc(C[*]=O)cc3)cc21,563.15,train
698ddbe96c00d07d5428cb29,[*]Oc1ccc2c(c1)C1(CC2(C)C)CC(C)(C)c2ccc(OC(=O)c3cccc(C[*]=O)c3)cc21,518.15,test
698ddbe96c00d07d5428cb2a,[*]Oc1ccc(/C=C2\CCC/C(=C\c3ccc(OC(=O)c4cccc(C[*]=O)c4)c(OC)c3)C2=O)cc1OC,331.01,train
698ddbe96c00d07d5428cb2b,[*]Oc1ccc(/C=C2\CCC/C(=C\c3ccc(OC(=O)CCCCCCCCC[*]=O)c(OC)c3)C2=O)cc1OC,321.2,val
698ddbe96c00d07d5428cb2c,[*]Oc1ccc(CC(NC(=O)CCc2ccc(OC(=O)CCCCC[*]=O)cc2)C(=O)OCC)cc1,334.15,train
698ddbe96c00d07d5428cb2d,[*]Oc1ccc(CC(NC(=O)CCc2ccc(OC(=O)CCCCC[*]=O)cc2)C(=O)OCCCCCC)cc1,310.875,train
698ddbe96c00d07d5428cb2e,[*]Oc1ccc(CC(NC(=O)CCc2ccc(OC(=O)CCCCC[*]=O)cc2)C(=O)OCCCCCCCC)cc1,301.15,test
698ddbe96c00d07d5428cb2f,[*]Oc1ccc(CC(NC(=O)CCc2ccc(OC(=O)CCC[*]=O)cc2)C(=O)OCCCCCC)cc1,326.15,train
698ddbe96c00d07d5428cb30,[*]Oc1ccc(CC(NC(=O)CCc2ccc(OC(=O)CCCCCCCCC[*]=O)cc2)C(=O)OCCCCCC)cc1,295.15,train
698ddbe96c00d07d5428cb31,[*]CCCCOC(=O)c1ccc(N/C=N/c2ccc(C(=O)O[*])cc2)cc1,364.15,test
698ddbe96c00d07d5428cb32,[*]Oc1ccc(C(C)(C)c2ccc(OC(=O)c3ccc([Si](C)(C)c4ccc(C[*]=O)cc4)cc3)cc2)cc1,453.15,train
698ddbe96c00d07d5428cb33,[*]Oc1ccc(S(=O)(=O)c2ccc(OC(=O)c3ccc([Si](C)(C)c4ccc(C[*]=O)cc4)cc3)cc2)cc1,508.15,train
698ddbe96c00d07d5428cb34,[*]c1ccc(OC(=O)c2ccc([Si](C)(C)c3ccc(C(=O)Oc4ccc(C5[*]OC(=O)c6ccccc65)cc4)cc3)cc2)cc1,487.15,test
698ddbe96c00d07d5428cb35,[*]Oc1ccc(C(C)(C)c2ccc(OC(=O)c3ccc([Si](c4ccccc4)(c4ccccc4)c4ccc(C[*]=O)cc4)cc3)cc2)cc1,568.15,test
698ddbe96c00d07d5428cb36,[*]Oc1ccc(S(=O)(=O)c2ccc(OC(=O)c3ccc([Si](c4ccccc4)(c4ccccc4)c4ccc(C[*]=O)cc4)cc3)cc2)cc1,523.15,val
698ddbe96c00d07d5428cb37,[*]c1ccc(OC(=O)c2ccc([Si](c3ccccc3)(c3ccccc3)c3ccc(C(=O)Oc4ccc(C5[*]OC(=O)c6ccccc65)cc4)cc3)cc2)cc1,523.15,train
698ddbe96c00d07d5428cb38,[*]Oc1ccc(NC(=O)c2ccc([Si](C)(C)c3ccc(C[*]=O)cc3)cc2)cc1,493.15,train
698ddbe96c00d07d5428cb39,[*]Oc1cccc(NC(=O)c2ccc([Si](C)(C)c3ccc(C[*]=O)cc3)cc2)c1,493.15,test
698ddbe96c00d07d5428cb3a,[*]Oc1ccc(NC(=O)c2ccc([Si](c3ccccc3)(c3ccccc3)c3ccc(C[*]=O)cc3)cc2)cc1,508.15,train
698ddbe96c00d07d5428cb3b,[*]Oc1cccc(OC(=O)c2ccc(OC(=O)c3cccc(C(=O)Oc4ccc(C[*]=O)cc4)c3)cc2)c1,431.15,val
698ddbe96c00d07d5428cb3c,[*]C(=O)Oc1ccc(C(=O)Oc2cccc(OC(=O)c3ccc(OC(=O)c4ccc[*]nc4)cc3)c2)cc1,383.15,train
698ddbe96c00d07d5428cb3d,[*]c1ccc(OC(=O)c2ccc([Si](C)(C)c3ccc(C(=O)Oc4ccc(C5[*]c6ccccc6C(=O)N5c5ccccc5)cc4)cc3)cc2)cc1,528.15,train
698ddbe96c00d07d5428cb3e,[*]Oc1ccc(OC(=O)c2cc(OCCCc3ccccc3)c(C[*]=O)cc2OCCCc2ccccc2)cc1C,364.15,train
698ddbe96c00d07d5428cb3f,[*]Oc1ccc(-c2ccc(OC(=O)c3cc(OCCCc4ccccc4)c(C[*]=O)cc3OCCCc3ccccc3)cc2)cc1,345.15,test
698ddbe96c00d07d5428cb40,[*]Oc1ccc(OC(=O)c2cc(OCCCCCCCCCCCC)c(C[*]=O)cc2OCCCCCCCCCCCC)cc1C,385.15,test
698ddbe96c00d07d5428cb41,[*]Oc1ccc(OC(=O)c2cc(OCCCCCCCCCCCC)c(C[*]=O)cc2OCCCCCCCCCCCC)cc1-c1ccccc1,369.15,train
698ddbe96c00d07d5428cb42,[*]Oc1ccc(-c2ccc(OC(=O)c3ccc(C(=O)c4ccc(C[*]=O)cc4)cc3)c(-c3ccccc3)c2)cc1-c1ccccc1,457.65,train
698ddbe96c00d07d5428cb43,[*]Oc1ccc(C(C)(C)c2ccc(OC(=O)c3ccc(C(c4ccc(C[*]=O)cc4)(C(F)(F)F)C(F)(F)F)cc3)cc2)cc1,397.15,train
698ddbe96c00d07d5428cb44,[*]Oc1ccc(C(c2ccc(OC(=O)c3ccc(C(c4ccc(C[*]=O)cc4)(C(F)(F)F)C(F)(F)F)cc3)cc2)(C(F)(F)F)C(F)(F)F)cc1,408.15,train
698ddbe96c00d07d5428cb45,[*]Oc1ccc(CC(NC(=O)CCc2ccc(OC(=O)CCC[*]=O)cc2)C(=O)OCC)cc1,351.15,train
698ddbe96c00d07d5428cb46,[*]Oc1ccc(CC(NC(=O)CCc2ccc(OC(=O)CCC[*]=O)cc2)C(=O)OCCCC)cc1,340.15,train
698ddbe96c00d07d5428cb47,[*]Oc1ccc(CC(NC(=O)CCc2ccc(OC(=O)CCC[*]=O)cc2)C(=O)OCCCCCCCC)cc1,321.15,test
698ddbe96c00d07d5428cb48,[*]Oc1ccc(CC(NC(=O)CCc2ccc(OC(=O)CCCCC[*]=O)cc2)C(=O)OCCCC)cc1,319.15,train
698ddbe96c00d07d5428cb49,[*]Oc1ccc(CC(NC(=O)CCc2ccc(OC(=O)CCCCCCC[*]=O)cc2)C(=O)OCC)cc1,323.15,train
698ddbe96c00d07d5428cb4a,[*]Oc1ccc(CC(NC(=O)CCc2ccc(OC(=O)CCCCCCC[*]=O)cc2)C(=O)OCCCC)cc1,310.15,test
698ddbe96c00d07d5428cb4b,[*]Oc1ccc(CC(NC(=O)CCc2ccc(OC(=O)CCCCCCC[*]=O)cc2)C(=O)OCCCCCC)cc1,300.15,train
698ddbe96c00d07d5428cb4c,[*]Oc1ccc(CC(NC(=O)CCc2ccc(OC(=O)CCCCCCC[*]=O)cc2)C(=O)OCCCCCCCC)cc1,295.15,test
698ddbe96c00d07d5428cb4d,[*]Oc1ccc(CC(NC(=O)CCc2ccc(OC(=O)CCCCCCCCC[*]=O)cc2)C(=O)OCC)cc1,317.15,train
698ddbe96c00d07d5428cb4e,[*]Oc1ccc(CC(NC(=O)CCc2ccc(OC(=O)CCCCCCCCC[*]=O)cc2)C(=O)OCCCC)cc1,303.15,train
698ddbe96c00d07d5428cb4f,[*]Oc1ccc(CC(NC(=O)CCc2ccc(OC(=O)CCCCCCCCC[*]=O)cc2)C(=O)OCCCCCCCC)cc1,288.65,train
698ddbe96c00d07d5428cb50,[*]/C=C/c1c(OC(=O)c2ccc(C(=O)Oc3ccc4ccccc4c3/C=C/c3cccc[*]n3)cc2)ccc2ccccc12,418.15,train
698ddbe96c00d07d5428cb51,[*]/C=C/c1c(OC(=O)c2ccc(C(=O)Oc3cccc4ccc[*]nc34)cc2)ccc2ccccc12,448.15,train
698ddbe96c00d07d5428cb52,[*]/C=C/c1ccc(OC(=O)c2ccc(C(=O)Oc3cccc4ccc[*]nc34)cc2)cc1,385.15,train
698ddbe96c00d07d5428cb53,[*]CCN(CCOC(=O)c1ccc([Si](C)(C)c2ccc(C(=O)O[*])cc2)cc1)c1ccc(/C=C/c2ccc([N+](=O)[O-])cc2)cc1,400.15,train
698ddbe96c00d07d5428cb54,[*]Oc1ccc(CC(NC(=O)CCc2ccc(OC(=O)CCC[*]=O)cc2)C(=O)OC)cc1,364.65,train
698ddbe96c00d07d5428cb55,[*]Oc1ccc(CC(NC(=O)CCc2ccc(OC(=O)CCC[*]=O)cc2)C(=O)OCCCCCCCCCCCC)cc1,313.15,train
698ddbe96c00d07d5428cb56,[*]Oc1ccc(CC(NC(=O)CCc2ccc(OC(=O)CCCC[*]=O)cc2)C(=O)OC)cc1,349.15,train
698ddbe96c00d07d5428cb57,[*]Oc1ccc(CC(NC(=O)CCc2ccc(OC(=O)CCCC[*]=O)cc2)C(=O)OCC)cc1,343.15,test
698ddbe96c00d07d5428cb58,[*]Oc1ccc(CC(NC(=O)CCc2ccc(OC(=O)CCCC[*]=O)cc2)C(=O)OCCCC)cc1,329.15,train
698ddbe96c00d07d5428cb59,[*]Oc1ccc(CC(NC(=O)CCc2ccc(OC(=O)CCCC[*]=O)cc2)C(=O)OCCCCCC)cc1,316.15,test
698ddbe96c00d07d5428cb5a,[*]Oc1ccc(CC(NC(=O)CCc2ccc(OC(=O)CCCC[*]=O)cc2)C(=O)OCCCCCCCC)cc1,305.65,train
698ddbe96c00d07d5428cb5b,[*]Oc1ccc(CC(NC(=O)CCc2ccc(OC(=O)CCCC[*]=O)cc2)C(=O)OCCCCCCCCCCCC)cc1,300.65,train
698ddbe96c00d07d5428cb5c,[*]Oc1ccc(CC(NC(=O)CCc2ccc(OC(=O)CCCCC[*]=O)cc2)C(=O)OC)cc1,343.15,train
698ddbe96c00d07d5428cb5d,[*]Oc1ccc(CC(NC(=O)CCc2ccc(OC(=O)CCCCC[*]=O)cc2)C(=O)OCCCCCCCCCCCC)cc1,295.15,train
698ddbe96c00d07d5428cb5e,[*]Oc1ccc(CC(NC(=O)CCc2ccc(OC(=O)CCCCCCC[*]=O)cc2)C(=O)OC)cc1,328.65,train
698ddbe96c00d07d5428cb5f,[*]Oc1ccc(CC(NC(=O)CCc2ccc(OC(=O)CCCCCCC[*]=O)cc2)C(=O)OCCCCCCCCCCCC)cc1,288.15,train
698ddbe96c00d07d5428cb60,[*]Oc1ccc(CC(NC(=O)CCc2ccc(OC(=O)CCCCCCCCC[*]=O)cc2)C(=O)OC)cc1,320.15,train
698ddbe96c00d07d5428cb61,[*]Oc1ccc(CC(NC(=O)CCc2ccc(OC(=O)CCCCCCCCC[*]=O)cc2)C(=O)OCCCCCCCCCCCC)cc1,285.65,train
698ddbe96c00d07d5428cb62,[*]CCN(CCOC(=O)CCCCC(=O)O[*])c1ccc(/C=N/N(c2ccccc2)c2ccccc2)cc1,327.15,train
698ddbe96c00d07d5428cb63,[*]CCCCCCCCCOC(=O)c1ccc(-c2ccc(C(=O)O[*])cc2)cc1,323.65,test
698ddbe96c00d07d5428cb64,[*]CCCCCCCCCCCOC(=O)c1ccc(-c2ccc(C(=O)O[*])cc2)cc1,322.15,train
698ddbe96c00d07d5428cb65,[*]CCCCCCCCCCCCOC(=O)c1ccc(-c2ccc(C(=O)O[*])cc2)cc1,323.65,train
698ddbe96c00d07d5428cb66,[*]CCCCCCCOC(=O)c1ccc2cc(C(=O)O[*])ccc2c1,325.65,train
698ddbe96c00d07d5428cb67,[*]CCCCCCCCOC(=O)c1ccc2cc(C(=O)O[*])ccc2c1,333.15,test
698ddbe96c00d07d5428cb68,[*]CCCCCCCCCOC(=O)c1ccc2cc(C(=O)O[*])ccc2c1,323.15,train
698ddbe96c00d07d5428cb69,[*]CCCCCCCCCCCOC(=O)c1ccc2cc(C(=O)O[*])ccc2c1,316.15,val
698ddbe96c00d07d5428cb6a,[*]CCCCCCCCCCCCOC(=O)c1ccc2cc(C(=O)O[*])ccc2c1,318.15,train
698ddbe96c00d07d5428cb6b,[*]Oc1ccc(OC(=O)c2ccc(C[*]=O)cc2)cc1C1CCCCCCC1,486.15,train
698ddbe96c00d07d5428cb6c,[*]CC(=O)NC(C)C(=O)O[*],327.75,train
698ddbe96c00d07d5428cb6d,[*]OC(C)C(=O)NC(C)C[*]=O,330.79999999999995,train
698ddbe96c00d07d5428cb6e,[*]Oc1ccc(-c2ccc(OC(=O)c3ccc(-c4ccc(C[*]=O)cc4C(F)(F)F)c(C(F)(F)F)c3)cc2C(=O)OCCCCCCCCCCCOc2ccc(-c3ccc(C#N)cc3)cc2)c(C(=O)OCCCCCCCCCCCOc2ccc(-c3ccc(C#N)cc3)cc2)c1,323.15,train
698ddbe96c00d07d5428cb6f,[*]Oc1ccc(C(=O)NNC(=O)c2ccc(C(=O)NNC(=O)c3ccc(OC(=O)c4cccc(C[*]=O)c4)cc3)cc2)cc1,448.15,train
698ddbe96c00d07d5428cb70,[*]Oc1ccc(C(=O)NNC(=O)c2cccc(C(=O)NNC(=O)c3ccc(OC(=O)c4cccc(C[*]=O)c4)cc3)c2)cc1,453.15,train
698ddbe96c00d07d5428cb71,[*]Oc1ccc(C(=O)NNC(=O)c2ccc(C(=O)NNC(=O)c3ccc(OC(=O)c4cccc(C[*]=O)c4)cc3)cc2Oc2ccccc2)cc1,433.15,val
698ddbe96c00d07d5428cb72,[*]CCOC(=O)C1C2C=CC(C2)C1C(=O)O[*],273.15,train
698ddbe96c00d07d5428cb73,[*]CC#C/C(C#CCOC(=O)CCCCCCCCC(=O)O[*])=C\c1ccc(C#Cc2ccc(C=C(C#Cc3ccccc3)C#Cc3ccccc3)cc2)cc1,333.15,train
698ddbe96c00d07d5428cb74,[*]CC#C/C(C#CCOC(=O)CCCCCCCCC(=O)O[*])=C\c1ccc(C#Cc2ccccc2)cc1,333.15,train
698ddbe96c00d07d5428cb75,[*]CC#C/C(C#CCOC(=O)CCCCCCCCC(=O)O[*])=C\c1ccc(C#Cc2ccc([N+](=O)[O-])cc2)cc1,333.15,train
698ddbe96c00d07d5428cb76,[*]Oc1ccc(/N=N/c2ccc(Cc3ccc(/N=N/c4ccc(OC(=O)c5ccc(C[*]=O)cc5)cc4)cc3[N+](=O)[O-])c([N+](=O)[O-])c2)cc1,471.15,train
698ddbe96c00d07d5428cb77,[*]Oc1ccc(/N=N/c2c(C)cc(Cc3cc(C)c(/N=N/c4ccc(OC(=O)c5ccc(C[*]=O)cc5)cc4)c(C)c3[N+](=O)[O-])c([N+](=O)[O-])c2C)cc1,476.15,val
698ddbe96c00d07d5428cb78,[*]Oc1ccc(CC(NC(=O)CCc2ccc(OC(=O)CCC[*]=O)cc2)C(=O)OCc2ccccc2)cc1,351.15,train
698ddbe96c00d07d5428cb79,[*]Oc1ccc(CC(NC(=O)CCc2ccc(OC(=O)CCC[*]=O)cc2)C(=O)OCCOCCOCC)cc1,307.15,train
698ddbe96c00d07d5428cb7a,[*]Oc1ccc(CC(NC(=O)CCc2ccc(OC(=O)CCC[*]=O)cc2)C(=O)OCC(C)C)cc1,348.15,test
698ddbe96c00d07d5428cb7b,[*]Oc1ccc(CC(NC(=O)CCc2ccc(OC(=O)CCC[*]=O)cc2)C(=O)OC(C)C)cc1,355.15,train
698ddbe96c00d07d5428cb7c,[*]Oc1ccc(CC(NC(=O)CCc2ccc(OC(=O)CCC[*]=O)cc2)C(=O)OC(C)CC)cc1,348.15,val
698ddbe96c00d07d5428cb7d,[*]Oc1ccc(CC(NC(=O)CCc2ccc(OC(=O)CCCCCCCCC[*]=O)cc2)C(=O)OCc2ccccc2)cc1,315.15,train
698ddbe96c00d07d5428cb7e,[*]Oc1ccc(CC(NC(=O)CCc2ccc(OC(=O)CCCCCCCCC[*]=O)cc2)C(=O)OCCOCCOCC)cc1,275.15,train
698ddbe96c00d07d5428cb7f,[*]Oc1ccc(CC(NC(=O)CCc2ccc(OC(=O)CCCCCCCCC[*]=O)cc2)C(=O)OCC(C)C)cc1,306.15,test
698ddbe96c00d07d5428cb80,[*]Oc1ccc(CC(NC(=O)CCc2ccc(OC(=O)CCCCCCCCC[*]=O)cc2)C(=O)OC(C)C)cc1,317.15,train
698ddbe96c00d07d5428cb81,[*]Oc1ccc(CC(NC(=O)CCc2ccc(OC(=O)CCCCCCCCC[*]=O)cc2)C(=O)OC(C)CC)cc1,309.15,train
698ddbe96c00d07d5428cb82,[*]Oc1ccc(CC(NC(=O)CCc2ccc(OC(=O)CCCC[*]=O)cc2)C(=O)OCc2ccccc2)cc1,339.15,train
698ddbe96c00d07d5428cb83,[*]Oc1ccc(CC(NC(=O)CCc2ccc(OC(=O)CCCC[*]=O)cc2)C(=O)OCCOCCOCC)cc1,294.15,train
698ddbe96c00d07d5428cb84,[*]Oc1ccc(CC(NC(=O)CCc2ccc(OC(=O)CCCC[*]=O)cc2)C(=O)OCC(C)C)cc1,335.15,train
698ddbe96c00d07d5428cb85,[*]Oc1ccc(CC(NC(=O)CCc2ccc(OC(=O)CCCC[*]=O)cc2)C(=O)OC(C)C)cc1,341.15,test
698ddbe96c00d07d5428cb86,[*]Oc1ccc(CC(NC(=O)CCc2ccc(OC(=O)CCCC[*]=O)cc2)C(=O)OC(C)CC)cc1,325.15,test
698ddbe96c00d07d5428cb87,[*]Oc1ccc(CC(NC(=O)CCc2ccc(OC(=O)CCCCC[*]=O)cc2)C(=O)OCc2ccccc2)cc1,327.65,test
698ddbe96c00d07d5428cb88,[*]Oc1ccc(CC(NC(=O)CCc2ccc(OC(=O)CCCCC[*]=O)cc2)C(=O)OCCOCCOCC)cc1,288.15,test
698ddbe96c00d07d5428cb89,[*]Oc1ccc(CC(NC(=O)CCc2ccc(OC(=O)CCCCC[*]=O)cc2)C(=O)OCC(C)C)cc1,329.15,train
698ddbe96c00d07d5428cb8a,[*]Oc1ccc(CC(NC(=O)CCc2ccc(OC(=O)CCCCC[*]=O)cc2)C(=O)OC(C)C)cc1,329.65,train
698ddbe96c00d07d5428cb8b,[*]Oc1ccc(CC(NC(=O)CCc2ccc(OC(=O)CCCCC[*]=O)cc2)C(=O)OC(C)CC)cc1,323.15,train
698ddbe96c00d07d5428cb8c,[*]Oc1ccc(CC(NC(=O)CCc2ccc(OC(=O)CCCCCCC[*]=O)cc2)C(=O)OCc2ccccc2)cc1,320.15,train
698ddbe96c00d07d5428cb8d,[*]Oc1ccc(CC(NC(=O)CCc2ccc(OC(=O)CCCCCCC[*]=O)cc2)C(=O)OCCOCCOCC)cc1,279.15,val
698ddbe96c00d07d5428cb8e,[*]Oc1ccc(CC(NC(=O)CCc2ccc(OC(=O)CCCCCCC[*]=O)cc2)C(=O)OCC(C)C)cc1,315.15,train
698ddbe96c00d07d5428cb8f,[*]Oc1ccc(CC(NC(=O)CCc2ccc(OC(=O)CCCCCCC[*]=O)cc2)C(=O)OC(C)C)cc1,319.15,test
698ddbe96c00d07d5428cb90,[*]Oc1ccc(CC(NC(=O)CCc2ccc(OC(=O)CCCCCCC[*]=O)cc2)C(=O)OC(C)CC)cc1,319.15,train
698ddbe96c00d07d5428cb91,[*]Oc1ccc(CC(NC(=O)Cc2ccc(OC(=O)CCC[*]=O)cc2)C(=O)OCC)cc1,348.65,train
698ddbe96c00d07d5428cb92,[*]Oc1ccc(CC(NC(=O)Cc2ccc(OC(=O)CCC[*]=O)cc2)C(=O)OCCCCCC)cc1,332.15,train
698ddbe96c00d07d5428cb93,[*]Oc1ccc(CC(NC(=O)Cc2ccc(OC(=O)CCC[*]=O)cc2)C(=O)OCCCCCCCC)cc1,324.15,train
698ddbe96c00d07d5428cb94,[*]Oc1ccc(CC(NC(=O)Cc2ccc(OC(=O)CCCCC[*]=O)cc2)C(=O)OCC)cc1,336.15,train
698ddbe96c00d07d5428cb95,[*]Oc1ccc(CC(NC(=O)Cc2ccc(OC(=O)CCCCC[*]=O)cc2)C(=O)OCCCCCC)cc1,309.15,train
698ddbe96c00d07d5428cb96,[*]Oc1ccc(CC(NC(=O)Cc2ccc(OC(=O)CCCCC[*]=O)cc2)C(=O)OCCCCCCCC)cc1,301.15,train
698ddbe96c00d07d5428cb97,[*]Oc1ccc(CC(NC(=O)Cc2ccc(OC(=O)CC(C)CCC[*]=O)cc2)C(=O)OCC)cc1,336.15,val
698ddbe96c00d07d5428cb98,[*]Oc1ccc(CC(NC(=O)Cc2ccc(OC(=O)CC(C)CCC[*]=O)cc2)C(=O)OCCCCCC)cc1,311.15,train
698ddbe96c00d07d5428cb99,[*]Oc1ccc(CC(NC(=O)Cc2ccc(OC(=O)CC(C)CCC[*]=O)cc2)C(=O)OCCCCCCCC)cc1,303.15,train
698ddbe96c00d07d5428cb9a,[*]Oc1ccc(CC(NC(=O)Cc2ccc(OC(=O)CCCCCCC[*]=O)cc2)C(=O)OCC)cc1,327.15,train
698ddbe96c00d07d5428cb9b,[*]Oc1ccc(CC(NC(=O)Cc2ccc(OC(=O)CCCCCCC[*]=O)cc2)C(=O)OCCCCCC)cc1,300.15,train
698ddbe96c00d07d5428cb9c,[*]Oc1ccc(CC(NC(=O)Cc2ccc(OC(=O)CCCCCCC[*]=O)cc2)C(=O)OCCCCCCCC)cc1,295.15,val
698ddbe96c00d07d5428cb9d,[*]Oc1ccc(CC(NC(=O)Cc2ccc(OC(=O)CCCCCCCCC[*]=O)cc2)C(=O)OCC)cc1,316.15,train
698ddbe96c00d07d5428cb9e,[*]Oc1ccc(CC(NC(=O)Cc2ccc(OC(=O)CCCCCCCCC[*]=O)cc2)C(=O)OCCCCCC)cc1,296.15,train
698ddbe96c00d07d5428cb9f,[*]Oc1ccc(CC(NC(=O)Cc2ccc(OC(=O)CCCCCCCCC[*]=O)cc2)C(=O)OCCCCCCCC)cc1,289.15,train
698ddbe96c00d07d5428cba0,[*]Oc1ccc(CC(NC(=O)Cc2ccc(OC(=O)CCCC[*]=O)cc2)C(=O)OCC)cc1,338.15,train
698ddbe96c00d07d5428cba1,[*]Oc1ccc(CC(NC(=O)Cc2ccc(OC(=O)CCCC[*]=O)cc2)C(=O)OCCCCCC)cc1,315.15,train
698ddbe96c00d07d5428cba2,[*]Oc1ccc(CC(NC(=O)Cc2ccc(OC(=O)CCCC[*]=O)cc2)C(=O)OCCCCCCCC)cc1,311.15,train
698ddbe96c00d07d5428cba3,[*]Oc1ccc(CCNC(=O)c2cccc(C(=O)NCCc3ccc(OC(=O)c4cccc(C[*]=O)c4)cc3)c2)cc1,420.15,test
698ddbe96c00d07d5428cba4,[*]Oc1ccc(CCNC(=O)c2cccc(C[*]=O)c2)cc1,425.15,test
698ddbe96c00d07d5428cba5,[*]CCN(CCOC(=O)c1ccc(C(=O)O[*])cc1)c1ccc(C=C(C#N)C#N)cc1,400.15,train
698ddbe96c00d07d5428cba6,[*]CCN(CCOC(=O)c1ccc(C(=O)O[*])c(OCCC)c1)c1ccc(-c2nc3ccc([N+](=O)[O-])cc3o2)cc1,392.15,train
698ddbe96c00d07d5428cba7,[*]CCN(CCOC(=O)c1ccc(C(=O)O[*])cc1)c1ccc(-c2nc3ccc([N+](=O)[O-])cc3o2)cc1,481.15,train
698ddbe96c00d07d5428cba8,[*]CCN(CCOC(=O)c1ccc(C(=O)O[*])c(OCCC)c1)c1ccc(C=C(C#N)C#N)cc1,367.15,train
698ddbe96c00d07d5428cba9,[*]OC(C)C#CC#CC(C)OC(=O)c1ccc(C[*]=O)cc1,406.15,val
698ddbe96c00d07d5428cbaa,[*]Oc1ccc(OC(=O)c2cc(OCCCCOCC3CCCN3c3ccc([N+](=O)[O-])cc3)c(C[*]=O)cc2OCCCCOCC2CCCN2c2ccc([N+](=O)[O-])cc2)cc1,341.15,train
698ddbe96c00d07d5428cbab,[*]Oc1ccc(OC(=O)c2cc(OCCCCCOCC3CCCN3c3ccc([N+](=O)[O-])cc3)c(C[*]=O)cc2OCCCCCOCC2CCCN2c2ccc([N+](=O)[O-])cc2)cc1,336.15,val
698ddbe96c00d07d5428cbac,[*]Oc1ccc(OC(=O)c2cc(OCCCCCCOCC3CCCN3c3ccc([N+](=O)[O-])cc3)c(C[*]=O)cc2OCCCCCCOCC2CCCN2c2ccc([N+](=O)[O-])cc2)cc1,329.15,val
698ddbe96c00d07d5428cbad,[*]Oc1ccc(OC(=O)c2cc(OCCCCCCCOCC3CCCN3c3ccc([N+](=O)[O-])cc3)c(C[*]=O)cc2OCCCCCCCOCC2CCCN2c2ccc([N+](=O)[O-])cc2)cc1,323.15,val
698ddbe96c00d07d5428cbae,[*]Oc1ccc(OC(=O)c2cc(OCCCCCCCCOCC3CCCN3c3ccc([N+](=O)[O-])cc3)c(C[*]=O)cc2OCCCCCCCCOCC2CCCN2c2ccc([N+](=O)[O-])cc2)cc1,314.15,train
698ddbe96c00d07d5428cbaf,[*]Oc1ccc(OC(=O)c2cc(OCCCCCCCCCOCC3CCCN3c3ccc([N+](=O)[O-])cc3)c(C[*]=O)cc2OCCCCCCCCCOCC2CCCN2c2ccc([N+](=O)[O-])cc2)cc1,307.15,train
698ddbe96c00d07d5428cbb0,[*]Oc1ccc(OC(=O)c2cc(OCCCCCCCCCCOCC3CCCN3c3ccc([N+](=O)[O-])cc3)c(C[*]=O)cc2OCCCCCCCCCCOCC2CCCN2c2ccc([N+](=O)[O-])cc2)cc1,303.15,train
698ddbe96c00d07d5428cbb1,[*]OC(C)COC(=O)/C=C/C[*]=O,259.15,train
698ddbe96c00d07d5428cbb2,[*]Oc1cc(OC(=O)c2ccc(OC)cc2)c(OC(=O)CCCCCCCCCCCCCCC[*]=O)cc1OC(=O)c1ccc(OC)cc1,306.15,train
698ddbe96c00d07d5428cbb3,[*]Oc1cc(OC(=O)c2ccc(OCC)cc2)c(OC(=O)CCCCCCCCCCCCCCC[*]=O)cc1OC(=O)c1ccc(OCC)cc1,304.15,train
698ddbe96c00d07d5428cbb4,[*]Oc1cc(OC(=O)c2ccc(OCCC)cc2)c(OC(=O)CCCCCCCCCCCCCCC[*]=O)cc1OC(=O)c1ccc(OCCC)cc1,291.15,train
698ddbe96c00d07d5428cbb5,[*]Oc1cc(OC(=O)c2ccc(OCCCC)cc2)c(OC(=O)CCCCCCCC[*]=O)cc1OC(=O)c1ccc(OCCCC)cc1,311.15,test
698ddbe96c00d07d5428cbb6,[*]Oc1cc(OC(=O)c2ccc(OCCCC)cc2)c(OC(=O)CCCCCC[*]=O)cc1OC(=O)c1ccc(OCCCC)cc1,318.15,train
698ddbe96c00d07d5428cbb7,[*]Oc1cc(OC(=O)c2ccc(OCCCC)cc2)c(OC(=O)CCCC[*]=O)cc1OC(=O)c1ccc(OCCCC)cc1,332.15,train
698ddbe96c00d07d5428cbb8,[*]Oc1cc(OC(=O)c2ccc(OC)cc2)c(OC(=O)CCCC[*]=O)cc1OC(=O)c1ccc(OC)cc1,361.15,train
698ddbe96c00d07d5428cbb9,[*]Oc1cc(OC(=O)c2ccc(OCC)cc2)c(OC(=O)CCCC[*]=O)cc1OC(=O)c1ccc(OCC)cc1,344.15,val
698ddbe96c00d07d5428cbba,[*]Oc1cc(OC(=O)c2ccc(OCCC)cc2)c(OC(=O)CCCC[*]=O)cc1OC(=O)c1ccc(OCCC)cc1,345.15,train
698ddbe96c00d07d5428cbbb,[*]Oc1cc(OC(=O)c2ccc(OCCCCC)cc2)c(OC(=O)CCCC[*]=O)cc1OC(=O)c1ccc(OCCCCC)cc1,317.15,test
698ddbe96c00d07d5428cbbc,[*]Oc1cc(OC(=O)c2ccc(OCCCCCCCCCCCC)cc2)c(OC(=O)CCCC[*]=O)cc1OC(=O)c1ccc(OCCCCCCCCCCCC)cc1,296.15,train
698ddbe96c00d07d5428cbbd,[*]Oc1cc(OC(=O)c2ccc(OCC(C)CC)cc2)c(OC(=O)CCCC[*]=O)cc1OC(=O)c1ccc(OCC(C)CC)cc1,333.15,train
698ddbe96c00d07d5428cbbe,[*]Oc1cc(OC(=O)c2ccc(C)cc2)c(OC(=O)CCCCCCCCCCCCCCC[*]=O)cc1OC(=O)c1ccc(C)cc1,300.15,train
698ddbe96c00d07d5428cbbf,[*]Oc1cc(OC(=O)c2ccc(OCCCC)cc2)c(OC(=O)C(C)CCC[*]=O)cc1OC(=O)c1ccc(OCCCC)cc1,328.15,train
698ddbe96c00d07d5428cbc0,[*]Oc1cc(OC(=O)c2ccc(OCCCC)cc2)c(OC(=O)C(C)(C)CCC[*]=O)cc1OC(=O)c1ccc(OCCCC)cc1,334.15,train
698ddbe96c00d07d5428cbc1,[*]CCCOC(=O)c1cc(/N=N/c2ccc(OCC)cc2)ccc1-c1ccc(/N=N/c2ccc(OCC)cc2)cc1C(=O)O[*],374.15,test
698ddbe96c00d07d5428cbc2,[*]CCCCCCOC(=O)c1cc(/N=N/c2ccc(OCC)cc2)ccc1-c1ccc(/N=N/c2ccc(OCC)cc2)cc1C(=O)O[*],356.15,train
698ddbe96c00d07d5428cbc3,[*]Oc1ccc(OC(=O)c2cc(/N=N/c3ccc(OCC)cc3)ccc2-c2ccc(/N=N/c3ccc(OCC)cc3)cc2C[*]=O)cc1,443.15,train
698ddbe96c00d07d5428cbc4,[*]Oc1ccc(-c2ccc(OC(=O)c3cc(/N=N/c4ccc(OCC)cc4)ccc3-c3ccc(/N=N/c4ccc(OCC)cc4)cc3C[*]=O)cc2)cc1,438.15,train
698ddbe96c00d07d5428cbc5,[*]CCN(CCOC(=O)/C=C/c1ccc(/C=C/C(=O)O[*])cc1)c1ccc(/N=N/c2ccc([N+](=O)[O-])cc2)cc1,393.15,train
698ddbe96c00d07d5428cbc6,[*]CCC(C)CCOC(=O)CCCCC(=O)O[*],194.54999999999998,train
698ddbe96c00d07d5428cbc7,[*]Oc1cc(OC(=O)c2ccc(C[*]=O)cc2)cc(C(=O)OCCN(CC)c2ccc(/N=N/c3ccc([N+](=O)[O-])cc3)cc2)c1,403.15,test
698ddbe96c00d07d5428cbc8,[*]CCN(CCOC(=O)c1cc(OCCN(C)c2ccc(S(=O)(=O)C(F)(F)C(F)(F)C(F)(F)C(F)(F)C(F)(F)C(F)(F)C(F)(F)C(F)(F)F)cc2)cc(C(=O)O[*])c1)c1ccc(S(=O)(=O)C(F)(F)C(F)(F)C(F)(F)C(F)(F)C(F)(F)C(F)(F)C(F)(F)C(F)(F)F)cc1,356.15,test
698ddbe96c00d07d5428cbc9,[*]CCN(CCOC(=O)c1cc(OC2CCN(c3ccc(S(=O)(=O)C(F)(F)C(F)(F)C(F)(F)C(F)(F)C(F)(F)C(F)(F)C(F)(F)C(F)(F)F)cc3)CC2)cc(C(=O)O[*])c1)c1ccc(S(=O)(=O)C(F)(F)C(F)(F)C(F)(F)C(F)(F)C(F)(F)C(F)(F)C(F)(F)C(F)(F)F)cc1,372.15,train
698ddbe96c00d07d5428cbca,[*]CCN(CCOC(=O)c1cc(OCCC2CCN(c3ccc(S(=O)(=O)C(F)(F)C(F)(F)C(F)(F)C(F)(F)C(F)(F)C(F)(F)C(F)(F)C(F)(F)F)cc3)CC2)cc(C(=O)O[*])c1)c1ccc(S(=O)(=O)C(F)(F)C(F)(F)C(F)(F)C(F)(F)C(F)(F)C(F)(F)C(F)(F)C(F)(F)F)cc1,359.15,train
698ddbe96c00d07d5428cbcb,[*]CCN(CCOC(=O)c1cc(OCCN(C)c2ccc(S(=O)(=O)CCCCCCCC)cc2)cc(C(=O)O[*])c1)c1ccc(S(=O)(=O)C(F)(F)C(F)(F)C(F)(F)C(F)(F)C(F)(F)C(F)(F)C(F)(F)C(F)(F)F)cc1,353.15,train
698ddbe96c00d07d5428cbcc,[*]/C=C(\C#N)C(=O)OCCCCCCCCCCOC(=O)/C(C#N)=C/c1ccc2c(c1)c1cc[*]ccc1n2CCCCCCCCCCCCCC,308.15,test
698ddbe96c00d07d5428cbcd,[*]/C=C(\C#N)C(=O)OCCCCCCOC(=O)/C(C#N)=C/c1ccc2c(c1)c1cc[*]ccc1n2CCCCCCCCCCCCCC,326.15,train
698ddbe96c00d07d5428cbce,[*]/C=C(\C#N)C(=O)OCCCCCCCCCCOC(=O)/C(C#N)=C/c1ccc2c(c1)c1cc[*]ccc1n2CCCCCCC,332.15,train
698ddbe96c00d07d5428cbcf,[*]/C=C(\C#N)C(=O)OCCCCCCOC(=O)/C(C#N)=C/c1ccc2c(c1)c1cc[*]ccc1n2CCCCCCC,360.15,train
698ddbe96c00d07d5428cbd0,[*]/C=C(\C#N)C(=O)OCCCCCCOC(=O)/C(C#N)=C/c1ccc2c(c1)c1cc[*]ccc1n2CCCCCCCCCCCn1c2ccccc2c2ccccc21,336.15,test
698ddbe96c00d07d5428cbd1,[*]/C=C(\C#N)C(=O)OCCCCCCOC(=O)/C(C#N)=C/c1ccc2c(c1)c1cc[*]ccc1n2CCCCCCCCCCCOc1ccc(/C=C/c2ccc([N+](=O)[O-])cc2)cc1,360.15,train
698ddbe96c00d07d5428cbd2,[*]OC(CC)C[*]=O,288.15,train
698ddbe96c00d07d5428cbd3,[*]CCC[Sn](C)(C)CCCOC(=O)C(CCCCCCOc1ccc(-c2ccc(OCc3ccc([N+](=O)[O-])cc3)cc2)cc1)C(=O)O[*],313.65,train
698ddbe96c00d07d5428cbd4,[*]OC(CCl)COC(=O)C1=C(C(=O)OCC(CCl)OC(=O)c2ccc(C[*]=O)cc2)C2C=CC1C2,345.15,train
698ddbe96c00d07d5428cbd5,[*]OC(COC(=O)C1=C(C(=O)OCC(COC(=O)C2=C(c3ccccc3)C3C=CC2C3)OC(=O)c2ccc(C[*]=O)cc2)C2C=CC1C2)COC(=O)C1=C(c2ccccc2)C2C=CC1C2,347.15,test
698ddbe96c00d07d5428cbd6,[*]OC1CCC(OC(=O)c2ccc(C[*]=O)cc2)CC1,367.45,test
698ddbe96c00d07d5428cbd7,[*]OC(CCCCCC)CC[*]=O,226.14999999999998,train
698ddbe96c00d07d5428cbd8,[*]Oc1ccc(CC(NC(=O)CCc2ccc(OC(=O)CCC(C)CC[*]=O)cc2)C(=O)OCc2ccccc2)cc1,328.15,train
698ddbe96c00d07d5428cbd9,[*]Oc1ccc(CC(NC(=O)CCc2ccc(OC(=O)CCC(C)CC[*]=O)cc2)C(=O)OC)cc1,326.15,train
698ddbe96c00d07d5428cbda,[*]Oc1ccc(CC(NC(=O)CCc2ccc(OC(=O)CC(C)CCC[*]=O)cc2)C(=O)OC(C)CC)cc1,318.15,train
698ddbe96c00d07d5428cbdb,[*]CCCCOC(=O)CCCCCCCCCCCCCCCCCCCCCCCCCCCCCCCCCCC(=O)O[*],218.14999999999998,train
698ddbe96c00d07d5428cbdc,[*]CC(C)COC(=O)c1ccc(C(=O)O[*])cc1,328.15,val
698ddbe96c00d07d5428cbdd,[*]CCOC(=O)CCC(=O)OCCOC(=O)c1ccc(C(=O)O[*])cc1,297.15,test
698ddbe96c00d07d5428cbde,[*]CCOC(=O)CCCCC(=O)OCCOC(=O)c1ccc(C(=O)O[*])cc1,281.15,test
698ddbe96c00d07d5428cbdf,[*]CCOC(=O)CCCCCCC(=O)OCCOC(=O)c1ccc(C(=O)O[*])cc1,272.15,train
698ddbe96c00d07d5428cbe0,[*]CCOC(=O)CCCCCCCCC(=O)OCCOC(=O)c1ccc(C(=O)O[*])cc1,266.65,val
698ddbe96c00d07d5428cbe1,[*]CCOC(=O)CCCCCCCCCCC(=O)OCCOC(=O)c1ccc(C(=O)O[*])cc1,265.15,train
698ddbe96c00d07d5428cbe2,[*]CCCCOC(=O)CCCCC(=O)OCCCCOC(=O)c1ccc(C(=O)O[*])cc1,253.14999999999998,test
698ddbe96c00d07d5428cbe3,[*]CCc1ccc(NC(=O)c2cccc(C(=O)Nc3ccc(CCOC(=O)c4cccc(C(=O)O[*])c4)cc3)c2)cc1,415.15,train
698ddbe96c00d07d5428cbe4,[*]CCN(CCOC(=O)c1ccc(C(=O)O[*])c(OCCC)c1)c1ccc(/N=N/c2ccc(-c3nc4ccccc4o3)cc2)cc1,390.15,train
698ddbe96c00d07d5428cbe5,[*]Oc1ccc(/N=N/c2ccc(Cc3ccc(/N=N/c4ccc(OC(=O)c5ccc(/N=N/c6ccc(C[*]=O)cc6)cc5)cc4)cc3[N+](=O)[O-])c([N+](=O)[O-])c2)cc1,433.15,train
698ddbe96c00d07d5428cbe6,[*]Oc1ccc(/N=N/c2ccc(S(=O)(=O)c3ccc(/N=N/c4ccc(OC(=O)c5ccc(/N=N/c6ccc(C[*]=O)cc6)cc5)cc4)cc3[N+](=O)[O-])c([N+](=O)[O-])c2)cc1,423.15,train
698ddbe96c00d07d5428cbe7,[*]CCN(CCOC(=O)CCC#CC#CCCC(=O)O[*])c1ccc([N+](=O)[O-])cc1,303.15,train
698ddbe96c00d07d5428cbe8,[*]CCN(CCOC(=O)CCC#CC#CCCC(=O)O[*])c1ccc(/N=N/c2c(C)cc(/N=N/c3ccc(C#N)cc3)cc2C)cc1,336.15,train
698ddbe96c00d07d5428cbe9,[*]O[Ca]OC(=O)c1ccccc1C(=O)OCCCCCOC(=O)NCCCCCCNC(=O)OCCCCCOC(=O)c1ccccc1C[*]=O,270.75,train
698ddbe96c00d07d5428cbea,[*]CCCCCOC(=O)c1ccccc1C(=O)O[Cd]OC(=O)c1ccccc1C(=O)OCCCCCOC(=O)NCCCCCCNC(=O)O[*],266.34999999999997,train
698ddbe96c00d07d5428cbeb,[*]CCCCCOC(=O)c1ccccc1C(=O)O[Pb]OC(=O)c1ccccc1C(=O)OCCCCCOC(=O)NCCCCCCNC(=O)O[*],253.95,train
698ddbe96c00d07d5428cbec,[*]O[Zn]OC(=O)c1ccccc1C(=O)OCCCCCOC(=O)NCCCCCCNC(=O)OCCCCCOC(=O)c1ccccc1C[*]=O,268.84999999999997,train
698ddbe96c00d07d5428cbed,[*]O[Ca]OC(=O)c1ccccc1C(=O)OCCCCCOC(=O)Nc1cc(NC(=O)OCCCCCOC(=O)c2ccccc2C[*]=O)ccc1C,278.25,test
698ddbe96c00d07d5428cbee,[*]CCCCCOC(=O)c1ccccc1C(=O)O[Cd]OC(=O)c1ccccc1C(=O)OCCCCCOC(=O)Nc1ccc(C)c(NC(=O)O[*])c1,275.45,val
698ddbe96c00d07d5428cbef,[*]CCCCCOC(=O)c1ccccc1C(=O)O[Pb]OC(=O)c1ccccc1C(=O)OCCCCCOC(=O)Nc1ccc(C)c(NC(=O)O[*])c1,261.84999999999997,train
698ddbe96c00d07d5428cbf0,[*]O[Zn]OC(=O)c1ccccc1C(=O)OCCCCCOC(=O)Nc1cc(NC(=O)OCCCCCOC(=O)c2ccccc2C[*]=O)ccc1C,277.34999999999997,train
698ddbe96c00d07d5428cbf1,[*]CCOC(=O)C1=CCCCC(N2CCCC2)=C1C(=O)O[*],625.65,train
698ddbe96c00d07d5428cbf2,[*]Oc1ccc(OC(=O)c2cc(OCCCCCCCCCCC(F)(F)C(F)(F)C(F)(F)C(F)(F)C(F)(F)C(F)(F)C(F)(F)C(F)(F)C(F)(F)C(F)(F)F)cc(C[*]=O)c2)cc1,410.15,train
698ddbe96c00d07d5428cbf3,[*]CCOC(=O)NCC1(C)CC(NC(=O)O[*])CC(C)(C)C1,357.15,test
698ddbe96c00d07d5428cbf4,[*]Oc1cc(OCCOC)c(OC(=O)c2ccc(C[*]=O)cc2OCCOCC)cc1OCCOC,372.15,train
698ddbe96c00d07d5428cbf5,[*]Oc1ccc(CC(NC(=O)CCc2ccc(OC(=O)CC(C)CCC[*]=O)cc2)C(=O)OCCCC)cc1,308.15,train
698ddbe96c00d07d5428cbf6,[*]CC(=O)NCC(=O)O[*],340.15,train
698ddbe96c00d07d5428cbf7,[*]O[Si](C)(C)CCCC(=O)Oc1ccc(/C=N/c2ccc(/N=C/c3ccc(OC(=O)CCC[Si][*](C)C)cc3)cc2)cc1,333.15,test
698ddbe96c00d07d5428cbf8,[*]O[Si](C)(C)CCCC(=O)Oc1ccc(/C=N/c2ccc(Cc3ccc(/N=C/c4ccc(OC(=O)CCC[Si][*](C)C)cc4)cc3)cc2)cc1,341.15,train
698ddbe96c00d07d5428cbf9,[*]Oc1cc(OCCOC)c(OC(=O)c2ccc(C[*]=O)cc2-c2ccccc2)cc1OCCOC,365.15,train
698ddbe96c00d07d5428cbfa,[*]C(=O)OC1CC[*]N(C(=O)OCc2ccccc2)C1,351.15,train
698ddbe96c00d07d5428cbfb,[*]CC(CCCCCCOc1ccc(/N=N/c2ccc(OC)cc2)cc1)COC(=O)CCCCC(=O)O[*],295.15,train
698ddbe96c00d07d5428cbfc,[*]CC(CCCCCCOc1ccc(/N=N/c2ccc(C(F)(F)F)cc2)cc1)COC(=O)CCCCC(=O)O[*],317.15,test
698ddbe96c00d07d5428cbfd,[*]CC(CCCCCCOc1ccc(/N=N/c2ccc(C)cc2)cc1)COC(=O)CCCCC(=O)O[*],302.15,train
698ddbe96c00d07d5428cbfe,[*]CC(CCCCCCOc1ccc(/N=N/c2ccc(Cl)cc2)cc1)COC(=O)CCCCC(=O)O[*],282.15,train
698ddbe96c00d07d5428cbff,[*]CC(CCCCCCOc1ccc(/N=N/c2ccc(Br)cc2)cc1)COC(=O)CCCCC(=O)O[*],297.15,train
698ddbe96c00d07d5428cc00,[*]CCOC(=O)c1cc(C(=O)O[*])cc(C(C)(C)C)c1,367.15,train
698ddbe96c00d07d5428cc01,[*]OC(COC(=O)C12CC3CC(CC(C[*]=O)(C3)C1)C2)COc1ccc(/N=N/c2ccc(C#N)cc2)cc1,378.15,train
698ddbe96c00d07d5428cc02,[*]OC(COC(=O)C1CCC(C[*]=O)CC1)COc1ccc(/N=N/c2ccc(C#N)cc2)cc1,379.15,train
698ddbe96c00d07d5428cc03,[*]OC(COC(=O)c1ccccc1C[*]=O)COc1ccc(/N=N/c2ccc(C#N)cc2)cc1,378.15,train
698ddbe96c00d07d5428cc04,[*]OC(COC(=O)c1ccc(C)cc1C[*]=O)COc1ccc(/N=N/c2ccc(C#N)cc2)cc1,397.15,train
698ddbe96c00d07d5428cc05,[*]C(=O)OCC(COc1ccc(/N=N/c2ccc(C#N)cc2)cc1)OC(=O)c1ncccc1[*],403.15,test
698ddbe96c00d07d5428cc06,[*]OC(COC(=O)c1cccc(C[*]=O)c1)COc1ccc(/N=N/c2ccc(C#N)cc2)cc1,392.15,val
698ddbe96c00d07d5428cc07,[*]OC(COC(=O)c1cc(C[*]=O)cc(C(C)(C)C)c1)COc1ccc(/N=N/c2ccc(C#N)cc2)cc1,410.15,train
698ddbe96c00d07d5428cc08,[*]OC(COC(=O)c1ccc(C[*]=O)cc1)COc1ccc(/N=N/c2ccc(C#N)cc2)cc1,395.15,train
698ddbe96c00d07d5428cc09,[*]OC(COC(=O)c1ccc(C[*]=O)c(OC)c1)COc1ccc(/N=N/c2ccc(C#N)cc2)cc1,393.15,train
698ddbe96c00d07d5428cc0a,[*]OC(COC(=O)c1ccc(C[*]=O)c2ccccc12)COc1ccc(/N=N/c2ccc(C#N)cc2)cc1,390.15,train
698ddbe96c00d07d5428cc0b,[*]OC(COC(=O)c1ccc2cc(C[*]=O)ccc2c1)COc1ccc(/N=N/c2ccc(C#N)cc2)cc1,411.15,train
698ddbe96c00d07d5428cc0c,[*]OC(COC(=O)c1ccccc1-c1ccccc1C[*]=O)COc1ccc(/N=N/c2ccc(C#N)cc2)cc1,393.15,train
698ddbe96c00d07d5428cc0d,[*]OC(COC(=O)c1ccc(-c2ccc(C[*]=O)cc2)cc1)COc1ccc(/N=N/c2ccc(C#N)cc2)cc1,414.15,val
698ddbe96c00d07d5428cc0e,[*]OC(COC(=O)c1cccc(-c2ccc(C[*]=O)cc2)c1)COc1ccc(/N=N/c2ccc(C#N)cc2)cc1,408.15,train
698ddbe96c00d07d5428cc0f,[*]OC(COC(=O)c1c(F)c(F)c(-c2c(F)c(F)c(C[*]=O)c(F)c2F)c(F)c1F)COc1ccc(/N=N/c2ccc(C#N)cc2)cc1,385.15,train
698ddbe96c00d07d5428cc10,[*]OC(COC(=O)c1ccc(-c2cc(CCCCCCCC)c(-c3ccc(C[*]=O)c(F)c3F)cc2CCCCCCCC)c(F)c1F)COc1ccc(/N=N/c2ccc(C#N)cc2)cc1,334.15,train
698ddbe96c00d07d5428cc11,[*]CCCCCCNC(=O)CCCC(=O)O[*],255.14999999999998,train
698ddbe96c00d07d5428cc12,[*]Oc1ccc(C2(c3ccc(OC(=O)c4ccc(C[*]=O)cc4)cc3)CCC(C(C)(C)C)CC2)cc1,483.15,train
698ddbe96c00d07d5428cc13,[*]Oc1ccc(-c2ccc(/N=N/c3ccc(C[*]=O)cc3)cc2)cc1,420.15,train
698ddbe96c00d07d5428cc14,[*]CCCCOC(=O)C(Cc1ccccc1)NC(=O)/C=C/C(=O)NC(Cc1ccccc1)C(=O)O[*],376.15,train
698ddbe96c00d07d5428cc15,[*]CCCCCCOC(=O)C(Cc1ccccc1)NC(=O)/C=C/C(=O)NC(Cc1ccccc1)C(=O)O[*],365.15,test
698ddbe96c00d07d5428cc16,[*]C/C=C/COC(=O)C(Cc1ccccc1)NC(=O)/C=C/C(=O)NC(Cc1ccccc1)C(=O)O[*],382.15,train
698ddbe96c00d07d5428cc17,[*]C/C=C/COC(=O)C(Cc1ccccc1)NC(=O)CCCCC(=O)NC(Cc1ccccc1)C(=O)O[*],334.15,val
698ddbe96c00d07d5428cc18,[*]C/C=C/COC(=O)C(Cc1ccccc1)NC(=O)CCCCCCCCC(=O)NC(Cc1ccccc1)C(=O)O[*],319.15,train
698ddbe96c00d07d5428cc19,[*]CCN(CCOC(=O)c1ccc(C(=O)O[*])c(OCCC)c1)c1ccc(/N=N/c2ccc(-c3nc4cc([N+](=O)[O-])ccc4[nH]3)cc2)cc1,425.15,train
698ddbe96c00d07d5428cc1a,[*]CCN(CCOC(=O)c1ccc(C(=O)O[*])c(OCCC)c1)c1ccc(/N=N/c2nc(C#N)c(C#N)[nH]2)cc1,425.15,train
698ddbe96c00d07d5428cc1b,[*]CCN(CCOC(=O)c1ccc(C(=O)O[*])c(OCCCCC)c1)c1ccc(/N=N/c2nc(C#N)c(C#N)[nH]2)cc1,404.15,train
698ddbe96c00d07d5428cc1c,[*]Oc1ccc(C(c2ccc(OC(=O)c3ccccc3-c3ccccc3C[*]=O)cc2)(C(F)(F)F)C(F)(F)F)cc1,435.15,train
698ddbe96c00d07d5428cc1d,[*]CC(C)(C)COC(=O)c1ccc(-c2ccc(C(=O)O[*])cc2)cc1,374.15,train
698ddbe96c00d07d5428cc1e,[*]CC(C)(CC)COC(=O)c1ccc(-c2ccc(C(=O)O[*])cc2)cc1,372.15,train
698ddbe96c00d07d5428cc1f,[*]CC(C)(CCC)COC(=O)c1ccc(-c2ccc(C(=O)O[*])cc2)cc1,368.15,train
698ddbe96c00d07d5428cc20,[*]Oc1ccccc1C(=O)OC(=O)c1ccccc1OC(=O)CCCC[*]=O,323.15,val
698ddbe96c00d07d5428cc21,[*]Oc1ccccc1C(=O)OC(=O)c1ccccc1OC(=O)CCCCC[*]=O,328.15,train
698ddbe96c00d07d5428cc22,[*]Oc1ccccc1C(=O)OC(=O)c1ccccc1OC(=O)CCCCCC[*]=O,313.15,val
698ddbe96c00d07d5428cc23,[*]Oc1ccccc1C(=O)OC(=O)c1ccccc1OC(=O)CCCCCCC[*]=O,301.15,train
698ddbe96c00d07d5428cc24,[*]Oc1ccccc1C(=O)OC(=O)c1ccccc1OC(=O)CCCCCCCC[*]=O,298.15,train
698ddbe96c00d07d5428cc25,[*]Oc1ccccc1C(=O)OC(=O)c1ccccc1OC(=O)CCCCCCCCC[*]=O,301.15,train
698ddbe96c00d07d5428cc26,[*]Oc1ccccc1C(=O)OC(=O)c1ccccc1OC(=O)c1ccc(C[*]=O)cc1,393.15,train
698ddbe96c00d07d5428cc27,[*]Oc1ccccc1C(=O)OC(=O)c1ccccc1OC(=O)c1cccc(C[*]=O)c1,378.15,train
698ddbe96c00d07d5428cc28,[*]Oc1ccccc1C(=O)OC(=O)c1ccccc1OC(=O)C(C)C(C)C[*]=O,318.15,test
698ddbe96c00d07d5428cc29,[*]Oc1ccccc1C(=O)OC(=O)c1ccccc1OC(=O)C(CC)C(CC)C[*]=O,296.15,train
698ddbe96c00d07d5428cc2a,[*]CCCCCCCCCOC(=O)C(O)C(O)C(=O)O[*],262.15,val
698ddbe96c00d07d5428cc2b,[*]CCCCCCCCCOC(=O)CCC(=O)O[*],304.15,train
698ddbe96c00d07d5428cc2c,[*]Oc1ccc(OC(=O)c2ccc(C[*]=O)cc2)cc1-c1cccc(C(F)(F)F)c1,428.95,train
698ddbe96c00d07d5428cc2d,[*]CCN(CCOC(=O)c1cc(OCc2cc(OCc3ccccc3)cc(OCc3ccccc3)c2)cc(C(=O)O[*])c1)c1ccc(/C=C/c2ccc(/C=C/C3=C(C#N)C(=C(C#N)C#N)OC3(c3ccccc3)C(F)(F)F)s2)cc1,403.15,train
698ddbe96c00d07d5428cc2e,[*]CCN(CCOC(=O)c1cc(OCc2c(F)c(F)c(OC)c(F)c2F)cc(C(=O)O[*])c1)c1ccc(/C=C/c2ccc(/C=C/C3=C(C#N)C(=C(C#N)C#N)OC3(c3ccccc3)C(F)(F)F)s2)cc1,413.15,train
698ddbe96c00d07d5428cc2f,[*]CC(=O)NCCCCCCNC(=O)COC(=O)CCC(=O)O[*],303.15,train
698ddbe96c00d07d5428cc30,[*]CC(=O)NCCCCCCNC(=O)COC(=O)CCCCC(=O)O[*],292.15,train
698ddbe96c00d07d5428cc31,[*]CC(=O)NCCCCCCNC(=O)COC(=O)CCCCCCC(=O)O[*],281.15,test
698ddbe96c00d07d5428cc32,[*]CC(=O)NCCCCCCNC(=O)COC(=O)CCCCCCCCC(=O)O[*],275.15,test
698ddbe96c00d07d5428cc33,[*]CC(=O)NCCCCCCNC(=O)COC(=O)CCCCCCCCCCC(=O)O[*],274.04999999999995,train
698ddbe96c00d07d5428cc34,[*]CCC[Sn](C)(C)CCCOC(=O)C(CCCCCCCCOc1ccc(-c2ccc(OCc3ccc(C#N)cc3)cc2)cc1)C(=O)O[*],295.15,train
698ddbe96c00d07d5428cc35,[*]Oc1ccc(OC(=O)c2ccc(C[*]=O)cc2)cc1C(F)(F)F,432.45,train
698ddbe96c00d07d5428cc36,[*]CC#CCOC(=O)CCCCCCC(=O)O[*],235.14999999999998,train
698ddbe96c00d07d5428cc37,[*]CC#CCOC(=O)CCCCCCCCCCC(=O)O[*],246.14999999999998,train
698ddbe96c00d07d5428cc38,[*]Oc1ccc(/C(=C/c2ccc(-c3ccc(/C=C(\c4ccccc4)c4ccc(OC(=O)c5ccc(C[*]=O)cc5)cc4)cc3)cc2)c2ccccc2)cc1,509.15,train
698ddbe96c00d07d5428cc39,[*]Oc1ccc(/C(=C/c2ccc(-c3ccc(/C=C(\c4ccccc4)c4ccc(OC(=O)c5cccc(C[*]=O)c5)cc4)cc3)cc2)c2ccccc2)cc1,497.15,val
698ddbe96c00d07d5428cc3a,[*]Oc1ccc(/C(=C/c2ccc(-c3ccc(/C=C(\c4ccccc4)c4ccc(OC(=O)CCCCC[*]=O)cc4)cc3)cc2)c2ccccc2)cc1,401.15,val
698ddbe96c00d07d5428cc3b,[*]Oc1ccc(/C(=C/c2ccc(-c3ccc(/C=C(\c4ccccc4)c4ccc(OC(=O)CCCCCCCCC[*]=O)cc4)cc3)cc2)c2ccccc2)cc1,384.15,train
698ddbe96c00d07d5428cc3c,[*]CCN(CCOC(=O)c1ccc(C(=O)O[*])cc1)c1ccc(/N=N/c2ccc(-c3nc4ccc([N+](=O)[O-])cc4n3CC)cc2)cc1,422.15,train
698ddbe96c00d07d5428cc3d,[*]CCN(CCOC(=O)c1cccc(C(=O)O[*])c1)c1ccc(/N=N/c2ccc(-c3nc4ccc([N+](=O)[O-])cc4n3CC)cc2)cc1,420.15,train
698ddbe96c00d07d5428cc3e,[*]CCN(CCOC(=O)c1ccc(C(=O)O[*])c(OC)c1)c1ccc(/N=N/c2ccc(-c3nc4ccc([N+](=O)[O-])cc4n3CC)cc2)cc1,419.15,train
698ddbe96c00d07d5428cc3f,[*]CCN(CCOC(=O)c1ccc(C(=O)O[*])c(OC)c1)c1ccc(/N=N/c2ccc(/C=C/c3nc4ccc([N+](=O)[O-])cc4n3CC)cc2)cc1,446.15,test
698ddbe96c00d07d5428cc40,[*]Cc1cc2cc(C(=O)Nc3ccc(NC(=O)c4cc5cc[*]c(OC(=O)COc6ccc7ccc(=O)oc7c6)cc5oc4=O)cc3)c(=O)oc2cc1OC(=O)COc1ccc2ccc(=O)oc2c1,525.15,train
698ddbe96c00d07d5428cc41,[*]Cc1cc2cc(C(=O)Nc3ccc(-c4ccc(NC(=O)c5cc6cc[*]c(OC(=O)COc7ccc8ccc(=O)oc8c7)cc6oc5=O)cc4)cc3)c(=O)oc2cc1OC(=O)COc1ccc2ccc(=O)oc2c1,521.15,train
698ddbe96c00d07d5428cc42,[*]Cc1cc2cc(C(=O)Nc3ccc(Cc4ccc(NC(=O)c5cc6cc[*]c(OC(=O)COc7ccc8ccc(=O)oc8c7)cc6oc5=O)cc4)cc3)c(=O)oc2cc1OC(=O)COc1ccc2ccc(=O)oc2c1,494.15,train
698ddbe96c00d07d5428cc43,[*]Cc1cc2cc(C(=O)Nc3ccc(S(=O)(=O)c4ccc(NC(=O)c5cc6cc[*]c(OC(=O)COc7ccc8ccc(=O)oc8c7)cc6oc5=O)cc4)cc3)c(=O)oc2cc1OC(=O)COc1ccc2ccc(=O)oc2c1,506.15,train
698ddbe96c00d07d5428cc44,[*]Cc1cc2cc(C(=O)Nc3ccc(C(c4ccc(NC(=O)c5cc6cc[*]c(OC(=O)COc7ccc8ccc(=O)oc8c7)cc6oc5=O)cc4)(C(F)(F)F)C(F)(F)F)cc3)c(=O)oc2cc1OC(=O)COc1ccc2ccc(=O)oc2c1,530.15,train
698ddbe96c00d07d5428cc45,[*]Cc1cc2cc(C(=O)Nc3cccc(NC(=O)c4cc5cc[*]c(OC(=O)COc6ccc7ccc(=O)oc7c6)cc5oc4=O)c3)c(=O)oc2cc1OC(=O)COc1ccc2ccc(=O)oc2c1,513.15,train
698ddbe96c00d07d5428cc46,[*]CCOC(=O)/C=C/C(=O)NCCCCCCNC(=O)/C=C/C(=O)O[*],362.15,train
698ddbe96c00d07d5428cc47,[*]c1ccc(OC(=O)c2cccc(C(=O)Oc3ccc(-c4nc5ccccc5nc4[*])cc3)c2)cc1,518.15,train
698ddbe96c00d07d5428cc48,[*]c1ccc(OC(=O)c2ccc(C(=O)Oc3ccc(-c4nc5ccccc5nc4[*])cc3)cc2)cc1,505.15,train
698ddbe96c00d07d5428cc49,[*]c1ccc2cc(OC(=O)c3cccc(C(=O)Oc4ccc5cc(-c6nc7ccccc7nc6[*])ccc5c4)c3)ccc2c1,424.15,train
698ddbe96c00d07d5428cc4a,[*]c1ccc2cc(OC(=O)c3ccc(C(=O)Oc4ccc5cc(-c6nc7ccccc7nc6[*])ccc5c4)cc3)ccc2c1,409.15,train
698ddbe96c00d07d5428cc4b,[*]Oc1ccc(C2(c3ccc(OC(=O)c4ccc(C[*]=O)cc4)cc3)CCC3CCCCC3C2)cc1,548.15,train
698ddbe96c00d07d5428cc4c,[*]Oc1ccc(C2(c3ccc(OC(=O)c4cccc(C[*]=O)c4)cc3)CCC3CCCCC3C2)cc1,521.15,train
698ddbe96c00d07d5428cc4d,[*]Oc1ccc(C2(c3ccc(OC(=O)c4ccc(C[*]=O)cc4)c(C)c3)CCC3CCCCC3C2)cc1C,520.15,test
698ddbe96c00d07d5428cc4e,[*]Oc1ccc(C2(c3ccc(OC(=O)c4cccc(C[*]=O)c4)c(C)c3)CCC3CCCCC3C2)cc1C,480.15,val
698ddbe96c00d07d5428cc4f,[*]Oc1c(C)cc(C2(c3cc(C)c(OC(=O)c4ccc(C[*]=O)cc4)c(C)c3)CCC3CCCCC3C2)cc1C,560.15,test
698ddbe96c00d07d5428cc50,[*]Oc1c(C)cc(C2(c3cc(C)c(OC(=O)c4cccc(C[*]=O)c4)c(C)c3)CCC3CCCCC3C2)cc1C,534.15,train
698ddbe96c00d07d5428cc51,[*]Cc1ccc2oc(=O)c(C(=O)Nc3ccc(C(c4ccc(NC(=O)c5cc6cc[*]ccc6oc5=O)cc4)(C(F)(F)F)C(F)(F)F)cc3)cc2c1,602.15,train
698ddbe96c00d07d5428cc52,[*]Oc1ccc(C2(c3ccc(OC(=O)C45CC6CC(CC(C[*]=O)(C6)C4)C5)cc3)c3ccccc3-c3ccccc32)cc1,608.15,test
698ddbe96c00d07d5428cc53,[*]Oc1ccc(NC(=O)/C=C/C(=O)NNC(=O)/C=C/C(=O)Nc2ccc(OC(=O)/C=C/C(=O)NNC(=O)/C=C/C[*]=O)cc2)cc1,538.15,train
698ddbe96c00d07d5428cc54,[*]Oc1ccc(NC(=O)/C=C/C(=O)NNC(=O)/C=C/C(=O)Nc2ccc(OC(=O)c3ccccc3C(=O)NNC(=O)c3ccccc3C[*]=O)cc2)cc1,513.15,train
698ddbe96c00d07d5428cc55,[*]O/C(=C/CC)C(CC)C[*]=O,257.25,train
698ddbe96c00d07d5428cc56,[*]Nc1ccc(-c2ccc(NC(=O)c3cccc(C[*]=O)c3)c(S)c2)cc1S,668.15,train
698ddbe96c00d07d5428cc57,[*]CCC(CC)CC(C)CNC(=O)c1ccc(C(=O)N[*])cc1,412.15,train
698ddbe96c00d07d5428cc58,[*]CCCP(CCCCCCCC)CCCNC(=O)CCCCC(=O)N[*],285.15,test
698ddbe96c00d07d5428cc59,[*]CCCCCCCCCCCCCCC(=O)N[*],266.15,test
698ddbe96c00d07d5428cc5a,[*]Cc1c(C)c(C)c(CNC(=O)CCCCCC(C)CC(=O)N[*])c(C)c1C,484.15,train
698ddbe96c00d07d5428cc5b,[*]Cc1c(C)c(C)c(CNC(=O)CCCC(=O)N[*])c(C)c1C,465.15,test
698ddbe96c00d07d5428cc5c,[*]CCCCCCCCCCOC(=O)NNC(=O)CCCCCCCCC(=O)NNC(=O)O[*],307.15,train
698ddbe96c00d07d5428cc5d,[*]CCCCCCNC(=O)CCP(C)(=O)CCC(=O)N[*],330.65,train
698ddbe96c00d07d5428cc5e,[*]CCCCCCCCNC(=O)CCP(C)(=O)CCC(=O)N[*],325.15,train
698ddbe96c00d07d5428cc5f,[*]NC1CCC(CC(C)(C)NC(=O)CCCCC[*]=O)CC1,353.15,train
698ddbe96c00d07d5428cc60,[*]CCCCCCNC(=O)CCc1ccc(C(C)CC(=O)N[*])cc1,350.15,train
698ddbe96c00d07d5428cc61,[*]CCCCCCNC(=O)CCC(C)(C)c1ccc(C(C)(C)CCC(=O)N[*])cc1,366.4,val
698ddbe96c00d07d5428cc62,[*]NC(CCC(=O)OCCCCCCCCCC)C[*]=O,211.14999999999998,train
698ddbe96c00d07d5428cc63,[*]Nc1ccc(C(C)(C)c2ccc(NC(=O)c3cc(C[*]=O)cc(N4C(=O)C5C6CCC(C6)C5C4=O)c3)cc2)cc1,584.15,train
698ddbe96c00d07d5428cc64,[*]Nc1ccc(Cc2ccc(NC(=O)c3cc(C[*]=O)cc(N4C(=O)C5C6CCC(C6)C5C4=O)c3)cc2)cc1,566.15,train
698ddbe96c00d07d5428cc65,[*]Nc1ccc(C(C)(C)c2ccc(NC(=O)c3cc(C[*]=O)cc(N4C(=O)C5CC=CCC5C4=O)c3)cc2)cc1,581.15,test
698ddbe96c00d07d5428cc66,[*]Nc1ccc(Cc2ccc(NC(=O)c3cc(C[*]=O)cc(N4C(=O)C5CC=CCC5C4=O)c3)cc2)cc1,559.15,train
698ddbe96c00d07d5428cc67,[*]Nc1ccc(C(C)(C)c2ccc(NC(=O)c3cc(C[*]=O)cc(N4C(=O)C=CC4=O)c3)cc2)cc1,576.15,train
698ddbe96c00d07d5428cc68,[*]Nc1ccc(Cc2ccc(NC(=O)c3cc(C[*]=O)cc(N4C(=O)C=CC4=O)c3)cc2)cc1,560.15,train
698ddbe96c00d07d5428cc69,[*]C(=O)CCCCCCCCC(=O)N1CC(C)N[*]CC1C,212.64999999999998,train
698ddbe96c00d07d5428cc6a,[*]C(=O)CCCCCCCCC(=O)NC1CCCCN[*]C1,226.64999999999998,train
698ddbe96c00d07d5428cc6b,[*]Nc1cc(NC(=O)C[*]=O)ccc1C,218.49999999999997,train
698ddbe96c00d07d5428cc6c,[*]NC(CCC(=O)OCc1ccc([N+](=O)[O-])cc1)C[*]=O,326.29999999999995,train
698ddbe96c00d07d5428cc6d,[*]Nc1cccc(NC(=O)c2cc(NC(=O)c3ccccc3)cc(C[*]=O)c2)c1,573.15,val
698ddbe96c00d07d5428cc6e,[*]Nc1ccc(NC(=O)c2cc(NC(=O)c3ccccc3)cc(C[*]=O)c2)cc1,594.15,train
698ddbe96c00d07d5428cc6f,[*]Nc1ccc(Cc2ccc(NC(=O)c3cc(NC(=O)c4ccccc4)cc(C[*]=O)c3)cc2)cc1,558.15,train
698ddbe96c00d07d5428cc70,[*]Nc1ccc(C(C)(C)c2ccc(NC(=O)c3cc(NC(=O)c4ccccc4)cc(C[*]=O)c3)cc2)cc1,576.65,train
698ddbe96c00d07d5428cc71,[*]Nc1ccc(Cc2ccc(NC(=O)c3cc(C[*]=O)cc(N4C(=O)C5C6C=CC(C6)C5C4=O)c3)cc2)cc1,576.15,train
698ddbe96c00d07d5428cc72,[*]Nc1ccc(-c2ccc(NC(=O)c3cccc(C[*]=O)c3)c(O)c2)cc1O,659.15,test
698ddbe96c00d07d5428cc73,[*]CCCCNC(=O)C(=O)N[*],393.15,train
698ddbe96c00d07d5428cc74,[*]CCOC(=O)NNC(=O)CCCCCCCCC(=O)NNC(=O)O[*],336.15,train
698ddbe96c00d07d5428cc75,[*]CCCOC(=O)NNC(=O)CCCCCCCCC(=O)NNC(=O)O[*],295.15,test
698ddbe96c00d07d5428cc76,[*]CCCCOC(=O)NNC(=O)CCCCCCCCC(=O)NNC(=O)O[*],329.15,train
698ddbe96c00d07d5428cc77,[*]CCCCCOC(=O)NNC(=O)CCCCCCCCC(=O)NNC(=O)O[*],293.15,test
698ddbe96c00d07d5428cc78,[*]CCCCCCOC(=O)NNC(=O)CCCCCCCCC(=O)NNC(=O)O[*],318.15,train
698ddbe96c00d07d5428cc79,[*]CCCCCCCCOC(=O)NNC(=O)CCCCCCCCC(=O)NNC(=O)O[*],311.15,train
698ddbe96c00d07d5428cc7a,[*]Nc1cccc(CCc2ccc(NC(=O)c3cccc(C[*]=O)c3)cc2)c1,476.15,val
698ddbe96c00d07d5428cc7b,[*]Nc1cccc(/C=C/c2ccc(NC(=O)c3cccc(C[*]=O)c3)cc2)c1,545.15,train
698ddbe96c00d07d5428cc7c,[*]Nc1cccc(C#Cc2ccc(NC(=O)c3cccc(C[*]=O)c3)cc2)c1,541.15,train
698ddbe96c00d07d5428cc7d,[*]Nc1cccc(CCc2ccc(NC(=O)c3ccc(C[*]=O)cc3)cc2)c1,476.15,test
698ddbe96c00d07d5428cc7e,[*]CCCC(C)CNC(=O)c1ccc(C(=O)N[*])cc1,426.15,train
698ddbe96c00d07d5428cc7f,[*]Nc1ccccc1-c1ccc(NC(=O)c2cccc(C[*]=O)c2)cc1,521.15,test
698ddbe96c00d07d5428cc80,[*]Nc1ccccc1-c1ccc(NC(=O)c2ccc(C[*]=O)cc2)cc1,548.15,test
698ddbe96c00d07d5428cc81,[*]c1ccc(C(=O)Nc2ccc(-c3ccccc3NC(=O)c3ccc(S[*](=O)=O)cc3)cc2)cc1,557.15,test
698ddbe96c00d07d5428cc82,[*]Nc1ccc(Br)cc1-c1ccc(NC(=O)c2cccc(C[*]=O)c2)cc1,526.15,test
698ddbe96c00d07d5428cc83,[*]Nc1ccc(Br)cc1-c1ccc(NC(=O)c2ccc(C[*]=O)cc2)cc1,558.15,train
698ddbe96c00d07d5428cc84,[*]c1ccc(C(=O)Nc2ccc(-c3cc(Br)ccc3NC(=O)c3ccc(S[*](=O)=O)cc3)cc2)cc1,561.15,train
698ddbe96c00d07d5428cc85,[*]Nc1cc(NC(=O)c2ccc(C[*]=O)cc2)cc(C(=O)Oc2ccccc2)c1,473.15,train
698ddbe96c00d07d5428cc86,[*]Nc1cc(NC(=O)c2ccc(C[*]=O)cc2)cc(C(=O)Oc2ccc(-c3ccccc3)cc2)c1,451.15,train
698ddbe96c00d07d5428cc87,[*]Nc1cc(NC(=O)c2ccc(C[*]=O)cc2)cc(C(=O)Oc2cccc3ccccc23)c1,465.15,train
698ddbe96c00d07d5428cc88,[*]Nc1cc(NC(=O)c2ccc(C[*]=O)cc2)cc(C(=O)OC(c2ccccc2)c2ccccc2)c1,490.15,test
698ddbe96c00d07d5428cc89,[*]C(=O)NNC(=O)c1ccc([Si](c2ccccc2)(c2ccccc2)c2ccc(C(=O)NNC(=O)c3ccc[*]nc3)cc2)cc1,513.15,train
698ddbe96c00d07d5428cc8a,[*]C(=O)NNC(=O)c1ccc([Si](c2ccccc2)(c2ccccc2)c2ccc(C(=O)NNC(=O)c3cncc[*]c3)cc2)cc1,507.15,train
698ddbe96c00d07d5428cc8b,[*]NNC(=O)c1ccc(C(=O)NNC(=O)c2ccc([Si](c3ccccc3)(c3ccccc3)c3ccc(C[*]=O)cc3)cc2)c2ccccc12,543.15,train
698ddbe96c00d07d5428cc8c,[*]CCCCNC(=O)CC(=O)N[*],346.15,train
698ddbe96c00d07d5428cc8d,[*]CCCCCCNC(=O)CC(=O)N[*],323.15,train
698ddbe96c00d07d5428cc8e,[*]CCCCCCCCNC(=O)CC(=O)N[*],328.15,val
698ddbe96c00d07d5428cc8f,[*]CCCCNC(=O)C(OC)C(OC)C(=O)N[*],373.15,test
698ddbe96c00d07d5428cc90,[*]CCCCCCNC(=O)C(OC)C(OC)C(=O)N[*],379.15,test
698ddbe96c00d07d5428cc91,[*]CCCCCCCCNC(=O)C(OC)C(OC)C(=O)N[*],362.15,train
698ddbe96c00d07d5428cc92,[*]CCCNC(=O)C(OC)C(OC)C(=O)N[*],396.15,train
698ddbe96c00d07d5428cc93,[*]CCCCCNC(=O)C(OC)C(OC)C(=O)N[*],386.15,train
698ddbe96c00d07d5428cc94,[*]CCCCCCCNC(=O)C(OC)C(OC)C(=O)N[*],360.15,train
698ddbe96c00d07d5428cc95,[*]CCCCCCCCCNC(=O)C(OC)C(OC)C(=O)N[*],357.15,test
698ddbe96c00d07d5428cc96,[*]CCCCCCCCCCCCNC(=O)C(OC)C(OC)C(=O)N[*],357.15,train
698ddbe96c00d07d5428cc97,[*]CCNC(=O)c1ccc(C(=O)N[*])c(Sc2ccccc2)c1,445.15,train
698ddbe96c00d07d5428cc98,[*]CCCCNC(=O)c1ccc(C(=O)N[*])c(Sc2ccccc2)c1,409.15,train
698ddbe96c00d07d5428cc99,[*]CCCCCCNC(=O)c1ccc(C(=O)N[*])c(Sc2ccccc2)c1,394.15,train
698ddbe96c00d07d5428cc9a,[*]CCCCCCCCNC(=O)c1ccc(C(=O)N[*])c(Sc2ccccc2)c1,383.15,train
698ddbe96c00d07d5428cc9b,[*]CCCCCCCCCCNC(=O)c1ccc(C(=O)N[*])c(Sc2ccccc2)c1,373.15,val
698ddbe96c00d07d5428cc9c,[*]CCCCCCCCCCCCNC(=O)c1ccc(C(=O)N[*])c(Sc2ccccc2)c1,365.15,train
698ddbe96c00d07d5428cc9d,[*]CCCCCCNC(=O)c1ccc(C(=O)N[*])c(Oc2ccc(F)cc2)c1,386.15,train
698ddbe96c00d07d5428cc9e,[*]CCCCCCNC(=O)c1ccc(C(=O)N[*])c(Oc2ccc(Cl)cc2)c1,385.15,train
698ddbe96c00d07d5428cc9f,[*]CCCCCCNC(=O)c1ccc(C(=O)N[*])c(Oc2ccc(Br)cc2)c1,389.15,train
698ddbe96c00d07d5428cca0,[*]C(=O)NCCCCCCNC(=O)c1ncn(C)c1[*],359.15,train
698ddbe96c00d07d5428cca1,[*]C(=O)NCC(C)(C)CNC(=O)c1ncn(C)c1[*],425.15,val
698ddbe96c00d07d5428cca2,[*]C(=O)NCCNC(=O)c1ncn(C)c1[*],462.15,test
698ddbe96c00d07d5428cca3,[*]Nc1cccc(NC(=O)c2cc(NC(=O)c3ccncc3)cc(C[*]=O)c2)c1,594.15,train
698ddbe96c00d07d5428cca4,[*]Nc1ccc(NC(=O)c2cc(NC(=O)c3ccncc3)cc(C[*]=O)c2)cc1,600.15,train
698ddbe96c00d07d5428cca5,[*]Nc1ccc(-c2ccc(NC(=O)c3cc(NC(=O)c4ccncc4)cc(C[*]=O)c3)cc2)cc1,612.15,train
698ddbe96c00d07d5428cca6,[*]Nc1ccc(Cc2ccc(NC(=O)c3cc(NC(=O)c4ccncc4)cc(C[*]=O)c3)cc2)cc1,575.15,train
698ddbe96c00d07d5428cca7,[*]Nc1ccc(NC(=O)Cc2cc(C)c(CC[*]=O)cc2C)cc1,448.15,test
698ddbe96c00d07d5428cca8,[*]Nc1cccc(NC(=O)Cc2cc(C)c(CC[*]=O)cc2C)c1,522.15,train
698ddbe96c00d07d5428cca9,[*]Nc1ccc(-c2ccc(NC(=O)Cc3cc(C)c(CC[*]=O)cc3C)cc2)cc1,444.15,train
698ddbe96c00d07d5428ccaa,[*]Nc1ccc(NC(=O)Cc2cc(CC[*]=O)c(C)cc2C)cc1,481.15,train
698ddbe96c00d07d5428ccab,[*]Nc1cccc(NC(=O)Cc2cc(CC[*]=O)c(C)cc2C)c1,495.15,train
698ddbe96c00d07d5428ccac,[*]Nc1ccc(-c2ccc(NC(=O)Cc3cc(CC[*]=O)c(C)cc3C)cc2)cc1,503.15,train
698ddbe96c00d07d5428ccad,[*]N/C(C#N)=C(\C#N)NC(=O)c1ccc(C[*]=O)cc1,505.15,train
698ddbe96c00d07d5428ccae,[*]Nc1cc([N+](=O)[O-])c(NC(=O)CCCCCCCCCCCCC[*]=O)cc1/C=C/c1ccc(N(C)C)cc1,398.15,train
698ddbe96c00d07d5428ccaf,[*]Nc1cc([N+](=O)[O-])c(NC(=O)CCCCCCCCCCC[*]=O)cc1/C=C/c1ccc(N(C)C)cc1,417.15,train
698ddbe96c00d07d5428ccb0,[*]Nc1cc([N+](=O)[O-])c(NC(=O)CCCCCCCCC[*]=O)cc1/C=C/c1ccc(N(C)C)cc1,432.15,train
698ddbe96c00d07d5428ccb1,[*]Nc1cc([N+](=O)[O-])c(NC(=O)CCCCCCC[*]=O)cc1/C=C/c1ccc(N(C)C)cc1,453.15,train
698ddbe96c00d07d5428ccb2,[*]Nc1cc([N+](=O)[O-])c(NC(=O)CCCCC[*]=O)cc1/C=C/c1ccc(N(C)C)cc1,479.15,train
698ddbe96c00d07d5428ccb3,[*]NC(CCC(=O)OCc1ccc(F)cc1)C[*]=O,320.04999999999995,train
698ddbe96c00d07d5428ccb4,[*]NC(CCC(=O)OCc1ccc(C(F)(F)F)cc1)C[*]=O,299.71999999999997,train
698ddbe96c00d07d5428ccb5,[*]/N=N/c1ccc(C(=O)NCCCCNC(=O)c2ccc[*]cc2)cc1,488.15,train
698ddbe96c00d07d5428ccb6,[*]/N=N/c1ccc(NC(=O)CCC(=O)Nc2ccc[*]cc2)cc1,493.15,train
698ddbe96c00d07d5428ccb7,[*]Nc1ccc(NC(=O)c2cc(C(=O)c3ccc(C(=O)O)c(C[*]=O)c3)ccc2C(=O)O)cc1,486.34999999999997,test
698ddbe96c00d07d5428ccb8,[*]Nc1ccc(NC(=O)c2cc(-c3ccc(C(=O)O)c(C[*]=O)c3)ccc2C(=O)O)cc1,521.55,test
698ddbe96c00d07d5428ccb9,[*]Nc1ccc(NC(=O)c2cc(C[*]=O)c(C(=O)O)cc2C(=O)O)cc1,556.55,train
698ddbe96c00d07d5428ccba,[*]Nc1cc(NC(=O)c2cc(OCCN(C)c3ccc([N+](=O)[O-])cc3)cc(C[*]=O)c2)cc(C(=O)OC2CC(C)CCC2C(C)C)c1,466.15,train
698ddbe96c00d07d5428ccbb,[*]Nc1cc(NC(=O)c2cc(OCCN(C)c3ccc([N+](=O)[O-])cc3)cc(C[*]=O)c2)cc(C(=O)OC)c1,450.15,train
698ddbe96c00d07d5428ccbc,[*]Nc1ccc(C2(c3ccc(NC(=O)c4ccc(-c5ccc(C[*]=O)c(C)c5)cc4C)cc3)c3ccccc3-c3ccccc32)cc1,566.15,train
698ddbe96c00d07d5428ccbd,[*]Nc1ccc(C(c2ccc(NC(=O)c3ccc(-c4ccc(C[*]=O)c(C)c4)cc3C)cc2)(C(F)(F)F)C(F)(F)F)cc1,562.15,test
698ddbe96c00d07d5428ccbe,[*]c1cccc(NC(=O)c2ccc(-c3ccc(C(=O)Nc4cccc(S[*](=O)=O)c4)c(C)c3)cc2C)c1,533.15,train
698ddbe96c00d07d5428ccbf,[*]Nc1ccc(-c2c(-c3ccccc3)cc(-c3ccc(-c4cc(-c5ccccc5)c(-c5ccc(NC(=O)c6ccc(C[*]=O)cc6)cc5)c(-c5ccccc5)c4)cc3)cc2-c2ccccc2)cc1,563.15,train
698ddbe96c00d07d5428ccc0,[*]Nc1ccc(-c2c(-c3ccc(-c4ccccc4)cc3)cc(-c3ccc(-c4cc(-c5ccc(-c6ccccc6)cc5)c(-c5ccc(NC(=O)c6ccc(C[*]=O)cc6)cc5)c(-c5ccc(-c6ccccc6)cc5)c4)cc3)cc2-c2ccc(-c3ccccc3)cc2)cc1,578.15,train
698ddbe96c00d07d5428ccc1,[*]c1ccc(C(=O)NCCCCCCNC(=O)c2ccc(-c3nc4ccccc4nc3[*])cc2)cc1,474.15,train
698ddbe96c00d07d5428ccc2,[*]c1ccc(C(=O)NCCCCCCCCNC(=O)c2ccc(-c3nc4ccccc4nc3[*])cc2)cc1,458.15,test
698ddbe96c00d07d5428ccc3,[*]c1ccc(C(=O)NCCCCCCCCCCNC(=O)c2ccc(-c3nc4ccccc4nc3[*])cc2)cc1,439.15,train
698ddbe96c00d07d5428ccc4,[*]c1ccc(C(=O)NCCCCCCCCCCCCNC(=O)c2ccc(-c3nc4ccccc4nc3[*])cc2)cc1,427.15,test
698ddbe96c00d07d5428ccc5,[*]Nc1ccc(NC(=O)c2ccc(NC(=O)CCCCCCCCC(=O)Nc3ccc(C[*]=O)cc3)cc2)cc1C(=O)OCCCCCCCCCCCC,501.65,train
698ddbe96c00d07d5428ccc6,[*]Nc1ccc(NC(=O)c2ccc(NC(=O)CCCCCCCCCCC(=O)Nc3ccc(C[*]=O)cc3)cc2)cc1C(=O)OCCCCCCCCCCCC,478.65,train
698ddbe96c00d07d5428ccc7,[*]Nc1ccc(NC(=O)c2ccc(NC(=O)CCCCCCCCCCCCC(=O)Nc3ccc(C[*]=O)cc3)cc2)cc1C(=O)OCCCCCCCCCCCC,472.65,train
698ddbe96c00d07d5428ccc8,[*]Nc1ccc(NC(=O)c2ccc(NC(=O)CCCCCCCCC(=O)Nc3ccc(C[*]=O)cc3)cc2)cc1C(=O)OCCCCCCCCCCCCCC,498.15,train
698ddbe96c00d07d5428ccc9,[*]Nc1ccc(NC(=O)c2ccc(NC(=O)CCCCCCCCCCC(=O)Nc3ccc(C[*]=O)cc3)cc2)cc1C(=O)OCCCCCCCCCCCCCC,472.65,train
698ddbe96c00d07d5428ccca,[*]Nc1ccc(NC(=O)c2ccc(NC(=O)CCCCCCCCCCCCC(=O)Nc3ccc(C[*]=O)cc3)cc2)cc1C(=O)OCCCCCCCCCCCCCC,477.65,train
698ddbe96c00d07d5428cccb,[*]Nc1ccc(NC(=O)c2ccc(NC(=O)CCCCCCCCC(=O)Nc3ccc(C[*]=O)cc3)cc2)cc1C(=O)OCCCCCCCCCCCCCCCC,493.15,train
698ddbe96c00d07d5428cccc,[*]Nc1ccc(NC(=O)c2ccc(NC(=O)CCCCCCCCCCC(=O)Nc3ccc(C[*]=O)cc3)cc2)cc1C(=O)OCCCCCCCCCCCCCCCC,472.65,train
698ddbe96c00d07d5428cccd,[*]Nc1ccc(NC(=O)c2ccc(NC(=O)CCCCCCCCCCCCC(=O)Nc3ccc(C[*]=O)cc3)cc2)cc1C(=O)OCCCCCCCCCCCCCCCC,523.15,train
698ddbe96c00d07d5428ccce,[*]Nc1ccc(NC(=O)c2ccc(NC(=O)CCCCCCC(=O)Nc3ccc(C[*]=O)cc3)cc2)cc1C(=O)OCCCCCCCCCCCCCCCCCC,578.15,test
698ddbe96c00d07d5428cccf,[*]Nc1ccc(NC(=O)c2ccc(NC(=O)CCCCCCCCC(=O)Nc3ccc(C[*]=O)cc3)cc2)cc1C(=O)OCCCCCCCCCCCCCCCCCC,553.15,train
698ddbe96c00d07d5428ccd0,[*]Nc1ccc(NC(=O)c2ccc(NC(=O)CCCCCCCCCCC(=O)Nc3ccc(C[*]=O)cc3)cc2)cc1C(=O)OCCCCCCCCCCCCCCCCCC,469.65,train
698ddbe96c00d07d5428ccd1,[*]Nc1ccc(NC(=O)c2ccc(NC(=O)CCCCCCCCCCCCC(=O)Nc3ccc(C[*]=O)cc3)cc2)cc1C(=O)OCCCCCCCCCCCCCCCCCC,464.15,train
698ddbe96c00d07d5428ccd2,[*]CCCCCCCCCCCCNC(=O)CCCCCCCCCCCCCCCCCCC(=O)N[*],494.75,train
698ddbe96c00d07d5428ccd3,[*]Cc1cccc(CNC(=O)C2=C(C(=O)N[*])C3C=CC2C3)c1,564.15,train
698ddbe96c00d07d5428ccd4,[*]c1ccc(S(=O)(=O)c2ccc(-n3nc(-c4ccccc4)c4ccc(S(=O)(=O)c5ccc6c(-c7ccccc7)nn[*]c(=O)c6c5)cc4c3=O)cc2)cc1,695.15,train
698ddbe96c00d07d5428ccd5,[*]CCCCCCN(CC(F)(F)C(F)(F)C(F)(F)C(F)(F)C(F)(F)C(F)(F)C(F)(F)F)C(=O)CCCCC(=O)N[*]CC(F)(F)C(F)(F)C(F)(F)C(F)(F)C(F)(F)C(F)(F)C(F)(F)F,392.54999999999995,train
698ddbe96c00d07d5428ccd6,[*]CCCCCCN(CC(F)(F)C(F)(F)F)C(=O)C(F)(F)C(F)(F)C(F)(F)C(=O)N[*]CC(F)(F)C(F)(F)F,447.15,train
698ddbe96c00d07d5428ccd7,[*]CCCCCCN(CC(F)(F)C(F)(F)C(F)(F)C(F)(F)C(F)(F)C(F)(F)C(F)(F)F)C(=O)C(F)(F)C(F)(F)C(F)(F)C(=O)N[*]CC(F)(F)C(F)(F)C(F)(F)C(F)(F)C(F)(F)C(F)(F)C(F)(F)F,460.65,train
698ddbe96c00d07d5428ccd8,[*]c1ccc(NC(=O)c2cccc(C(=O)Nc3ccc(S[*](=O)=O)cc3)c2)cc1,351.15,train
698ddbe96c00d07d5428ccd9,[*]Nc1ccc(NC(=O)c2cc(-c3ccc(C(=O)OCC)c(C[*]=O)c3)ccc2C(=O)OCC)cc1,504.84999999999997,train
698ddbe96c00d07d5428ccda,[*]Nc1ccc(NC(=O)c2cc(-c3ccc(C(=O)OC)c(C[*]=O)c3)ccc2C(=O)OC)cc1,507.34999999999997,test
698ddbe96c00d07d5428ccdb,[*]NC(CCC(=O)Nc1ccc(N(c2ccccc2)c2ccccc2)cc1)C[*]=O,405.15,val
698ddbe96c00d07d5428ccdc,[*]Nc1cc(NC(=O)c2cc(OCCCS(=O)(=O)c3ccc(/N=N/c4ccc(N(C)C)cc4)cc3)cc(C[*]=O)c2)cc(C(=O)OCCCN(C)c2ccc(/N=N/c3ccc(S(C)(=O)=O)cc3)cc2)c1,439.15,train
698ddbe96c00d07d5428ccdd,[*]Nc1cc(NC(=O)c2cc(OCCCN(C)c3ccc(/N=N/c4ccc(S(C)(=O)=O)cc4)cc3)cc(C[*]=O)c2)cc(C(=O)OCCCN(C)c2ccc(/N=N/c3ccc(S(C)(=O)=O)cc3)cc2)c1,441.15,train
698ddbe96c00d07d5428ccde,[*]Nc1ccc(NC(=O)c2ccc(NC(=O)c3ccc([Si](C)(C)c4ccc(C(=O)Nc5ccc(C[*]=O)cc5)cc4)cc3)cc2)cc1,611.15,train
698ddbe96c00d07d5428ccdf,[*]Nc1cccc(NC(=O)c2ccc(NC(=O)c3ccc([Si](C)(C)c4ccc(C(=O)Nc5ccc(C[*]=O)cc5)cc4)cc3)cc2)c1,576.15,test
698ddbe96c00d07d5428cce0,[*]Nc1ccc(-c2ccc(NC(=O)c3ccc(NC(=O)c4ccc([Si](C)(C)c5ccc(C(=O)Nc6ccc(C[*]=O)cc6)cc5)cc4)cc3)cc2)cc1,593.15,val
698ddbe96c00d07d5428cce1,[*]Nc1ccc(C(=O)Nc2ccc(Cc3ccc(NC(=O)c4ccc(NC(=O)c5ccc([Si](C)(C)c6ccc(C[*]=O)cc6)cc5)cc4)cc3)cc2)cc1,573.15,test
698ddbe96c00d07d5428cce2,[*]c1ccc(NC(=O)c2ccc(NC(=O)c3ccc([Si](C)(C)c4ccc(C(=O)Nc5ccc(C(=O)Nc6ccc(S[*](=O)=O)cc6)cc5)cc4)cc3)cc2)cc1,588.15,test
698ddbe96c00d07d5428cce3,[*]Nc1cccc2c(NC(=O)c3ccc(NC(=O)c4ccc([Si](C)(C)c5ccc(C(=O)Nc6ccc(C[*]=O)cc6)cc5)cc4)cc3)cccc12,651.15,train
698ddbe96c00d07d5428cce4,[*]Cc1ccccc1CN(CC)c1ccc(/C=C/c2ccc(/C=C(\C#N)C(=O)NC3CCCCC3NC(=O)/C(C#N)=C/c3ccc(/C=C/c4ccc(N[*]CC)cc4)cc3)cc2)cc1,474.15,train
698ddbe96c00d07d5428cce5,[*]c1ccc(/C=C(\C#N)C(=O)NC2CCCCC2NC(=O)/C(C#N)=C/c2ccc(N(c3ccccc3)c3ccc(N[*]c4ccccc4)cc3)cc2)cc1,512.15,train
698ddbe96c00d07d5428cce6,[*]Cc1ccccc1CN(CC)c1ccc(/C=C(\C#N)C(=O)Nc2cccc(NC(=O)/C(C#N)=C/c3ccc(N[*]CC)cc3)c2)cc1,461.15,test
698ddbe96c00d07d5428cce7,[*]NNC(=O)c1ccc(C[*]=O)cc1OCC,513.15,train
698ddbe96c00d07d5428cce8,[*]NNC(=O)c1ccc(C[*]=O)cc1OCCCCC,507.15,test
698ddbe96c00d07d5428cce9,[*]NNC(=O)c1ccc(C[*]=O)cc1OCCCCCCCC,476.65,train
698ddbe96c00d07d5428ccea,[*]NNC(=O)c1ccc(C[*]=O)cc1OCCCCCCCCCC,466.15,test
698ddbe96c00d07d5428cceb,[*]Nc1ccc(NC(=O)c2ccc(C(c3ccc(C[*]=O)c(C(=O)OCC)c3)(C(F)(F)F)C(F)(F)F)cc2C(=O)OCC)cc1,543.15,val
698ddbe96c00d07d5428ccec,[*]Nc1ccc(NC(=O)c2ccc(C(=O)c3ccc(C[*]=O)c(C(=O)OCC)c3)cc2C(=O)OCC)cc1,548.15,val
698ddbe96c00d07d5428cced,[*]CCNC(=O)c1ccc([Si](C)(C)c2ccc(C(=O)NCCN[*]c3ccc(/C=C/c4ccc([N+](=O)[O-])cc4)cc3)cc2)cc1,423.15,train
698ddbe96c00d07d5428ccee,[*]CCNC(=O)c1ccc([Si](CCCC)(CCCC)c2ccc(C(=O)NCCN[*]c3ccc(/C=C/c4ccc([N+](=O)[O-])cc4)cc3)cc2)cc1,388.15,train
698ddbe96c00d07d5428ccef,[*]CCNC(=O)c1ccc([Si](c2ccccc2)(c2ccccc2)c2ccc(C(=O)NCCN[*]c3ccc(/C=C/c4ccc([N+](=O)[O-])cc4)cc3)cc2)cc1,438.15,train
698ddbe96c00d07d5428ccf0,[*]CCCCCCNC(=O)CCCCCCCCCCCCCCC(=O)N[*],313.15,train
698ddbe96c00d07d5428ccf1,[*]CCCCCCCCNC(=O)CCCCCCCCCCCCCCC(=O)N[*],325.15,train
698ddbe96c00d07d5428ccf2,[*]CCCCCCCCCCNC(=O)CCCCCCCCCCCCCCC(=O)N[*],318.15,train
698ddbe96c00d07d5428ccf3,[*]CCCCCCCCCCCCNC(=O)CCCCCCCCCCCCCCC(=O)N[*],319.15,train
698ddbe96c00d07d5428ccf4,[*]CCCCCCCCCCCCNC(=O)CCCCCCCCCCCCC(=O)N[*],322.15,train
698ddbe96c00d07d5428ccf5,[*]Nc1ccc(C2(c3ccc(NC(=O)c4ccc(C[*]=O)cc4)cc3)c3ccccc3-c3ccccc32)cc1,592.15,val
698ddbe96c00d07d5428ccf6,[*]Nc1ccc(C2(c3ccc(NC(=O)c4cccc(C[*]=O)c4)cc3)c3ccccc3-c3ccccc32)cc1,550.15,val
698ddbe96c00d07d5428ccf7,[*]Nc1ccc(C2(c3ccc(NC(=O)c4cc(C[*]=O)cc(C(C)(C)C)c4)cc3)c3ccccc3-c3ccccc32)cc1,557.15,train
698ddbe96c00d07d5428ccf8,[*]Oc1ccc(CC(NC(=O)CCc2ccc(OC[*]=O)cc2)C(=O)OCCCCCC)cc1,324.65,val
698ddbe96c00d07d5428ccf9,[*]Oc1ccc(CC(NC(=O)CCc2ccc(OC[*]=O)cc2)C(=O)OCCCC)cc1,340.15,train
698ddbe96c00d07d5428ccfa,[*]Oc1ccc(CC(NC(=O)CCc2ccc(OC[*]=O)cc2)C(=O)OCC)cc1,369.15,val
698ddbe96c00d07d5428ccfb,[*]Nc1ccc(Cc2ccc(NC(=O)c3cc(NC(=O)CCN4C(=O)c5ccccc5C4=O)cc(C[*]=O)c3)cc2)cc1,508.15,train
698ddbe96c00d07d5428ccfc,[*]Nc1ccc(Cc2ccc(NC(=O)c3cc(NC(=O)CCCN4C(=O)c5ccccc5C4=O)cc(C[*]=O)c3)cc2)cc1,493.15,train
698ddbe96c00d07d5428ccfd,[*]Nc1ccc(C(c2ccc(NC(=O)c3cc(NC(=O)CCCN4C(=O)c5ccccc5C4=O)cc(C[*]=O)c3)cc2)(C(F)(F)F)C(F)(F)F)cc1,513.15,train
698ddbe96c00d07d5428ccfe,[*]Nc1ccc(Cc2ccc(NC(=O)c3cc(NC(=O)CCCCCN4C(=O)c5ccccc5C4=O)cc(C[*]=O)c3)cc2)cc1,468.15,train
698ddbe96c00d07d5428ccff,[*]Nc1ccc(C(c2ccc(NC(=O)c3cc(NC(=O)CCCCCN4C(=O)c5ccccc5C4=O)cc(C[*]=O)c3)cc2)(C(F)(F)F)C(F)(F)F)cc1,498.15,train
698ddbe96c00d07d5428cd00,[*]Nc1ccc(Cc2ccc(NC(=O)c3cc(NC(=O)CCCCCCCCCCN4C(=O)c5ccccc5C4=O)cc(C[*]=O)c3)cc2)cc1,423.15,val
698ddbe96c00d07d5428cd01,[*]Nc1ccc(C(c2ccc(NC(=O)c3ccc(C[*]=O)cc3)cc2)(C(F)(F)F)C(F)(F)F)cc1,563.15,test
698ddbe96c00d07d5428cd02,[*]Nc1ccc(C(c2ccc(NC(=O)c3cccc(C[*]=O)c3)cc2)(C(F)(F)F)C(F)(F)F)cc1,545.15,train
698ddbe96c00d07d5428cd03,[*]Nc1ccc(C(c2ccc(NC(=O)c3cc(C[*]=O)cc(C(C)(C)C)c3)cc2)(C(F)(F)F)C(F)(F)F)cc1,557.25,test
698ddbe96c00d07d5428cd04,[*]Nc1ccc(C(=O)c2ccc(NC(=O)c3ccc(C[*]=O)cc3)cc2)cc1,573.15,train
698ddbe96c00d07d5428cd05,[*]Nc1ccc(C(=O)c2ccc(NC(=O)c3cccc(C[*]=O)c3)cc2)cc1,526.3499999999999,val
698ddbe96c00d07d5428cd06,[*]Nc1ccc(C(=O)c2ccc(NC(=O)c3cc(C[*]=O)cc(C(C)(C)C)c3)cc2)cc1,544.15,train
698ddbe96c00d07d5428cd07,[*]Nc1ccc(C(c2ccc(NC(=O)c3cccc(C[*]=O)c3)cc2)(P2(=O)Oc3ccccc3-c3ccccc32)P2(=O)Oc3ccccc3-c3ccccc32)cc1,503.15,train
698ddbe96c00d07d5428cd08,[*]Nc1ccc(C(c2ccc(NC(=O)c3ccc(C[*]=O)cc3)cc2)(P2(=O)Oc3ccccc3-c3ccccc32)P2(=O)Oc3ccccc3-c3ccccc32)cc1,518.15,test
698ddbe96c00d07d5428cd09,[*]Nc1ccc(C(c2ccc(NC(=O)c3ccc(C(c4ccc(C[*]=O)cc4)(C(F)(F)F)C(F)(F)F)cc3)cc2)(P2(=O)Oc3ccccc3-c3ccccc32)P2(=O)Oc3ccccc3-c3ccccc32)cc1,508.15,train
698ddbe96c00d07d5428cd0a,[*]Nc1ccc(C(c2ccc(NC(=O)c3cc(C[*]=O)cc(C(C)(C)C)c3)cc2)(P2(=O)Oc3ccccc3-c3ccccc32)P2(=O)Oc3ccccc3-c3ccccc32)cc1,508.15,val
698ddbe96c00d07d5428cd0b,[*]Nc1ccc(C(c2ccc(NC(=O)c3ccc(-c4ccc(C[*]=O)cc4)cc3)cc2)(P2(=O)Oc3ccccc3-c3ccccc32)P2(=O)Oc3ccccc3-c3ccccc32)cc1,524.15,train
698ddbe96c00d07d5428cd0c,[*]Nc1ccc(C(c2ccc(NC(=O)c3ccc4cc(C[*]=O)ccc4c3)cc2)(P2(=O)Oc3ccccc3-c3ccccc32)P2(=O)Oc3ccccc3-c3ccccc32)cc1,514.15,val
698ddbe96c00d07d5428cd0d,[*]CCCCCCCCCCCNC(=O)CCCCCCCCCCCCCCCCCCC(=O)N[*],302.15,test
698ddbe96c00d07d5428cd0e,[*]CCCCCCCCCNC(=O)CCCCCCCCCCCCCCCCCCC(=O)N[*],315.15,train
698ddbe96c00d07d5428cd0f,[*]CCCCCCCNC(=O)CCCCCCCCCCCCCCCCCCC(=O)N[*],319.15,train
698ddbe96c00d07d5428cd10,[*]CCCCCNC(=O)CCCCCCCCCCCCCCCCCCC(=O)N[*],325.15,test
698ddbe96c00d07d5428cd11,[*]Nc1ccc(-c2ccc(NC(=O)c3cccc(C[*]=O)c3)c(OC)c2)cc1OC,491.34999999999997,train
698ddbe96c00d07d5428cd12,[*]Nc1ccc(NC(=O)c2ccc(C(=O)c3ccc(C[*]=O)c(C(=O)O)c3)cc2C(=O)O)cc1,590.15,val
698ddbe96c00d07d5428cd13,[*]CCNC(=O)c1ccc(C(=O)N[*])c(Oc2ccccc2)c1,437.15,test
698ddbe96c00d07d5428cd14,[*]CCCCNC(=O)c1ccc(C(=O)N[*])c(Oc2ccccc2)c1,398.15,train
698ddbe96c00d07d5428cd15,[*]CCCCCCNC(=O)c1ccc(C(=O)N[*])c(Oc2ccccc2)c1,381.15,train
698ddbe96c00d07d5428cd16,[*]CCCCCCCCNC(=O)c1ccc(C(=O)N[*])c(Oc2ccccc2)c1,369.15,train
698ddbe96c00d07d5428cd17,[*]CCCCCCCCCCNC(=O)c1ccc(C(=O)N[*])c(Oc2ccccc2)c1,367.15,train
698ddbe96c00d07d5428cd18,[*]CCCCCCCCCCCCNC(=O)c1ccc(C(=O)N[*])c(Oc2ccccc2)c1,348.15,train
698ddbe96c00d07d5428cd19,[*]CCCCCCNC(=O)c1ccc(C(=O)N[*])c(Oc2ccc(-c3ccccc3)cc2)c1,385.15,test
698ddbe96c00d07d5428cd1a,[*]Nc1cc(NC(=O)c2cccc(C[*]=O)c2)cc(C(=O)OCCOc2ccc(/C=C/C(=O)c3ccccc3)cc2)c1,489.15,train
698ddbe96c00d07d5428cd1b,[*]Nc1cc(NC(=O)c2ccc(C[*]=O)cc2)cc(C(=O)OCCOc2ccc(/C=C/C(=O)c3ccccc3)cc2)c1,506.15,test
698ddbe96c00d07d5428cd1c,[*]Nc1cc(NC(=O)c2ccc(-c3ccc(C[*]=O)cc3)cc2)cc(C(=O)OCCOc2ccc(/C=C/C(=O)c3ccccc3)cc2)c1,527.15,test
698ddbe96c00d07d5428cd1d,[*]Nc1cc(NC(=O)c2ccc3cc(C[*]=O)ccc3c2)cc(C(=O)OCCOc2ccc(/C=C/C(=O)c3ccccc3)cc2)c1,520.15,train
698ddbe96c00d07d5428cd1e,[*]Nc1cc(NC(=O)c2cccc(C[*]=O)c2)cc(C(=O)OCCOC(=O)/C=C/c2ccc(N(C)C)cc2)c1,459.15,train
698ddbe96c00d07d5428cd1f,[*]Nc1cc(NC(=O)c2ccc(C[*]=O)cc2)cc(C(=O)OCCOC(=O)/C=C/c2ccc(N(C)C)cc2)c1,471.15,test
698ddbe96c00d07d5428cd20,[*]CCCCCCCCCCCNC(=O)CCCCCCCCCCC(=O)N[*],312.15,train
698ddbe96c00d07d5428cd21,[*]NC(C)(CC)C[*]=O,347.29999999999995,train
698ddbe96c00d07d5428cd22,[*]CCCCCCN(C)C(=O)CCC(=O)N[*]C,280.65,train
698ddbe96c00d07d5428cd23,[*]CCCCCCN(C)C(=O)CCCC(=O)N[*]C,276.15,train
698ddbe96c00d07d5428cd24,[*]CCCC1(C)CCN(C(=O)CCC(=O)N2CCC[*](C)CC2)CC1,372.15,train
698ddbe96c00d07d5428cd25,[*]CCCC1(C)CCN(C(=O)CC(C)C(=O)N2CCC[*](C)CC2)CC1,345.15,train
698ddbe96c00d07d5428cd26,[*]CCCC1(C)CCN(C(=O)CCCC(=O)N2CCC[*](C)CC2)CC1,331.15,train
698ddbe96c00d07d5428cd27,[*]CCCCCCNC(=O)C(CC)CC(CC)C(=O)N[*],367.15,val
698ddbe96c00d07d5428cd28,[*]Nc1ccc(-c2ccc(NC(=O)c3cc(NC(=O)c4ccc(NC(=O)C(C)N5C(=O)c6ccccc6C5=O)cc4)cc(C[*]=O)c3)cc2)cc1,475.15,train
698ddbe96c00d07d5428cd29,[*]c1ccc(NC(=O)c2cc(NC(=O)c3ccc(NC(=O)C(C)N4C(=O)c5ccccc5C4=O)cc3)cc(C(=O)Nc3ccc(S[*](=O)=O)cc3)c2)cc1,481.15,train
698ddbe96c00d07d5428cd2a,[*]Nc1ccc(Cc2ccc(NC(=O)c3cc(NC(=O)C(C(C)CC)N4C(=O)c5ccccc5C4=O)cc(C[*]=O)c3)cc2)cc1,468.15,train
698ddbe96c00d07d5428cd2b,[*]Nc1cc(NC(=O)c2cc(NC(=O)C(C(C)CC)N3C(=O)c4ccccc4C3=O)cc(C[*]=O)c2)ccc1C,439.15,train
698ddbe96c00d07d5428cd2c,[*]NC1CC(C)(C)CC(C)(CNC(=O)c2cc(NC(=O)C(C(C)CC)N3C(=O)c4ccccc4C3=O)cc(C[*]=O)c2)C1,401.15,test
698ddbe96c00d07d5428cd2d,[*]CCCCCCNC(=O)c1cc(NC(=O)C(C(C)CC)N2C(=O)c3ccccc3C2=O)cc(C(=O)N[*])c1,408.15,train
698ddbe96c00d07d5428cd2e,[*]C(F)(F)C(=O)NCCCCCCNS[*](=O)=O,325.15,val
698ddbe96c00d07d5428cd2f,[*]O[Si](C)(C)CCCNC(=O)C(=O)NCCC[Si][*](C)C,226.67,train
698ddbe96c00d07d5428cd30,[*]C(=O)Nc1cccc(NC(=O)c2ccc(-c3nc4cc[*]ccc4[nH]3)cc2)c1,598.15,train
698ddbe96c00d07d5428cd31,[*]C(=O)Nc1ccc(NC(=O)c2ccc(NC(=O)c3ccc(-c4nc5cc[*]ccc5[nH]4)cc3)cc2)cc1,568.15,train
698ddbe96c00d07d5428cd32,[*]C(=O)Nc1cccc(NC(=O)c2cccc(NC(=O)c3ccc(-c4nc5cc[*]ccc5[nH]4)cc3)c2)c1,565.15,test
698ddbe96c00d07d5428cd33,[*]C(=O)Nc1cccc(NC(=O)c2ccc3[nH]c(-c4ccc(-c5nc6cc[*]ccc6[nH]5)cc4)nc3c2)c1,567.15,train
698ddbe96c00d07d5428cd34,[*]C(=O)Nc1ccc(C(=O)Nc2ccc(NC(=O)c3ccc4[nH]c(-c5ccc(-c6nc7cc[*]ccc7[nH]6)cc5)nc4c3)cc2)cc1,573.15,train
698ddbe96c00d07d5428cd35,[*]C(=O)Nc1cccc(C(=O)Nc2cccc(NC(=O)c3ccc4[nH]c(-c5ccc(-c6nc7cc[*]ccc7[nH]6)cc5)nc4c3)c2)c1,585.15,val
698ddbe96c00d07d5428cd36,[*]C(=O)Nc1cccc(NC(=O)c2ccc3[nH]c(-c4cccc(-c5nc6cc[*]ccc6[nH]5)c4)nc3c2)c1,570.65,train
698ddbe96c00d07d5428cd37,[*]C(=O)Nc1ccc(C(=O)Nc2ccc(NC(=O)c3ccc4[nH]c(-c5cccc(-c6nc7cc[*]ccc7[nH]6)c5)nc4c3)cc2)cc1,595.15,train
698ddbe96c00d07d5428cd38,[*]C(=O)Nc1cccc(C(=O)Nc2cccc(NC(=O)c3ccc4[nH]c(-c5cccc(-c6nc7cc[*]ccc7[nH]6)c5)nc4c3)c2)c1,604.15,train
698ddbe96c00d07d5428cd39,[*]Nc1cccc2c(NC(=O)c3cc(NC(=O)C(CCSC)N4C(=O)c5ccccc5C4=O)cc(C[*]=O)c3)cccc12,471.15,train
698ddbe96c00d07d5428cd3a,[*]Nc1cccc(NC(=O)c2cc(NC(=O)C(CCSC)N3C(=O)c4ccccc4C3=O)cc(C[*]=O)c2)c1,469.15,test
698ddbe96c00d07d5428cd3b,[*]Nc1ccc(Cc2ccc(NC(=O)c3ccc(P(=O)(c4ccccc4)c4ccc(C[*]=O)cc4)cc3)cc2)cc1,580.15,test
698ddbe96c00d07d5428cd3c,[*]Nc1ccc(Cc2ccc(NC(=O)c3cc(NC(=O)c4ccc(NC(=O)C(CC(C)C)N5C(=O)c6ccccc6C5=O)cc4)cc(C[*]=O)c3)cc2)cc1,511.15,test
698ddbe96c00d07d5428cd3d,[*]CCCCCCNC(=O)c1cc(NC(=O)c2ccc(NC(=O)C(CC(C)C)N3C(=O)c4ccccc4C3=O)cc2)cc(C(=O)N[*])c1,473.15,train
698ddbe96c00d07d5428cd3e,[*]C(=O)Nc1cccc(NC(=O)c2ccc3[nH]c(-c4cc(-c5nc6cc[*]ccc6[nH]5)cc(N5C(=O)c6ccccc6C5=O)c4)nc3c2)c1,577.15,train
698ddbe96c00d07d5428cd3f,[*]C(=O)Nc1cccc(NC(=O)c2ccc3[nH]c(-c4cc(-c5nc6cc[*]ccc6[nH]5)cc(N5C(=O)c6ccccc6C5=O)c4)nc3c2)n1,585.15,train
698ddbe96c00d07d5428cd40,[*]C(=O)Nc1ccc(NC(=O)c2ccc3[nH]c(-c4cc(-c5nc6cc[*]ccc6[nH]5)cc(N5C(=O)c6ccccc6C5=O)c4)nc3c2)cc1,568.15,train
698ddbe96c00d07d5428cd41,[*]C(=O)Nc1ccc(S(=O)(=O)c2ccc(NC(=O)c3ccc4[nH]c(-c5cc(-c6nc7cc[*]ccc7[nH]6)cc(N6C(=O)c7ccccc7C6=O)c5)nc4c3)cc2)cc1,598.15,train
698ddbe96c00d07d5428cd42,[*]C(=O)Nc1cc(NC(=O)c2ccc3[nH]c(-c4cc(-c5nc6cc[*]ccc6[nH]5)cc(N5C(=O)c6ccccc6C5=O)c4)nc3c2)cc(-c2nc3ccccc3[nH]2)c1,607.15,train
698ddbe96c00d07d5428cd43,[*]C(=O)Nc1cccc(NC(=O)c2ccc3[nH]c(-c4cccc(-c5nc6cc[*]ccc6[nH]5)c4)nc3c2)n1,575.15,train
698ddbe96c00d07d5428cd44,[*]C(=O)Nc1ccc(S(=O)(=O)c2ccc(NC(=O)c3ccc4[nH]c(-c5cccc(-c6nc7cc[*]ccc7[nH]6)c5)nc4c3)cc2)cc1,585.15,test
698ddbe96c00d07d5428cd45,[*]C(=O)Nc1cc(NC(=O)c2ccc3[nH]c(-c4cccc(-c5nc6cc[*]ccc6[nH]5)c4)nc3c2)cc(-c2nc3ccccc3[nH]2)c1,588.15,train
698ddbe96c00d07d5428cd46,[*]Nc1cccc(NC(=O)c2cc(NC(=O)C34CC5CC(CC(C5)C3)C4)cc(C[*]=O)c2)c1,638.15,train
698ddbe96c00d07d5428cd47,[*]Nc1ccc(C(c2ccc(NC(=O)c3cc(NC(=O)C45CC6CC(CC(C6)C4)C5)cc(C[*]=O)c3)cc2)(C(F)(F)F)C(F)(F)F)cc1,638.15,train
698ddbe96c00d07d5428cd48,[*]Nc1ccc(NC(=O)c2ccc(NC(=O)c3cc(NC(=O)C45CC6CC(CC(C6)C4)C5)cc(C[*]=O)c3)cc2)cc1,638.15,train
698ddbe96c00d07d5428cd49,[*]Nc1ccc(C2(c3ccc(NC(=O)c4cc(NC(=O)C56CC7CC(CC(C7)C5)C6)cc(C[*]=O)c4)cc3)c3ccccc3-c3ccccc32)cc1,643.15,train
698ddbe96c00d07d5428cd4a,[*]C(=O)c1ccc(N[*]C)cc1,470.15,train
698ddbe96c00d07d5428cd4b,[*]C(=O)c1ccc(N[*]CCC)cc1,409.15,train
698ddbe96c00d07d5428cd4c,[*]C(=O)c1ccc(N[*]CCCC)cc1,397.15,train
698ddbe96c00d07d5428cd4d,[*]C(=O)c1ccc(N[*]CCCCC)cc1,356.65,test
698ddbe96c00d07d5428cd4e,[*]C(=O)c1ccc(N[*]CCCCCCC)cc1,319.04999999999995,test
698ddbe96c00d07d5428cd4f,[*]C(=O)c1ccc(N[*]CCCCCCCC)cc1,303.15,train
698ddbe96c00d07d5428cd50,[*]Nc1cc(NC(=O)c2cccc(C[*]=O)c2)cc(C(=O)Oc2ccc(Oc3ccc(C#N)c(C#N)c3)cc2)c1,578.15,test
698ddbe96c00d07d5428cd51,[*]Nc1cc(NC(=O)c2ccccc2C[*]=O)cc(-c2nnc(-c3ccccn3)o2)c1,363.15,train
698ddbe96c00d07d5428cd52,[*]Nc1cc(NC(=O)c2cccc(C[*]=O)c2)cc(-c2nnc(-c3ccccn3)o2)c1,428.15,test
698ddbe96c00d07d5428cd53,[*]Nc1cc(NC(=O)c2ccc(C[*]=O)cc2)cc(-c2nnc(-c3ccccn3)o2)c1,503.15,train
698ddbe96c00d07d5428cd54,[*]C(=O)Nc1cc(NC(=O)c2cccc[*]n2)cc(-c2nnc(-c3ccccn3)o2)c1,528.15,test
698ddbe96c00d07d5428cd55,[*]Nc1cc(NC(=O)CCCCC[*]=O)cc(-c2nnc(-c3ccccn3)o2)c1,432.15,train
698ddbe96c00d07d5428cd56,[*]Nc1cc(NC(=O)CCCCCCCCC[*]=O)cc(-c2nnc(-c3ccccn3)o2)c1,358.15,train
698ddbe96c00d07d5428cd57,[*]C(=O)Nc1cc(NC(=O)c2cncc[*]c2)cc(-c2nnc(-c3ccccn3)o2)c1,458.15,train
698ddbe96c00d07d5428cd58,[*]Nc1cc(NC(=O)c2ccc(-c3ccc(C[*]=O)cc3)cc2)cc(-c2nnc(-c3ccccn3)o2)c1,393.15,train
698ddbe96c00d07d5428cd59,[*]NNC(=O)/C=C/C(=O)NCCCCCCNC(=O)/C=C/C[*]=O,375.54999999999995,train
698ddbe96c00d07d5428cd5a,[*]NNC(=O)/C=C/C(=O)Nc1cccc(/C=C2\CC/C(=C\c3cccc(NC(=O)/C=C/C[*]=O)c3)C2=O)c1,377.75,test
698ddbe96c00d07d5428cd5b,[*]NNC(=O)/C=C/C(=O)Nc1cccc(/C=C2\CCC/C(=C\c3cccc(NC(=O)/C=C/C[*]=O)c3)C2=O)c1,511.54999999999995,test
698ddbe96c00d07d5428cd5c,[*]NNC(=O)c1ccccc1C(=O)NCCCCCCNC(=O)c1ccccc1C[*]=O,497.65,test
698ddbe96c00d07d5428cd5d,[*]NNC(=O)c1ccccc1C(=O)Nc1cccc(/C=C2\CC/C(=C\c3cccc(NC(=O)c4ccccc4C[*]=O)c3)C2=O)c1,475.25,val
698ddbe96c00d07d5428cd5e,[*]NNC(=O)c1ccccc1C(=O)Nc1cccc(/C=C2\CCC/C(=C\c3cccc(NC(=O)c4ccccc4C[*]=O)c3)C2=O)c1,468.15,val
698ddbe96c00d07d5428cd5f,[*]CCCCCCNC(=O)CCCCCCCC1C(CCCCCCCC(=O)N[*])C=CC(CCCCCC)C1CCCCCCCC,270.15,train
698ddbe96c00d07d5428cd60,[*]CCN(CCOC(=O)Nc1ccc(C)c(NC(=O)O[*])c1)c1ccc([N+](=O)[O-])cc1C,371.15,train
698ddbe96c00d07d5428cd61,[*]CCN(CCOC(=O)Nc1ccc(C)c(NC(=O)O[*])c1)c1ccc(/N=N/c2ccc([N+](=O)[O-])cc2)cc1,417.15,test
698ddbe96c00d07d5428cd62,[*]CCN(CCOC(=O)Nc1ccc(C)c(NC(=O)O[*])c1)c1ccc(/N=N/c2ccc([N+](=O)[O-])cc2C)cc1,410.15,train
698ddbe96c00d07d5428cd63,[*]CCN(CCOC(=O)Nc1ccc(C)c(NC(=O)O[*])c1)c1ccc(/C=C/c2ccc([N+](=O)[O-])cc2)cc1,394.15,train
698ddbe96c00d07d5428cd64,[*]CCN(CCOC(=O)Nc1ccc(C)c(NC(=O)O[*])c1)c1ccc(C(C#N)=C(C#N)C#N)cc1,398.15,val
698ddbe96c00d07d5428cd65,[*]CCN(CCOC(=O)Nc1ccc(C)c(NC(=O)O[*])c1)c1ccc(/C=C2/NC(=O)NC2=O)cc1,451.15,train
698ddbe96c00d07d5428cd66,[*]CCCNC(=O)O[*],299.15,train
698ddbe96c00d07d5428cd67,[*]CCN(CCOC(=O)NCCCCCCNC(=O)O[*])c1ccc(/N=N/c2ccc([N+](=O)[O-])cc2)c(C)c1,348.15,train
698ddbe96c00d07d5428cd68,[*]CCN(CCOC(=O)Nc1ccc(Cc2ccc(NC(=O)O[*])cc2)cc1)c1ccc(/N=N/c2ccc([N+](=O)[O-])cc2)c(C)c1,388.15,train
698ddbe96c00d07d5428cd69,[*]Oc1ccc(-c2ccc(OC(=O)Nc3cccc(P(=O)(c4ccccc4)c4cccc(NC[*]=O)c4)c3)cc2)cc1,345.15,train
698ddbe96c00d07d5428cd6a,[*]CCCCCCOC(=O)Nc1cccc(P(=O)(c2ccccc2)c2cccc(NC(=O)O[*])c2)c1,303.15,train
698ddbe96c00d07d5428cd6b,[*]Oc1ccc(C(C)(C)c2ccc(OC(=O)Nc3cccc(P(=O)(c4ccccc4)c4cccc(NC[*]=O)c4)c3)cc2)cc1,335.15,train
698ddbe96c00d07d5428cd6c,[*]CCN(CCCCCCOc1ccc(/C=C/c2ccc([N+](=O)[O-])cc2)cc1)CCOC(=O)Nc1ccc(C)c(NC(=O)O[*])c1,331.65,val
698ddbe96c00d07d5428cd6d,[*]CCN(CCOC(=O)NCC1(C)CC(NC(=O)O[*])CC(C)(C)C1)c1ccc(/N=N/c2ccc(B(c3c(C)cc(C)cc3C)c3c(C)cc(C)cc3C)cc2)cc1,419.15,train
698ddbe96c00d07d5428cd6e,[*]CCN(CCOC(=O)Nc1ccc(C)c(NC(=O)O[*])c1)c1ccc(/N=N/c2ccc(B(c3c(C)cc(C)cc3C)c3c(C)cc(C)cc3C)cc2)cc1,432.15,test
698ddbe96c00d07d5428cd6f,[*]CCN(CCOC(=O)Nc1cccc(NC(=O)O[*])c1C)c1ccc(/N=N/c2ccc([N+](=O)[O-])cc2)cc1,420.15,test
698ddbe96c00d07d5428cd70,[*]CCN(CCOC(=O)NCC1(C)CC(NC(=O)O[*])CC(C)(C)C1)c1ccc(/N=N/c2ccc([N+](=O)[O-])cc2)cc1,410.15,val
698ddbe96c00d07d5428cd71,[*]CCN(CCOC(=O)NCC1(C)CC(NC(=O)O[*])CC(C)(C)C1)c1ccc(C=C(C#N)C#N)cc1,418.15,train
698ddbe96c00d07d5428cd72,[*]CCN(CCOC(=O)Nc1ccc(C)c(NC(=O)O[*])c1)c1ccc(/N=N/c2ccc([N+](=O)[O-])cc2C)c(C)c1,408.15,test
698ddbe96c00d07d5428cd73,[*]CCN(CCOC(=O)Nc1ccc(Cc2ccc(NC(=O)O[*])cc2)cc1)c1ccc(/N=N/c2ccc([N+](=O)[O-])cc2C)c(C)c1,403.15,test
698ddbe96c00d07d5428cd74,[*]CCN(CCOC(=O)Nc1cccc(NC(=O)O[*])c1C)c1ccc(/C=C/c2ccc([N+](=O)[O-])cc2)cc1,396.15,train
698ddbe96c00d07d5428cd75,[*]CCN(CCOC(=O)Nc1ccc(-c2ccc(NC(=O)O[*])c(OC)c2)cc1OC)c1ccc(/N=N/c2ccc([N+](=O)[O-])cc2)cc1,413.15,train
698ddbe96c00d07d5428cd76,[*]CCN(CCOC(=O)Nc1ccc(C)c(NC(=O)O[*])c1)c1ccc(-c2nc3ccc([N+](=O)[O-])cc3o2)cc1,429.15,train
698ddbe96c00d07d5428cd77,[*]CCN(CCOC(=O)Nc1ccc(C)c(NC(=O)O[*])c1)c1ccc(/N=N/c2ccc(-c3nc4ccccc4o3)cc2)cc1,425.15,test
698ddbe96c00d07d5428cd78,[*]CCN(CCOC(=O)NC(C)(C)c1cccc(C(C)(C)NC(=O)O[*])c1)c1ccc(/N=N/c2ccc([N+](=O)[O-])cc2)cc1,376.15,train
698ddbe96c00d07d5428cd79,[*]CC(C)CNC(=O)O[*],313.15,test
698ddbe96c00d07d5428cd7a,[*]CCN(CCOC(=O)Nc1ccc(Cc2ccc(NC(=O)O[*])cc2)cc1)c1ccc(/N=N/c2ccc([N+](=O)[O-])cc2)cc1,409.54999999999995,test
698ddbe96c00d07d5428cd7b,[*]CCN(CCOC(=O)Nc1ccc(-c2ccc(NC(=O)O[*])c(C)c2)cc1C)c1ccc(/N=N/c2ccc([N+](=O)[O-])cc2)cc1,392.65,test
698ddbe96c00d07d5428cd7c,[*]CCN(CCOC(=O)NCC1(C)CC(NC(=O)O[*])CC(C)(C)C1)c1ccc(/N=N/c2ccc(C#N)cc2)cc1,409.15,train
698ddbe96c00d07d5428cd7d,[*]CCN(CCOC(=O)Nc1ccc(C)c(NC(=O)O[*])c1)c1ccc(/C=C/c2cc[n+](CCCC)cc2)cc1,394.15,test
698ddbe96c00d07d5428cd7e,[*]c1ccc(OC(=O)Nc2ccc(-c3ccc(NC(=O)Oc4ccc(-c5nc(-c6ccc(-c7nc(-c8ccc([N+](=O)[O-])cc8)c(-c8ccc([N+](=O)[O-])cc8)[nH]7)cc6)[nH]c5[*])cc4)cc3OC)c(OC)c2)cc1,496.15,train
698ddbe96c00d07d5428cd7f,[*]c1ccc(OC(=O)Nc2ccc(-c3ccc(NC(=O)Oc4ccc(-c5nc(-c6ccc([N+](=O)[O-])cc6)[nH]c5[*])cc4)cc3OC)c(OC)c2)cc1,475.15,train
698ddbe96c00d07d5428cd80,[*]CCN(CCOC(=O)Nc1ccc(Cc2ccc(NC(=O)O[*])cc2)cc1)c1ccccc1,305.04999999999995,train
698ddbe96c00d07d5428cd81,[*]CCN(CCOC(=O)NCCCCCCNC(=O)O[*])c1ccccc1,305.04999999999995,train
698ddbe96c00d07d5428cd82,[*]CCN(CCOC(=O)Nc1ccc(C)c(NC(=O)O[*])c1)c1ccccc1,305.04999999999995,train
698ddbe96c00d07d5428cd83,[*]CCN(Cc1ccccc1)C(=O)S[*],305.15,val
698ddbe96c00d07d5428cd84,[*]CCCN(Cc1ccccc1)C(=O)S[*],300.15,train
698ddbe96c00d07d5428cd85,[*]CCN(CCOC(=O)Nc1ccc(C)c(NC(=O)O[*])c1)c1ccc(/N=N/c2ccc(-c3nc4cc([N+](=O)[O-])ccc4[nH]3)cc2)cc1,461.15,test
698ddbe96c00d07d5428cd86,[*]CCN(CCOC(=O)Nc1ccc(C)c(NC(=O)O[*])c1)c1ccc(/N=N/c2ccc(/N=N/c3cc(OC)c(/N=N/c4ccc([N+](=O)[O-])cc4)cc3OC)c(C)c2)cc1,421.15,train
698ddbe96c00d07d5428cd87,[*]CCN(CCCCCOc1ccc(/N=N/c2ccccc2)cc1)CCOC(=O)Nc1ccc(Cc2ccc(NC(=O)O[*])cc2)cc1,332.75,train
698ddbe96c00d07d5428cd88,[*]CCN(CCCCCCOc1ccc(/N=N/c2ccccc2)cc1)CCOC(=O)Nc1ccc(Cc2ccc(NC(=O)O[*])cc2)cc1,317.15,val
698ddbe96c00d07d5428cd89,[*]CCCCOC(=O)NCCCCNC(=O)O[*],280.15,val
698ddbe96c00d07d5428cd8a,[*]CCN(CCOC(=O)Nc1ccc(C)c(NC(=O)O[*])c1)c1ccc(/N=N/c2ccc(-c3nc4ccc([N+](=O)[O-])cc4n3CC)cc2)cc1,431.15,test
698ddbe96c00d07d5428cd8b,[*]CCN(CCOC(=O)Nc1ccc(C)c(NC(=O)O[*])c1)c1ccc(/N=N/c2ccc(/C=C/c3nc4ccc([N+](=O)[O-])cc4n3CC)cc2)cc1,444.15,train
698ddbe96c00d07d5428cd8c,[*]Oc1ccc(/N=C/C=N/c2ccc(OC(=O)Nc3ccc(Cc4ccc(NC[*]=O)cc4)cc3)cc2)cc1,406.15,train
698ddbe96c00d07d5428cd8d,[*]Oc1ccc(/N=C/C=N/c2ccc(OC(=O)Nc3cc(NC[*]=O)ccc3C)cc2)cc1,349.15,train
698ddbe96c00d07d5428cd8e,[*]Oc1ccc(/N=C/C=N/c2ccc(OC(=O)NC3CC(C)(C)CC(C)(CNC[*]=O)C3)cc2)cc1,335.15,train
698ddbe96c00d07d5428cd8f,[*]Oc1ccc(/N=C/C=N/c2ccc(OC(=O)NCCCCCCNC[*]=O)cc2)cc1,353.15,train
698ddbe96c00d07d5428cd90,[*]Oc1ccc(/N=C/CCC/C=N/c2ccc(OC(=O)Nc3ccc(Cc4ccc(NC[*]=O)cc4)cc3)cc2)cc1,349.15,train
698ddbe96c00d07d5428cd91,[*]Oc1ccc(/N=C/CCC/C=N/c2ccc(OC(=O)Nc3cc(NC[*]=O)ccc3C)cc2)cc1,342.15,train
698ddbe96c00d07d5428cd92,[*]Oc1ccc(/N=C/CCC/C=N/c2ccc(OC(=O)NC3CC(C)(C)CC(C)(CNC[*]=O)C3)cc2)cc1,339.15,test
698ddbe96c00d07d5428cd93,[*]Oc1ccc(/N=C/CCC/C=N/c2ccc(OC(=O)NCCCCCCNC[*]=O)cc2)cc1,345.15,train
698ddbe96c00d07d5428cd94,[*]CC(C)(COC(=O)NCCCCCCNC(=O)O[*])C(=O)O,247.14999999999998,train
698ddbe96c00d07d5428cd95,[*]C(=O)Nc1ccc(-c2ccc(NC(=O)N3CC(C)N[*]CC3C)cc2)cc1,523.15,train
698ddbe96c00d07d5428cd96,[*]CCCCCNC(=S)N[*],328.15,train
698ddbe96c00d07d5428cd97,[*]CCCCCCCNC(=S)N[*],325.15,train
698ddbe96c00d07d5428cd98,[*]CCCCCCCCCNC(=S)N[*],321.15,train
698ddbe96c00d07d5428cd99,[*]Nc1ccc(Cc2ccc(NC(=O)NCCCCCCCCCNC[*]=O)cc2)cc1,223.14999999999998,train
698ddbe96c00d07d5428cd9a,[*]Nc1ccccc1CCc1ccc(NC(=O)Nc2ccc(CCc3ccc(NC[*]=O)cc3)cc2)cc1,490.15,train
698ddbe96c00d07d5428cd9b,[*]Nc1ccccc1CCc1ccccc1NC(=O)Nc1ccc(CCc2ccc(NC[*]=O)cc2)cc1,508.15,train
698ddbe96c00d07d5428cd9c,[*]Nc1ccc(Cc2ccc(NC(=O)Nc3ccccc3CCc3ccc(NC[*]=O)cc3)cc2)cc1,490.15,train
698ddbe96c00d07d5428cd9d,[*]Nc1ccccc1CCc1ccc(NC(=O)NCCCCCCNC[*]=O)cc1,423.15,train
698ddbe96c00d07d5428cd9e,[*]Nc1ccccc1CCc1ccc(NC[*]=O)cc1,471.15,train
698ddbe96c00d07d5428cd9f,[*]Nc1cc(NC(=O)Nc2ccc(CCc3ccccc3NC[*]=O)cc2)ccc1C,500.15,train
698ddbe96c00d07d5428cda0,[*]c1ccc(NC(=O)Nc2ccc(NC(=O)Nc3ccc(-c4nc(C#N)c(C#N)nc4[*])cc3)cc2)cc1,521.8499999999999,train
698ddbe96c00d07d5428cda1,[*]NC(=O)NCCCCCCNC(=O)Nc1cccc[*]n1,443.15,train
698ddbe96c00d07d5428cda2,[*]NC(=O)Nc1ccc(Cc2ccc(NC(=O)Nc3cccc[*]n3)cc2)cc1,479.65,train
698ddbe96c00d07d5428cda3,[*]c1ccc(NC(=O)Nc2ccc(NC(=O)Nc3ccc(-c4nc(-c5ccc(-c6nc(-c7ccc([N+](=O)[O-])cc7)c(-c7ccc([N+](=O)[O-])cc7)[nH]6)cc5)[nH]c4[*])cc3)cc2)cc1,545.15,test
698ddbe96c00d07d5428cda4,[*]Nc1cccc2c(NC(=O)Nc3cc(NC[*]=O)cc(C(=O)Nc4ccc5c(c4)C(=O)c4ccccc4C5=O)c3)cccc12,451.15,train
698ddbe96c00d07d5428cda5,[*]Nc1cc(NC(=O)Nc2ccc(Cc3ccc(NC[*]=O)cc3)cc2)cc(C(=O)Nc2ccc3c(c2)C(=O)c2ccccc2C3=O)c1,441.15,val
698ddbe96c00d07d5428cda6,[*]Nc1cc(NC(=O)NC2CCC(CC3CCC(NC[*]=O)CC3)CC2)cc(C(=O)Nc2ccc3c(c2)C(=O)c2ccccc2C3=O)c1,421.15,train
698ddbe96c00d07d5428cda7,[*]Nc1cc(NC(=O)Nc2ccc(NC[*]=O)cc2)cc(C(=O)Nc2ccc3c(c2)C(=O)c2ccccc2C3=O)c1,457.15,train
698ddbe96c00d07d5428cda8,[*]Nc1cc(NC(=O)Nc2ccc(NC[*]=O)cc2)cc(C(=O)Nc2cccc3c2C(=O)c2ccccc2C3=O)c1,463.15,train
698ddbe96c00d07d5428cda9,[*]Nc1cccc2c(NC(=O)Nc3cc(NC[*]=O)cc(C(=O)Nc4cccc5c4C(=O)c4ccccc4C5=O)c3)cccc12,458.15,train
698ddbe96c00d07d5428cdaa,[*]Nc1cc(NC(=O)Nc2ccc(Cc3ccc(NC[*]=O)cc3)cc2)cc(C(=O)Nc2cccc3c2C(=O)c2ccccc2C3=O)c1,451.15,train
698ddbe96c00d07d5428cdab,[*]Nc1cc(NC(=O)NC2CCC(CC3CCC(NC[*]=O)CC3)CC2)cc(C(=O)Nc2cccc3c2C(=O)c2ccccc2C3=O)c1,429.15,test
698ddbe96c00d07d5428cdac,[*]c1ccc(C(=O)Nc2cccc(-n3c(=O)c4cc5c(=O)n[*]c(=O)c5cc4c3=O)c2)cc1,663.15,train
698ddbe96c00d07d5428cdad,[*]C(=O)Nc1ccc(-c2ccc(NC(=O)c3ccc4c(c3)C(=O)N(c3ccc(Oc5ccc(N6C(=O)c7ccc[*]cc7C6=O)cc5)cc3)C4=O)cc2)cc1,588.15,train
698ddbe96c00d07d5428cdae,[*]C(=O)Nc1ccc(Oc2ccc(NC(=O)c3ccc4c(c3)C(=O)N(c3ccc(Oc5ccc(N6C(=O)c7ccc[*]cc7C6=O)cc5)cc3)C4=O)cc2)cc1,555.15,train
698ddbe96c00d07d5428cdaf,[*]C(=O)Nc1ccc(S(=O)(=O)c2ccc(NC(=O)c3ccc4c(c3)C(=O)N(c3ccc(Oc5ccc(N6C(=O)c7ccc[*]cc7C6=O)cc5)cc3)C4=O)cc2)cc1,548.15,train
698ddbe96c00d07d5428cdb0,[*]C(=O)c1ccc2c(c1)C(=O)N(c1cccc(Nc3nc(Nc4cccc(N5C(=O)c6ccc[*]cc6C5=O)c4)nc(N(c4ccccc4)c4ccccc4)n3)c1)C2=O,563.15,val
698ddbe96c00d07d5428cdb1,[*]C(=O)c1ccc2c(c1)C(=O)N(c1cccc(Nc3nc(Nc4cccc(N5C(=O)c6ccc[*]cc6C5=O)c4)nc(-c4ccccc4)n3)c1)C2=O,565.15,train
698ddbe96c00d07d5428cdb2,[*]C(=O)c1ccc2c(c1)C(=O)N(c1cccc(Nc3nc(Nc4cccc(N5C(=O)c6ccc[*]cc6C5=O)c4)nc(N(C)C)n3)c1)C2=O,567.15,train
698ddbe96c00d07d5428cdb3,[*]C(=O)c1ccc2c(c1)C(=O)N(c1cccc(Nc3ncnc(Nc4cccc(N5C(=O)c6ccc[*]cc6C5=O)c4)n3)c1)C2=O,563.15,train
698ddbe96c00d07d5428cdb4,[*]C(=O)c1ccc2c(c1)C(=O)N(c1ccc(-c3nc(-c4ccccc4)nc(-c4ccc(N5C(=O)c6ccc[*]cc6C5=O)cc4)n3)cc1)C2=O,628.15,test
698ddbe96c00d07d5428cdb5,[*]c1cccc(NC(=O)c2cccc(C(=O)Nc3cccc(-n4c(=O)c5cc6c(=O)n[*]c(=O)c6cc5c4=O)c3)c2)c1,611.15,train
698ddbe96c00d07d5428cdb6,[*]CCCCCCCCCN1C(=O)c2ccc(Oc3ccc4c(c3)C(=O)N[*]C4=O)cc2C1=O,362.15,train
698ddbe96c00d07d5428cdb7,[*]CCCCCCCCCCN1C(=O)c2ccc(Oc3ccc4c(c3)C(=O)N[*]C4=O)cc2C1=O,364.65,train
698ddbe96c00d07d5428cdb8,[*]CCCCCCCCCCCCN1C(=O)c2ccc(Oc3ccc4c(c3)C(=O)N[*]C4=O)cc2C1=O,343.15,train
698ddbe96c00d07d5428cdb9,[*]c1ccc(Oc2cccc(Oc3ccc(N4C(=O)c5ccc(-c6ccc7c(c6)C(=O)N[*]C7=O)cc5C4=O)cc3)c2)cc1,507.15,train
698ddbe96c00d07d5428cdba,[*]c1ccc2c(c1)C(=O)N(c1cc(C(=O)O)cc(N3C(=O)c4ccc(C[*](C(F)(F)F)C(F)(F)F)cc4C3=O)c1)C2=O,639.65,train
698ddbe96c00d07d5428cdbb,[*]c1ccc2c(c1)C(=O)N(c1cccc3c(N4C(=O)c5ccc(C[*](C(F)(F)F)C(F)(F)F)cc5C4=O)cccc13)C2=O,663.15,train
698ddbe96c00d07d5428cdbc,[*]c1ccc2c(c1)C(=O)N(c1cccc(N3C(=O)c4ccc(C[*](C(F)(F)F)C(F)(F)F)cc4C3=O)c1)C2=O,571.15,train
698ddbe96c00d07d5428cdbd,[*]c1ccc2c(c1)C(=O)N(c1cccc(S(=O)(=O)c3cccc(N4C(=O)c5ccc(C[*](C(F)(F)F)C(F)(F)F)cc5C4=O)c3)c1)C2=O,544.15,train
698ddbe96c00d07d5428cdbe,[*]C(=O)Nc1ccc(Oc2ccc(N3C(=O)c4ccc[*]cc4C3=O)cc2)cc1,568.15,test
698ddbe96c00d07d5428cdbf,[*]c1ccc(S(=O)(=O)c2ccc(-n3c(=O)c4cc5c(=O)n[*]c(=O)c5cc4c3=O)cc2)cc1,623.15,train
698ddbe96c00d07d5428cdc0,[*]c1cccc(S(=O)(=O)c2cccc(-n3c(=O)c4cc5c(=O)n[*]c(=O)c5cc4c3=O)c2)c1,633.15,train
698ddbe96c00d07d5428cdc1,[*]C1C(=O)N(C(C)(C)C)C(=O)C1[*],468.15,test
698ddbe96c00d07d5428cdc2,[*]CCCCN1C(=O)c2ccc(C(=O)Oc3ccc(-c4ccc(OC(=O)c5ccc6c(c5)C(=O)N[*]C6=O)cc4)cc3)cc2C1=O,399.15,val
698ddbe96c00d07d5428cdc3,[*]CCCCCN1C(=O)c2ccc(C(=O)Oc3ccc(-c4ccc(OC(=O)c5ccc6c(c5)C(=O)N[*]C6=O)cc4)cc3)cc2C1=O,420.15,val
698ddbe96c00d07d5428cdc4,[*]CCCCCCN1C(=O)c2ccc(C(=O)Oc3ccc(-c4ccc(OC(=O)c5ccc6c(c5)C(=O)N[*]C6=O)cc4)cc3)cc2C1=O,406.15,test
698ddbe96c00d07d5428cdc5,[*]CCCCCCCN1C(=O)c2ccc(C(=O)Oc3ccc(-c4ccc(OC(=O)c5ccc6c(c5)C(=O)N[*]C6=O)cc4)cc3)cc2C1=O,390.15,train
698ddbe96c00d07d5428cdc6,[*]CCCCCCCCCCCN1C(=O)c2ccc(C(=O)Oc3ccc(-c4ccc(OC(=O)c5ccc6c(c5)C(=O)N[*]C6=O)cc4)cc3)cc2C1=O,370.15,train
698ddbe96c00d07d5428cdc7,[*]CCCC(=O)Oc1ccc(-c2ccc(OC(=O)c3ccc4c(c3)C(=O)N[*]C4=O)cc2)cc1,405.15,test
698ddbe96c00d07d5428cdc8,[*]CCCCC(=O)Oc1ccc(-c2ccc(OC(=O)c3ccc4c(c3)C(=O)N[*]C4=O)cc2)cc1,396.15,train
698ddbe96c00d07d5428cdc9,[*]CCCCCC(=O)Oc1ccc(-c2ccc(OC(=O)c3ccc4c(c3)C(=O)N[*]C4=O)cc2)cc1,391.15,train
698ddbe96c00d07d5428cdca,[*]CCCCCCC(=O)Oc1ccc(-c2ccc(OC(=O)c3ccc4c(c3)C(=O)N[*]C4=O)cc2)cc1,380.15,train
698ddbe96c00d07d5428cdcb,[*]CCCCCCCCCCC(=O)Oc1ccc(-c2ccc(OC(=O)c3ccc4c(c3)C(=O)N[*]C4=O)cc2)cc1,334.15,train
698ddbe96c00d07d5428cdcc,[*]CCCCCCCCCCCC(=O)Oc1ccc(-c2ccc(OC(=O)c3ccc4c(c3)C(=O)N[*]C4=O)cc2)cc1,333.15,test
698ddbe96c00d07d5428cdcd,[*]CCCC(=O)Oc1ccc(OC(=O)c2ccc3c(c2)C(=O)N[*]C3=O)cc1,405.15,train
698ddbe96c00d07d5428cdce,[*]CCCCC(=O)Oc1ccc(OC(=O)c2ccc3c(c2)C(=O)N[*]C3=O)cc1,362.465,test
698ddbe96c00d07d5428cdcf,[*]CCCCCC(=O)Oc1ccc(OC(=O)c2ccc3c(c2)C(=O)N[*]C3=O)cc1,362.15,train
698ddbe96c00d07d5428cdd0,[*]CCCCCCC(=O)Oc1ccc(OC(=O)c2ccc3c(c2)C(=O)N[*]C3=O)cc1,347.465,train
698ddbe96c00d07d5428cdd1,[*]CCCCCCCCCCCC(=O)Oc1ccc(OC(=O)c2ccc3c(c2)C(=O)N[*]C3=O)cc1,331.15,train
698ddbe96c00d07d5428cdd2,[*]c1cc(N2C(=O)c3ccc(Oc4ccc5c(c4)C(=O)N[*]C5=O)cc3C2=O)c(O)cc1O,536.15,train
698ddbe96c00d07d5428cdd3,[*]C(=O)c1ccc2c(c1)C(=O)N(c1cc(N3C(=O)c4ccc[*]cc4C3=O)c(O)cc1O)C2=O,597.15,train
698ddbe96c00d07d5428cdd4,[*]c1ccc2c(c1)C(=O)N(c1cc(N3C(=O)c4ccc(C[*](C(F)(F)F)C(F)(F)F)cc4C3=O)c(O)cc1O)C2=O,597.15,train
698ddbe96c00d07d5428cdd5,[*]c1cc(N2C(=O)c3ccc(-c4ccc5c(c4)C(=O)N[*]C5=O)cc3C2=O)c(O)cc1O,616.15,train
698ddbe96c00d07d5428cdd6,[*]c1cc(-n2c(=O)c3cc4c(=O)n[*]c(=O)c4cc3c2=O)c(O)cc1O,635.15,val
698ddbe96c00d07d5428cdd7,[*]c1ccc(Oc2cc(C(C)(C)C)c(Oc3ccc(-n4c(=O)c5cc6c(=O)n[*]c(=O)c6cc5c4=O)cc3)cc2C(C)(C)C)cc1,571.15,train
698ddbe96c00d07d5428cdd8,[*]c1ccc(Oc2cc(C(C)(C)C)c(Oc3ccc(N4C(=O)c5ccc(-c6ccc7c(c6)C(=O)N[*]C7=O)cc5C4=O)cc3)cc2C(C)(C)C)cc1,566.15,train
698ddbe96c00d07d5428cdd9,[*]c1ccc(Oc2cc(C(C)(C)C)c(Oc3ccc(N4C(=O)c5ccc(Oc6ccc7c(c6)C(=O)N[*]C7=O)cc5C4=O)cc3)cc2C(C)(C)C)cc1,515.15,train
698ddbe96c00d07d5428cdda,[*]C(=O)c1ccc2c(c1)C(=O)N(c1ccc(Oc3cc(C(C)(C)C)c(Oc4ccc(N5C(=O)c6ccc[*]cc6C5=O)cc4)cc3C(C)(C)C)cc1)C2=O,561.15,train
698ddbe96c00d07d5428cddb,[*]c1ccc(Oc2cc(C(C)(C)C)c(Oc3ccc(N4C(=O)c5ccc(S(=O)(=O)c6ccc7c(c6)C(=O)N[*]C7=O)cc5C4=O)cc3)cc2C(C)(C)C)cc1,536.15,train
698ddbe96c00d07d5428cddc,[*]c1ccc2c(c1)C(=O)N(c1ccc(Oc3cc(C(C)(C)C)c(Oc4ccc(N5C(=O)c6ccc(C[*](C(F)(F)F)C(F)(F)F)cc6C5=O)cc4)cc3C(C)(C)C)cc1)C2=O,550.15,train
698ddbe96c00d07d5428cddd,[*]c1ccc(-c2nc3cc(Oc4ccc(NC(=O)c5ccc6c(c5)C(=O)N(c5ccc(C(c7ccc(N8C(=O)c9ccc(C(=O)Nc%10ccc(Oc%11ccc%12nc(-c%13ccccc%13)c[*]nc%12c%11)cc%10)cc9C8=O)cc7)(C(F)(F)F)C(F)(F)F)cc5)C6=O)cc4)ccc3nc2-c2ccccc2)cc1,566.15,train
698ddbe96c00d07d5428cdde,[*]c1ccc(Oc2ccc(-c3nc4cc(Oc5ccc(NC(=O)c6ccc7c(c6)C(=O)N(c6ccc(C(c8ccc(N9C(=O)c%10ccc(C(=O)Nc%11ccc(Oc%12ccc%13nc(-c%14ccccc%14)c[*]nc%13c%12)cc%11)cc%10C9=O)cc8)(C(F)(F)F)C(F)(F)F)cc6)C7=O)cc5)ccc4nc3-c3ccccc3)cc2)cc1,562.15,train
698ddbe96c00d07d5428cddf,[*]c1ccc(Oc2ccc(-c3nc4cc(Oc5ccc(NC(=O)c6ccc7c(c6)C(=O)N(c6ccc(C(c8ccc(N9C(=O)c%10ccc(C(=O)Nc%11ccc(Oc%12ccc%13nc(-c%14ccc([N+](=O)[O-])cc%14)c[*]nc%13c%12)cc%11)cc%10C9=O)cc8)(C(F)(F)F)C(F)(F)F)cc6)C7=O)cc5)ccc4nc3-c3ccc([N+](=O)[O-])cc3)cc2)cc1,576.15,val
698ddbe96c00d07d5428cde0,[*]c1ccc(-c2ccc(-c3nc4cc(Oc5ccc(NC(=O)c6ccc7c(c6)C(=O)N(c6ccc(C(c8ccc(N9C(=O)c%10ccc(C(=O)Nc%11ccc(Oc%12ccc%13nc(-c%14ccccc%14)c[*]nc%13c%12)cc%11)cc%10C9=O)cc8)(C(F)(F)F)C(F)(F)F)cc6)C7=O)cc5)ccc4nc3-c3ccccc3)cc2)cc1,563.15,test
698ddbe96c00d07d5428cde1,[*]c1ccc(-c2ccc(NC(=O)c3cccc(C(=O)Nc4ccc(-c5ccc(N6C(=O)c7ccc(-c8ccc9c(c8)C(=O)N[*]C9=O)cc7C6=O)cc5)cc4)c3)cc2)cc1,503.15,test
698ddbe96c00d07d5428cde2,[*]c1ccc(-c2ccc(NC(=O)c3cccc(C(=O)Nc4ccc(-c5ccc(N6C(=O)c7ccc(Oc8ccc9c(c8)C(=O)N[*]C9=O)cc7C6=O)cc5)cc4)c3)cc2)cc1,506.15,train
698ddbe96c00d07d5428cde3,[*]C(=O)c1ccc2c(c1)C(=O)N(c1ccc(-c3ccc(NC(=O)c4cccc(C(=O)Nc5ccc(-c6ccc(N7C(=O)c8ccc[*]cc8C7=O)cc6)cc5)c4)cc3)cc1)C2=O,511.15,train
698ddbe96c00d07d5428cde4,[*]c1ccc(-c2ccc(NC(=O)c3cccc(C(=O)Nc4ccc(-c5ccc(-n6c(=O)c7cc8c(=O)n[*]c(=O)c8cc7c6=O)cc5)cc4)c3)cc2)cc1,500.15,train
698ddbe96c00d07d5428cde5,[*]c1ccc(C(=O)Nc2ccc(Oc3ccc(S(=O)(=O)c4ccc(Oc5ccc(NC(=O)c6ccc(N7C(=O)c8ccc(-c9ccc%10c(c9)C(=O)N[*]C%10=O)cc8C7=O)cc6)cc5)cc4)cc3)cc2)cc1,531.15,train
698ddbe96c00d07d5428cde6,[*]c1ccc(C(=O)Nc2cccc(Oc3ccc(S(=O)(=O)c4ccc(Oc5cccc(NC(=O)c6ccc(N7C(=O)c8ccc(-c9ccc%10c(c9)C(=O)N[*]C%10=O)cc8C7=O)cc6)c5)cc4)cc3)c2)cc1,535.15,train
698ddbe96c00d07d5428cde7,[*]c1ccc(C(=O)Nc2cccc(S(=O)(=O)c3cccc(NC(=O)c4ccc(N5C(=O)c6ccc(-c7ccc8c(c7)C(=O)N[*]C8=O)cc6C5=O)cc4)c3)c2)cc1,529.15,train
698ddbe96c00d07d5428cde8,[*]c1cccc(C(=O)Nc2ccc(Oc3ccc(S(=O)(=O)c4ccc(Oc5ccc(NC(=O)c6cccc(N7C(=O)c8ccc(-c9ccc%10c(c9)C(=O)N[*]C%10=O)cc8C7=O)c6)cc5)cc4)cc3)cc2)c1,531.15,test
698ddbe96c00d07d5428cde9,[*]c1cccc(C(=O)Nc2ccc(Oc3ccc(-c4ccc(Oc5ccc(NC(=O)c6cccc(N7C(=O)c8ccc(-c9ccc%10c(c9)C(=O)N[*]C%10=O)cc8C7=O)c6)cc5)cc4)cc3)cc2)c1,543.15,train
698ddbe96c00d07d5428cdea,[*]c1cccc(C(=O)Nc2ccc(Oc3ccc(Oc4ccc(Oc5ccc(NC(=O)c6cccc(N7C(=O)c8ccc(-c9ccc%10c(c9)C(=O)N[*]C%10=O)cc8C7=O)c6)cc5)cc4)cc3)cc2)c1,517.15,train
698ddbe96c00d07d5428cdeb,[*]c1cccc(C(=O)Nc2ccc(Oc3ccc(C(C)(C)c4ccc(Oc5ccc(NC(=O)c6cccc(N7C(=O)c8ccc(-c9ccc%10c(c9)C(=O)N[*]C%10=O)cc8C7=O)c6)cc5)cc4)cc3)cc2)c1,530.15,test
698ddbe96c00d07d5428cdec,[*]c1cccc(C(=O)Nc2ccc(Oc3ccc(Oc4ccc(NC(=O)c5cccc(N6C(=O)c7ccc(-c8ccc9c(c8)C(=O)N[*]C9=O)cc7C6=O)c5)cc4)cc3)cc2)c1,517.15,train
698ddbe96c00d07d5428cded,[*]c1cccc(C(=O)Nc2ccc(Oc3cccc(Oc4ccc(NC(=O)c5cccc(N6C(=O)c7ccc(-c8ccc9c(c8)C(=O)N[*]C9=O)cc7C6=O)c5)cc4)c3)cc2)c1,526.15,val
698ddbe96c00d07d5428cdee,[*]c1cccc(C(=O)Nc2ccc(Oc3ccc(NC(=O)c4cccc(N5C(=O)c6ccc(-c7ccc8c(c7)C(=O)N[*]C8=O)cc6C5=O)c4)cc3)cc2)c1,526.15,train
698ddbe96c00d07d5428cdef,[*]c1cccc(C(=O)Nc2cccc(S(=O)(=O)c3cccc(NC(=O)c4cccc(N5C(=O)c6ccc(-c7ccc8c(c7)C(=O)N[*]C8=O)cc6C5=O)c4)c3)c2)c1,520.15,train
698ddbe96c00d07d5428cdf0,[*]c1ccc(C(=O)Nc2ccc(Oc3ccc(S(=O)(=O)c4ccc(Oc5ccc(NC(=O)c6ccc(N7C(=O)c8ccc(-c9cccc%10c9C(=O)N[*]C%10=O)cc8C7=O)cc6)cc5)cc4)cc3)cc2)cc1,560.15,train
698ddbe96c00d07d5428cdf1,[*]c1ccc(C(=O)Nc2cccc(Oc3ccc(S(=O)(=O)c4ccc(Oc5cccc(NC(=O)c6ccc(N7C(=O)c8ccc(-c9cccc%10c9C(=O)N[*]C%10=O)cc8C7=O)cc6)c5)cc4)cc3)c2)cc1,514.15,train
698ddbe96c00d07d5428cdf2,[*]c1cccc(C(=O)Nc2ccc(Oc3ccc(S(=O)(=O)c4ccc(Oc5ccc(NC(=O)c6cccc(N7C(=O)c8ccc(-c9cccc%10c9C(=O)N[*]C%10=O)cc8C7=O)c6)cc5)cc4)cc3)cc2)c1,536.15,train
698ddbe96c00d07d5428cdf3,[*]c1cccc(C(=O)Nc2ccc(Oc3ccc(-c4ccc(Oc5ccc(NC(=O)c6cccc(N7C(=O)c8ccc(-c9cccc%10c9C(=O)N[*]C%10=O)cc8C7=O)c6)cc5)cc4)cc3)cc2)c1,548.15,train
698ddbe96c00d07d5428cdf4,[*]c1cccc(C(=O)Nc2ccc(Oc3ccc(Oc4ccc(Oc5ccc(NC(=O)c6cccc(N7C(=O)c8ccc(-c9cccc%10c9C(=O)N[*]C%10=O)cc8C7=O)c6)cc5)cc4)cc3)cc2)c1,533.15,train
698ddbe96c00d07d5428cdf5,[*]c1cccc(C(=O)Nc2ccc(Oc3ccc(C(C)(C)c4ccc(Oc5ccc(NC(=O)c6cccc(N7C(=O)c8ccc(-c9cccc%10c9C(=O)N[*]C%10=O)cc8C7=O)c6)cc5)cc4)cc3)cc2)c1,534.15,test
698ddbe96c00d07d5428cdf6,[*]c1cccc(C(=O)Nc2ccc(Oc3ccc(Oc4ccc(NC(=O)c5cccc(N6C(=O)c7ccc(-c8cccc9c8C(=O)N[*]C9=O)cc7C6=O)c5)cc4)cc3)cc2)c1,541.15,train
698ddbe96c00d07d5428cdf7,[*]c1cccc(C(=O)Nc2ccc(Oc3cccc(Oc4ccc(NC(=O)c5cccc(N6C(=O)c7ccc(-c8cccc9c8C(=O)N[*]C9=O)cc7C6=O)c5)cc4)c3)cc2)c1,526.15,test
698ddbe96c00d07d5428cdf8,[*]c1cccc(C(=O)Nc2ccc(Oc3ccc(NC(=O)c4cccc(N5C(=O)c6ccc(-c7cccc8c7C(=O)N[*]C8=O)cc6C5=O)c4)cc3)cc2)c1,564.15,train
698ddbe96c00d07d5428cdf9,[*]c1cccc(C(=O)Nc2cccc(S(=O)(=O)c3cccc(NC(=O)c4cccc(N5C(=O)c6ccc(-c7cccc8c7C(=O)N[*]C8=O)cc6C5=O)c4)c3)c2)c1,534.15,train
698ddbe96c00d07d5428cdfa,[*]c1cccc(C(=O)Nc2ccc(NC(=O)c3cccc(N4C(=O)c5ccc(-c6cccc7c6C(=O)N[*]C7=O)cc5C4=O)c3)cc2)c1,601.15,train
698ddbe96c00d07d5428cdfb,[*]c1ccc(-c2ccc(N3C(=O)c4ccc(Oc5ccc6c(c5)C(=O)N[*]C6=O)cc4C3=O)cc2C)c(C)c1,598.15,train
698ddbe96c00d07d5428cdfc,[*]CC(C)(C)C1C(=O)N(C)C(=O)C1[*],429.65,train
698ddbe96c00d07d5428cdfd,[*]CC(C)(C)C1C(=O)N(C(C)C)C(=O)C1[*],418.15,train
698ddbe96c00d07d5428cdfe,[*]CC(C)(C)C1C(=O)N(CCCC)C(=O)C1[*],353.15,train
698ddbe96c00d07d5428cdff,[*]CC(C)(C)C1C(=O)N(C2CCCCC2)C(=O)C1[*],465.15,test
698ddbe96c00d07d5428ce00,[*]CC(C)(C)C1C(=O)N(c2ccccc2)C(=O)C1[*],461.15,train
698ddbe96c00d07d5428ce01,[*]CC(c1ccccc1)C1C(=O)N(CCCN(CC)c2ccc(/N=N/c3ccc([N+](=O)[O-])cc3)c(C)c2)C(=O)C1[*],410.15,test
698ddbe96c00d07d5428ce02,[*]CC(c1ccccc1)C1C(=O)N(CCCN(CC)c2ccc(/N=N/c3ccc([N+](=O)[O-])cc3Cl)c(C)c2)C(=O)C1[*],422.15,test
698ddbe96c00d07d5428ce03,[*]CC(c1ccccc1)C1C(=O)N(CCN(CC)c2ccc(/N=N/c3ccc([N+](=O)[O-])cc3)cc2)C(=O)C1[*],445.15,train
698ddbe96c00d07d5428ce04,[*]c1ccc(C(c2ccccc2)c2ccc(-n3c(=O)c4cc5c(=O)n[*]c(=O)c5cc4c3=O)cc2)cc1,594.15,train
698ddbe96c00d07d5428ce05,[*]c1ccc(C(c2ccccc2)c2ccc(N3C(=O)c4ccc(-c5ccc6c(c5)C(=O)N[*]C6=O)cc4C3=O)cc2)cc1,588.15,val
698ddbe96c00d07d5428ce06,[*]C(=O)c1ccc2c(c1)C(=O)N(c1ccc(C(c3ccccc3)c3ccc(N4C(=O)c5ccc[*]cc5C4=O)cc3)cc1)C2=O,555.15,test
698ddbe96c00d07d5428ce07,[*]c1ccc(C(c2ccccc2)c2ccc(N3C(=O)c4ccc(Oc5ccc6c(c5)C(=O)N[*]C6=O)cc4C3=O)cc2)cc1,542.15,train
698ddbe96c00d07d5428ce08,[*]c1ccc(C(c2ccccc2)c2ccc(N3C(=O)c4ccc(S(=O)(=O)c5ccc6c(c5)C(=O)N[*]C6=O)cc4C3=O)cc2)cc1,578.15,val
698ddbe96c00d07d5428ce09,[*]C(=O)Nc1ccc(Oc2ccc(C3(c4ccc(Oc5ccc(NC(=O)c6ccc7c(c6)C(=O)N(c6ccc(N8C(=O)c9ccc[*]cc9C8=O)cc6)C7=O)cc5)cc4)NC(=O)c4ccccc43)cc2)cc1,595.15,test
698ddbe96c00d07d5428ce0a,[*]C(=O)Nc1ccc(Oc2ccc(C3(c4ccc(Oc5ccc(NC(=O)c6ccc7c(c6)C(=O)N(c6cccc(N8C(=O)c9ccc[*]cc9C8=O)c6)C7=O)cc5)cc4)NC(=O)c4ccccc43)cc2)cc1,593.15,val
698ddbe96c00d07d5428ce0b,[*]C(=O)Nc1cccc(NC(=O)c2ccc3c(c2)C(=O)N(c2ccc(Oc4ccc(C5(c6ccc(Oc7ccc(N8C(=O)c9ccc[*]cc9C8=O)cc7)cc6)NC(=O)c6ccccc65)cc4)cc2)C3=O)c1,601.15,test
698ddbe96c00d07d5428ce0c,[*]C(=O)Nc1ccc(Oc2ccc(C3(c4ccc(Oc5ccc(NC(=O)c6ccc7c(c6)C(=O)N(c6ccc(C)c(N8C(=O)c9ccc[*]cc9C8=O)c6)C7=O)cc5)cc4)NC(=O)c4ccccc43)cc2)cc1,588.15,train
698ddbe96c00d07d5428ce0d,[*]c1ccc(Oc2ccc(NC(=O)c3ccc4c(c3)C(=O)N(c3ccc(Cc5ccc(N6C(=O)c7ccc(C(=O)Nc8ccc(Oc9ccc(C%10[*]NC(=O)c%11ccccc%11%10)cc9)cc8)cc7C6=O)cc5)cc3)C4=O)cc2)cc1,575.15,train
698ddbe96c00d07d5428ce0e,[*]C(=O)Nc1ccc(Oc2ccc(C3(c4ccc(Oc5ccc(NC(=O)c6ccc7c(c6)C(=O)N(c6ccc(Oc8ccc(N9C(=O)c%10ccc[*]cc%10C9=O)cc8)cc6)C7=O)cc5)cc4)NC(=O)c4ccccc43)cc2)cc1,593.15,train
698ddbe96c00d07d5428ce0f,[*]C(=O)Nc1ccc(Oc2ccc(C3(c4ccc(Oc5ccc(NC(=O)c6ccc7c(c6)C(=O)N(c6ccc(Oc8cccc(N9C(=O)c%10ccc[*]cc%10C9=O)c8)cc6)C7=O)cc5)cc4)NC(=O)c4ccccc43)cc2)cc1,545.15,train
698ddbe96c00d07d5428ce10,[*]c1ccc(Oc2ccc(NC(=O)c3ccc4c(c3)C(=O)N(c3ccc(Sc5ccc(N6C(=O)c7ccc(C(=O)Nc8ccc(Oc9ccc(C%10[*]NC(=O)c%11ccccc%11%10)cc9)cc8)cc7C6=O)cc5)cc3)C4=O)cc2)cc1,571.15,train
698ddbe96c00d07d5428ce11,[*]C(=O)Nc1ccc(Oc2ccc(C3(c4ccc(Oc5ccc(NC(=O)c6ccc7c(c6)C(=O)N(c6ccc(Oc8ccc(Oc9ccc(N%10C(=O)c%11ccc[*]cc%11C%10=O)cc9)cc8)cc6)C7=O)cc5)cc4)NC(=O)c4ccccc43)cc2)cc1,557.15,train
698ddbe96c00d07d5428ce12,[*]C(=O)Nc1ccc(Oc2ccc(C3(c4ccc(Oc5ccc(NC(=O)c6ccc7c(c6)C(=O)N(c6ccc(Oc8cccc(Oc9ccc(N%10C(=O)c%11ccc[*]cc%11C%10=O)cc9)c8)cc6)C7=O)cc5)cc4)NC(=O)c4ccccc43)cc2)cc1,540.15,test
698ddbe96c00d07d5428ce13,[*]C(=O)Nc1ccc(Oc2ccc(C3(c4ccc(Oc5ccc(NC(=O)c6ccc7c(c6)C(=O)N(c6ccc(Oc8ccc(Oc9ccc(N%10C(=O)c%11ccc[*]cc%11C%10=O)cc9)c(C)c8)cc6)C7=O)cc5)cc4)NC(=O)c4ccccc43)cc2)cc1,566.15,train
698ddbe96c00d07d5428ce14,[*]C(=O)Nc1ccc(Oc2ccc(C3(c4ccc(Oc5ccc(NC(=O)c6ccc7c(c6)C(=O)N(c6ccc(Oc8ccc(S(=O)(=O)c9ccc(Oc%10ccc(N%11C(=O)c%12ccc[*]cc%12C%11=O)cc%10)cc9)cc8)cc6)C7=O)cc5)cc4)NC(=O)c4ccccc43)cc2)cc1,556.15,train
698ddbe96c00d07d5428ce15,[*]C(=O)Nc1ccc(Oc2ccc(C3(c4ccc(Oc5ccc(NC(=O)c6ccc7c(c6)C(=O)N(c6ccc(Oc8ccc(C9(c%10ccc(Oc%11ccc(N%12C(=O)c%13ccc[*]cc%13C%12=O)cc%11)cc%10)NC(=O)c%10ccccc%109)cc8)cc6)C7=O)cc5)cc4)NC(=O)c4ccccc43)cc2)cc1,603.15,train
698ddbe96c00d07d5428ce16,[*]C(=O)Nc1ccc(Oc2ccc(NC(=O)c3ccc4c(c3)C(=O)N(c3ccc(Oc5ccc(C6(c7ccc(Oc8ccc(N9C(=O)c%10ccc[*]cc%10C9=O)cc8)cc7)NC(=O)c7ccccc76)cc5)cc3)C4=O)cc2)cc1,598.15,train
698ddbe96c00d07d5428ce17,[*]C(=O)Nc1ccc(Oc2cccc(NC(=O)c3ccc4c(c3)C(=O)N(c3ccc(Oc5ccc(C6(c7ccc(Oc8ccc(N9C(=O)c%10ccc[*]cc%10C9=O)cc8)cc7)NC(=O)c7ccccc76)cc5)cc3)C4=O)c2)cc1,575.15,train
698ddbe96c00d07d5428ce18,[*]C(=O)Nc1ccc(Sc2ccc(NC(=O)c3ccc4c(c3)C(=O)N(c3ccc(Oc5ccc(C6(c7ccc(Oc8ccc(N9C(=O)c%10ccc[*]cc%10C9=O)cc8)cc7)NC(=O)c7ccccc76)cc5)cc3)C4=O)cc2)cc1,585.15,train
698ddbe96c00d07d5428ce19,[*]C(=O)Nc1ccc(Oc2ccc(Oc3ccc(NC(=O)c4ccc5c(c4)C(=O)N(c4ccc(Oc6ccc(C7(c8ccc(Oc9ccc(N%10C(=O)c%11ccc[*]cc%11C%10=O)cc9)cc8)NC(=O)c8ccccc87)cc6)cc4)C5=O)cc3)cc2)cc1,573.15,train
698ddbe96c00d07d5428ce1a,[*]C(=O)Nc1ccc(Oc2cccc(Oc3ccc(NC(=O)c4ccc5c(c4)C(=O)N(c4ccc(Oc6ccc(C7(c8ccc(Oc9ccc(N%10C(=O)c%11ccc[*]cc%11C%10=O)cc9)cc8)NC(=O)c8ccccc87)cc6)cc4)C5=O)cc3)c2)cc1,561.15,train
698ddbe96c00d07d5428ce1b,[*]C(=O)Nc1ccc(Oc2ccc(S(=O)(=O)c3ccc(Oc4ccc(NC(=O)c5ccc6c(c5)C(=O)N(c5ccc(Oc7ccc(C8(c9ccc(Oc%10ccc(N%11C(=O)c%12ccc[*]cc%12C%11=O)cc%10)cc9)NC(=O)c9ccccc98)cc7)cc5)C6=O)cc4)cc3)cc2)cc1,575.15,test
698ddbe96c00d07d5428ce1c,[*]C(=O)OCCCCOC(=O)c1ccc(N2C(=O)c3ccc[*]cc3C2=O)cc1,373.65,train
698ddbe96c00d07d5428ce1d,[*]C(=O)OCCCCCOC(=O)c1ccc(N2C(=O)c3ccc[*]cc3C2=O)cc1,363.15,test
698ddbe96c00d07d5428ce1e,[*]C(=O)OCCCCCCOC(=O)c1ccc(N2C(=O)c3ccc[*]cc3C2=O)cc1,353.65,test
698ddbe96c00d07d5428ce1f,[*]C(=O)OCCCCCCCOC(=O)c1ccc(N2C(=O)c3ccc[*]cc3C2=O)cc1,350.15,train
698ddbe96c00d07d5428ce20,[*]C(=O)OCCCCCCCCOC(=O)c1ccc(N2C(=O)c3ccc[*]cc3C2=O)cc1,338.15,train
698ddbe96c00d07d5428ce21,[*]C(=O)OCCCCCCCCCOC(=O)c1ccc(N2C(=O)c3ccc[*]cc3C2=O)cc1,335.15,train
698ddbe96c00d07d5428ce22,[*]C(=O)OCCCCCCCCCCOC(=O)c1ccc(N2C(=O)c3ccc[*]cc3C2=O)cc1,331.15,train
698ddbe96c00d07d5428ce23,[*]C(=O)OCCCCCCCCCCCOC(=O)c1ccc(N2C(=O)c3ccc[*]cc3C2=O)cc1,322.15,train
698ddbe96c00d07d5428ce24,[*]C(=O)OCCCCCCCCCCCCOC(=O)c1ccc(N2C(=O)c3ccc[*]cc3C2=O)cc1,320.15,train
698ddbe96c00d07d5428ce25,[*]C(=O)c1ccc(Oc2ccc(Oc3ccc(C(=O)c4ccc5c(c4)C(=O)N(c4ccc(N6C(=O)c7ccc[*]cc7C6=O)cc4)C5=O)cc3)cc2)cc1,509.15,train
698ddbe96c00d07d5428ce26,[*]C(=O)c1ccc(Oc2ccc(-c3ccc(Oc4ccc(C(=O)c5ccc6c(c5)C(=O)N(c5ccc(N7C(=O)c8ccc[*]cc8C7=O)cc5)C6=O)cc4)cc3)cc2)cc1,502.15,test
698ddbe96c00d07d5428ce27,[*]C(=O)c1ccc(Oc2ccc(-c3ccc(Oc4ccc(C(=O)c5ccc6c(c5)C(=O)N(c5ccc(Cc7ccc(N8C(=O)c9ccc[*]cc9C8=O)cc7)cc5)C6=O)cc4)cc3)cc2)cc1,514.15,train
698ddbe96c00d07d5428ce28,[*]C(=O)c1ccc(Oc2ccc(Oc3ccc(C(=O)c4ccc5c(c4)C(=O)N(c4ccc(Cc6ccc(N7C(=O)c8ccc[*]cc8C7=O)cc6)cc4)C5=O)cc3)cc2)cc1,498.15,train
698ddbe96c00d07d5428ce29,[*]C(=O)c1ccc(-c2ccc(C(C)(C)c3ccc(-c4ccc(C(=O)c5ccc6c(c5)C(=O)N(c5ccc(Cc7ccc(N8C(=O)c9ccc[*]cc9C8=O)cc7)cc5)C6=O)cc4)cc3)cc2)cc1,489.15,test
698ddbe96c00d07d5428ce2a,[*]C(=O)c1ccc(Oc2ccc(C3(c4ccc(Oc5ccc(C(=O)c6ccc7c(c6)C(=O)N(c6ccc(Cc8ccc(N9C(=O)c%10ccc[*]cc%10C9=O)cc8)cc6)C7=O)cc5)cc4)OC(=O)c4ccccc43)cc2)cc1,541.15,train
698ddbe96c00d07d5428ce2b,[*]C(=O)c1ccc(Oc2ccc(S(=O)(=O)c3ccc(Oc4ccc(C(=O)c5ccc6c(c5)C(=O)N(c5ccc(Cc7ccc(N8C(=O)c9ccc[*]cc9C8=O)cc7)cc5)C6=O)cc4)cc3)cc2)cc1,518.15,train
698ddbe96c00d07d5428ce2c,[*]C(=O)c1ccc(Oc2ccc(Oc3ccc(C(=O)c4ccc5c(c4)C(=O)N(c4ccc(Oc6ccc(N7C(=O)c8ccc[*]cc8C7=O)cc6)cc4)C5=O)cc3)cc2)cc1,493.15,train
698ddbe96c00d07d5428ce2d,[*]C(=O)c1ccc(Oc2ccc(-c3ccc(Oc4ccc(C(=O)c5ccc6c(c5)C(=O)N(c5ccc(Oc7ccc(N8C(=O)c9ccc[*]cc9C8=O)cc7)cc5)C6=O)cc4)cc3)cc2)cc1,506.15,train
698ddbe96c00d07d5428ce2e,[*]C(=O)c1ccc(Oc2ccc(C(C)(C)c3ccc(Oc4ccc(C(=O)c5ccc6c(c5)C(=O)N(c5ccc(Oc7ccc(N8C(=O)c9ccc[*]cc9C8=O)cc7)cc5)C6=O)cc4)cc3)cc2)cc1,490.15,train
698ddbe96c00d07d5428ce2f,[*]C(=O)c1ccc(Oc2ccc(C3(c4ccc(Oc5ccc(C(=O)c6ccc7c(c6)C(=O)N(c6ccc(Oc8ccc(N9C(=O)c%10ccc[*]cc%10C9=O)cc8)cc6)C7=O)cc5)cc4)OC(=O)c4ccccc43)cc2)cc1,533.15,train
698ddbe96c00d07d5428ce30,[*]C(=O)c1ccc(Oc2ccc(S(=O)(=O)c3ccc(Oc4ccc(C(=O)c5ccc6c(c5)C(=O)N(c5ccc(Oc7ccc(N8C(=O)c9ccc[*]cc9C8=O)cc7)cc5)C6=O)cc4)cc3)cc2)cc1,514.15,val
698ddbe96c00d07d5428ce31,[*]C(=O)c1ccc(Oc2ccc(N3C(=O)c4ccc[*]cc4C3=O)cc2)cc1,570.15,test
698ddbe96c00d07d5428ce32,[*]CCC[Si](C)(C)O[Si](C)(C)CCCN1C(=O)c2ccc(C(=O)c3ccc4c(c3)C(=O)N[*]C4=O)cc2C1=O,341.15,train
698ddbe96c00d07d5428ce33,[*]CCC[Si](C)(C)O[Si](C)(C)CCCN1C(=O)c2ccc(-c3ccc4c(c3)C(=O)N[*]C4=O)cc2C1=O,348.15,train
698ddbe96c00d07d5428ce34,[*]c1ccc(Oc2cccc(-n3c(=O)c4cc5c(=O)n[*]c(=O)c5cc4c3=O)c2)cc1,670.15,val
698ddbe96c00d07d5428ce35,[*]c1ccc(OCCOc2cccc(N3C(=O)c4ccc(Oc5ccc6c(c5)C(=O)N[*]C6=O)cc4C3=O)c2)cc1,451.65,test
698ddbe96c00d07d5428ce36,[*]c1ccc(OCCOCCOc2cccc(N3C(=O)c4ccc(Oc5ccc6c(c5)C(=O)N[*]C6=O)cc4C3=O)c2)cc1,419.65,train
698ddbe96c00d07d5428ce37,[*]c1ccc(OCCOCCOCCOc2cccc(N3C(=O)c4ccc(Oc5ccc6c(c5)C(=O)N[*]C6=O)cc4C3=O)c2)cc1,380.15,train
698ddbe96c00d07d5428ce38,[*]c1ccc(-c2ccc(N3C(=O)c4ccc(-c5ccc6c(c5)C(=O)N[*]C6=O)cc4C3=O)cc2C(F)(F)F)c(C(F)(F)F)c1,590.65,train
698ddbe96c00d07d5428ce39,[*]C(=O)c1ccc2c(c1)C(=O)N(c1ccc(OCC(C)(C)COc3ccc(N4C(=O)c5ccc[*]cc5C4=O)cc3)cc1)C2=O,507.15,train
698ddbe96c00d07d5428ce3a,[*]C(=O)Oc1ccc(C(C)(C)c2ccc(OC(=O)c3ccc4c(c3)C(=O)N(c3ccc(Oc5ccc(N6C(=O)c7ccc[*]cc7C6=O)cc5)cc3)C4=O)cc2)cc1,473.15,train
698ddbe96c00d07d5428ce3b,[*]C(=O)c1ccc2c(c1)C(=O)N(c1ccc(/C=C/c3ccc(N4C(=O)c5ccc[*]cc5C4=O)cc3)cc1)C2=O,576.15,train
698ddbe96c00d07d5428ce3c,[*]C(=O)c1ccc2c(c1)C(=O)N(c1ccc(Sc3ccc(N4C(=O)c5ccc[*]cc5C4=O)cn3)nc1)C2=O,519.15,train
698ddbe96c00d07d5428ce3d,[*]C(=O)c1ccc2c(c1)C(=O)N(c1ccc(C(=O)c3cccc(N4C(=O)c5ccc[*]cc5C4=O)c3)cc1)C2=O,555.65,train
698ddbe96c00d07d5428ce3e,[*]C(=O)c1ccc2c(c1)C(=O)N(c1ccc(Cc3cccc(N4C(=O)c5ccc[*]cc5C4=O)c3)cc1)C2=O,554.15,train
698ddbe96c00d07d5428ce3f,[*]C(=O)c1ccc2c(c1)C(=O)N(c1cccc(C(O)c3cccc(N4C(=O)c5ccc[*]cc5C4=O)c3)c1)C2=O,565.15,train
698ddbe96c00d07d5428ce40,[*]c1cccc(C(=O)c2cccc(-n3c(=O)c4cc5c(=O)n[*]c(=O)c5cc4c3=O)c2)c1,594.15,train
698ddbe96c00d07d5428ce41,[*]c1ccc(Sc2ccc(-n3c(=O)c4cc5c(=O)n[*]c(=O)c5cc4c3=O)cn2)nc1,632.15,test
698ddbe96c00d07d5428ce42,[*]CC(c1ccccc1)C1C(=O)NC(=O)C1[*],519.15,train
698ddbe96c00d07d5428ce43,[*]C(=O)c1ccc2c(c1)C(=O)N(c1ccc3c(c1)C(=O)c1cc(N4C(=O)c5ccc[*]cc5C4=O)ccc1-3)C2=O,604.15,train
698ddbe96c00d07d5428ce44,[*]CC(C)(C)C1C(=O)N(c2c(C)cccc2C)C(=O)C1[*],510.15,test
698ddbe96c00d07d5428ce45,[*]CC(C)(C)C1C(=O)N(c2ccccc2C)C(=O)C1[*],480.15,train
698ddbe96c00d07d5428ce46,[*]CC(=O)Nc1ccc(Oc2ccc(NC(=O)CN3C(=O)c4ccc(C(=O)c5ccc6c(c5)C(=O)N[*]C6=O)cc4C3=O)cc2)cc1,508.15,train
698ddbe96c00d07d5428ce47,[*]CCC(=O)Nc1ccc(Oc2ccc(NC(=O)CCN3C(=O)c4ccc(C(=O)c5ccc6c(c5)C(=O)N[*]C6=O)cc4C3=O)cc2)cc1,505.15,train
698ddbe96c00d07d5428ce48,[*]CCCC(=O)Nc1ccc(Oc2ccc(NC(=O)CCCN3C(=O)c4ccc(C(=O)c5ccc6c(c5)C(=O)N[*]C6=O)cc4C3=O)cc2)cc1,471.15,train
698ddbe96c00d07d5428ce49,[*]CCCCCC(=O)Nc1ccc(Oc2ccc(NC(=O)CCCCCN3C(=O)c4ccc(C(=O)c5ccc6c(c5)C(=O)N[*]C6=O)cc4C3=O)cc2)cc1,468.15,train
698ddbe96c00d07d5428ce4a,[*]CCCCCCCCCCC(=O)Nc1ccc(Oc2ccc(NC(=O)CCCCCCCCCCN3C(=O)c4ccc(C(=O)c5ccc6c(c5)C(=O)N[*]C6=O)cc4C3=O)cc2)cc1,405.15,train
698ddbe96c00d07d5428ce4b,[*]CC(=O)Nc1ccc(Oc2cccc(NC(=O)CN3C(=O)c4ccc(C(=O)c5ccc6c(c5)C(=O)N[*]C6=O)cc4C3=O)c2)cc1,499.15,train
698ddbe96c00d07d5428ce4c,[*]CCC(=O)Nc1ccc(Oc2cccc(NC(=O)CCN3C(=O)c4ccc(C(=O)c5ccc6c(c5)C(=O)N[*]C6=O)cc4C3=O)c2)cc1,497.15,train
698ddbe96c00d07d5428ce4d,[*]CCCC(=O)Nc1ccc(Oc2cccc(NC(=O)CCCN3C(=O)c4ccc(C(=O)c5ccc6c(c5)C(=O)N[*]C6=O)cc4C3=O)c2)cc1,461.15,train
698ddbe96c00d07d5428ce4e,[*]CCCCCC(=O)Nc1ccc(Oc2cccc(NC(=O)CCCCCN3C(=O)c4ccc(C(=O)c5ccc6c(c5)C(=O)N[*]C6=O)cc4C3=O)c2)cc1,443.15,test
698ddbe96c00d07d5428ce4f,[*]CCCCCCCCCCC(=O)Nc1ccc(Oc2cccc(NC(=O)CCCCCCCCCCN3C(=O)c4ccc(C(=O)c5ccc6c(c5)C(=O)N[*]C6=O)cc4C3=O)c2)cc1,399.15,val
698ddbe96c00d07d5428ce50,[*]CC(=O)Nc1ccc(Oc2ccc(Oc3ccc(NC(=O)CN4C(=O)c5ccc(C(=O)c6ccc7c(c6)C(=O)N[*]C7=O)cc5C4=O)cc3)cc2)cc1,503.15,val
698ddbe96c00d07d5428ce51,[*]CCC(=O)Nc1ccc(Oc2ccc(Oc3ccc(NC(=O)CCN4C(=O)c5ccc(C(=O)c6ccc7c(c6)C(=O)N[*]C7=O)cc5C4=O)cc3)cc2)cc1,494.15,train
698ddbe96c00d07d5428ce52,[*]CCCC(=O)Nc1ccc(Oc2ccc(Oc3ccc(NC(=O)CCCN4C(=O)c5ccc(C(=O)c6ccc7c(c6)C(=O)N[*]C7=O)cc5C4=O)cc3)cc2)cc1,451.15,train
698ddbe96c00d07d5428ce53,[*]CCCCCC(=O)Nc1ccc(Oc2ccc(Oc3ccc(NC(=O)CCCCCN4C(=O)c5ccc(C(=O)c6ccc7c(c6)C(=O)N[*]C7=O)cc5C4=O)cc3)cc2)cc1,431.15,train
698ddbe96c00d07d5428ce54,[*]CCCCCCCCCCC(=O)Nc1ccc(Oc2ccc(Oc3ccc(NC(=O)CCCCCCCCCCN4C(=O)c5ccc(C(=O)c6ccc7c(c6)C(=O)N[*]C7=O)cc5C4=O)cc3)cc2)cc1,395.15,train
698ddbe96c00d07d5428ce55,[*]CC(=O)Nc1ccc(Cc2ccc(NC(=O)CN3C(=O)c4ccc(C(=O)c5ccc6c(c5)C(=O)N[*]C6=O)cc4C3=O)cc2)cc1,506.15,train
698ddbe96c00d07d5428ce56,[*]CCC(=O)Nc1ccc(Cc2ccc(NC(=O)CCN3C(=O)c4ccc(C(=O)c5ccc6c(c5)C(=O)N[*]C6=O)cc4C3=O)cc2)cc1,494.15,train
698ddbe96c00d07d5428ce57,[*]CCCC(=O)Nc1ccc(Cc2ccc(NC(=O)CCCN3C(=O)c4ccc(C(=O)c5ccc6c(c5)C(=O)N[*]C6=O)cc4C3=O)cc2)cc1,468.15,val
698ddbe96c00d07d5428ce58,[*]CCCCCC(=O)Nc1ccc(Cc2ccc(NC(=O)CCCCCN3C(=O)c4ccc(C(=O)c5ccc6c(c5)C(=O)N[*]C6=O)cc4C3=O)cc2)cc1,460.15,train
698ddbe96c00d07d5428ce59,[*]CCCCCCCCCCC(=O)Nc1ccc(Cc2ccc(NC(=O)CCCCCCCCCCN3C(=O)c4ccc(C(=O)c5ccc6c(c5)C(=O)N[*]C6=O)cc4C3=O)cc2)cc1,409.15,train
698ddbe96c00d07d5428ce5a,[*]CC(=O)Nc1ccc(NC(=O)CN2C(=O)c3ccc(C(=O)c4ccc5c(c4)C(=O)N[*]C5=O)cc3C2=O)cc1,523.15,train
698ddbe96c00d07d5428ce5b,[*]CCC(=O)Nc1ccc(NC(=O)CCN2C(=O)c3ccc(C(=O)c4ccc5c(c4)C(=O)N[*]C5=O)cc3C2=O)cc1,510.15,train
698ddbe96c00d07d5428ce5c,[*]CCCC(=O)Nc1ccc(NC(=O)CCCN2C(=O)c3ccc(C(=O)c4ccc5c(c4)C(=O)N[*]C5=O)cc3C2=O)cc1,482.15,train
698ddbe96c00d07d5428ce5d,[*]CCCCCC(=O)Nc1ccc(NC(=O)CCCCCN2C(=O)c3ccc(C(=O)c4ccc5c(c4)C(=O)N[*]C5=O)cc3C2=O)cc1,473.15,train
698ddbe96c00d07d5428ce5e,[*]CCCCCCCCCCC(=O)Nc1ccc(NC(=O)CCCCCCCCCCN2C(=O)c3ccc(C(=O)c4ccc5c(c4)C(=O)N[*]C5=O)cc3C2=O)cc1,398.15,train
698ddbe96c00d07d5428ce5f,[*]c1ccc2c(c1)C(=O)N(c1ccc3c(c1)-c1cc(N4C(=O)c5ccc(C[*](C(F)(F)F)C(F)(F)F)cc5C4=O)ccc1C3)C2=O,667.15,train
698ddbe96c00d07d5428ce60,[*]CC(=O)Nc1ccc(NC(=O)c2ccc3c(c2)C(=O)N[*]C3=O)cc1,565.15,train
698ddbe96c00d07d5428ce61,[*]CC(=O)Nc1ccc(Cc2ccc(NC(=O)c3ccc4c(c3)C(=O)N[*]C4=O)cc2)cc1,539.15,train
698ddbe96c00d07d5428ce62,[*]CC(=O)Nc1ccc(S(=O)(=O)c2ccc(NC(=O)c3ccc4c(c3)C(=O)N[*]C4=O)cc2)cc1,505.15,train
698ddbe96c00d07d5428ce63,[*]CC(=O)Nc1ccc(Oc2ccc(NC(=O)c3ccc4c(c3)C(=O)N[*]C4=O)cc2)cc1,535.15,test
698ddbe96c00d07d5428ce64,[*]CC(=O)Nc1ccc(Oc2ccc(Oc3ccc(NC(=O)c4ccc5c(c4)C(=O)N[*]C5=O)cc3)cc2)cc1,515.15,test
698ddbe96c00d07d5428ce65,[*]CC(=O)Nc1ccc(Oc2cccc(Oc3ccc(NC(=O)c4ccc5c(c4)C(=O)N[*]C5=O)cc3)c2)cc1,493.15,val
698ddbe96c00d07d5428ce66,[*]C(=O)Nc1ccc(NC(=O)c2ccc(N3C(=O)c4ccc[*]cc4C3=O)cc2)cc1,570.65,train
698ddbe96c00d07d5428ce67,[*]C(=O)Nc1ccc(Oc2ccc(NC(=O)c3ccc(N4C(=O)c5ccc[*]cc5C4=O)cc3)cc2)cc1,569.15,train
698ddbe96c00d07d5428ce68,[*]C(=O)c1ccc2c(c1)C(=O)N(c1cccc(C#Cc3cccc(N4C(=O)c5ccc[*]cc5C4=O)c3)c1)C2=O,567.15,train
698ddbe96c00d07d5428ce69,[*]C(=O)c1ccc(C(=O)c2ccc3c(c2)C(=O)N(c2ccc(C(=O)c4ccc(C(=O)c5ccc(N6C(=O)c7ccc[*]cc7C6=O)cc5)cc4)cc2)C3=O)cc1,533.15,train
698ddbe96c00d07d5428ce6a,[*]c1ccc(Oc2ccc(C(c3ccc(Oc4ccc(N5C(=O)c6ccc(Oc7ccc8c(c7)C(=O)N[*]C8=O)cc6C5=O)cc4)cc3)(C(F)(F)F)C(F)(F)F)cc2)cc1,537.15,test
698ddbe96c00d07d5428ce6b,[*]c1cccc(Oc2cccc(Oc3cccc(N4C(=O)c5ccc(Oc6ccc(Sc7ccc(Oc8ccc9c(c8)C(=O)N[*]C9=O)cc7)cc6)cc5C4=O)c3)c2)c1,463.65,train
698ddbe96c00d07d5428ce6c,[*]c1ccc(Oc2ccc(C(c3ccc(Oc4ccc(N5C(=O)c6ccc(Oc7ccc(Sc8ccc(Oc9ccc%10c(c9)C(=O)N[*]C%10=O)cc8)cc7)cc6C5=O)cc4)cc3)(C(F)(F)F)C(F)(F)F)cc2)cc1,490.65,train
698ddbe96c00d07d5428ce6d,[*]c1cccc(S(=O)(=O)c2cccc(N3C(=O)c4ccc(Oc5ccc6c(c5)C(=O)N[*]C6=O)cc4C3=O)c2)c1,519.15,train
698ddbe96c00d07d5428ce6e,[*]C(=O)c1ccc2c(c1)C(=O)N(c1cccc(S(=O)(=O)c3cccc(N4C(=O)c5ccc[*]cc5C4=O)c3)c1)C2=O,551.15,train
698ddbe96c00d07d5428ce6f,[*]c1cccc(Oc2cccc(Oc3cccc(-n4c(=O)c5cc6c(=O)n[*]c(=O)c6cc5c4=O)c3)c2)c1,494.15,train
698ddbe96c00d07d5428ce70,[*]c1ccc(Oc2ccc(-c3ccc(Oc4ccc(N5C(=O)c6ccc(Oc7ccc(Oc8ccc9c(c8)C(=O)N[*]C9=O)cc7)cc6C5=O)cc4)cc3)cc2)cc1,503.15,train
698ddbe96c00d07d5428ce71,[*]c1ccc(Oc2ccc(Oc3ccc(Oc4ccc(N5C(=O)c6ccc(Oc7ccc(Oc8ccc9c(c8)C(=O)N[*]C9=O)cc7)cc6C5=O)cc4)cc3)cc2)cc1,483.15,test
698ddbe96c00d07d5428ce72,[*]c1ccc(Oc2ccc(Sc3ccc(Oc4ccc(N5C(=O)c6ccc(Oc7ccc(Oc8ccc9c(c8)C(=O)N[*]C9=O)cc7)cc6C5=O)cc4)cc3)cc2)cc1,474.15,train
698ddbe96c00d07d5428ce73,[*]c1ccc(Oc2ccc(Oc3ccc(N4C(=O)c5ccc(Oc6ccc(-c7ccc(Oc8ccc9c(c8)C(=O)N[*]C9=O)cc7)cc6)cc5C4=O)cc3)cc2)cc1,495.15,test
698ddbe96c00d07d5428ce74,[*]c1ccc(Oc2ccc(-c3ccc(Oc4ccc(N5C(=O)c6ccc(Oc7ccc(-c8ccc(Oc9ccc%10c(c9)C(=O)N[*]C%10=O)cc8)cc7)cc6C5=O)cc4)cc3)cc2)cc1,493.15,train
698ddbe96c00d07d5428ce75,[*]c1ccc(Oc2ccc(Oc3ccc(Oc4ccc(N5C(=O)c6ccc(Oc7ccc(-c8ccc(Oc9ccc%10c(c9)C(=O)N[*]C%10=O)cc8)cc7)cc6C5=O)cc4)cc3)cc2)cc1,481.15,train
698ddbe96c00d07d5428ce76,[*]c1ccc(Oc2ccc(Sc3ccc(Oc4ccc(N5C(=O)c6ccc(Oc7ccc(-c8ccc(Oc9ccc%10c(c9)C(=O)N[*]C%10=O)cc8)cc7)cc6C5=O)cc4)cc3)cc2)cc1,479.15,test
698ddbe96c00d07d5428ce77,[*]c1ccc(Oc2ccc(Oc3ccc(N4C(=O)c5ccc(Oc6ccc(Oc7ccc(Oc8ccc9c(c8)C(=O)N[*]C9=O)cc7)cc6)cc5C4=O)cc3)cc2)cc1,476.15,train
698ddbe96c00d07d5428ce78,[*]c1ccc(Oc2ccc(-c3ccc(Oc4ccc(N5C(=O)c6ccc(Oc7ccc(Oc8ccc(Oc9ccc%10c(c9)C(=O)N[*]C%10=O)cc8)cc7)cc6C5=O)cc4)cc3)cc2)cc1,484.15,test
698ddbe96c00d07d5428ce79,[*]c1ccc(Oc2ccc(Sc3ccc(Oc4ccc(N5C(=O)c6ccc(Oc7ccc(Oc8ccc(Oc9ccc%10c(c9)C(=O)N[*]C%10=O)cc8)cc7)cc6C5=O)cc4)cc3)cc2)cc1,467.15,train
698ddbe96c00d07d5428ce7a,[*]c1ccc(Oc2ccc(Oc3ccc(N4C(=O)c5ccc(Oc6ccc(Sc7ccc(Oc8ccc9c(c8)C(=O)N[*]C9=O)cc7)cc6)cc5C4=O)cc3)cc2)cc1,474.15,train
698ddbe96c00d07d5428ce7b,[*]c1ccc(Oc2ccc(-c3ccc(Oc4ccc(N5C(=O)c6ccc(Oc7ccc(Sc8ccc(Oc9ccc%10c(c9)C(=O)N[*]C%10=O)cc8)cc7)cc6C5=O)cc4)cc3)cc2)cc1,478.15,test
698ddbe96c00d07d5428ce7c,[*]c1ccc(Oc2ccc(Sc3ccc(Oc4ccc(N5C(=O)c6ccc(Oc7ccc(Sc8ccc(Oc9ccc%10c(c9)C(=O)N[*]C%10=O)cc8)cc7)cc6C5=O)cc4)cc3)cc2)cc1,459.15,train
698ddbe96c00d07d5428ce7d,[*]c1ccc(Cc2ccc(N3C(=O)c4ccc([Si](C)(C)c5ccc6c(c5)C(=O)N[*]C6=O)cc4C3=O)cc2)cc1,553.15,train
698ddbe96c00d07d5428ce7e,[*]c1ccc(Cc2ccc(N3C(=O)c4ccc([Si](C)(C)c5ccc([Si](C)(C)c6ccc7c(c6)C(=O)N[*]C7=O)cc5)cc4C3=O)cc2)cc1,568.15,train
698ddbe96c00d07d5428ce7f,[*]c1ccc(Cc2ccc(N3C(=O)c4ccc([Si](C)(C)O[Si](C)(C)c5ccc6c(c5)C(=O)N[*]C6=O)cc4C3=O)cc2)cc1,505.15,train
698ddbe96c00d07d5428ce80,[*]c1ccc(Cc2ccc(N3C(=O)c4ccc([Si](C)(C)O[Si](C)(C)O[Si](C)(C)c5ccc6c(c5)C(=O)N[*]C6=O)cc4C3=O)cc2)cc1,493.15,test
698ddbe96c00d07d5428ce81,[*]c1cccc(Cc2cccc(N3C(=O)c4ccc([Si](C)(C)c5ccc([Si](C)(C)c6ccc7c(c6)C(=O)N[*]C7=O)cc5)cc4C3=O)c2)c1,519.15,train
698ddbe96c00d07d5428ce82,[*]c1cccc(Cc2cccc(N3C(=O)c4ccc([Si](C)(C)c5ccc6c(c5)C(=O)N[*]C6=O)cc4C3=O)c2)c1,511.15,val
698ddbe96c00d07d5428ce83,[*]c1cccc(Cc2cccc(N3C(=O)c4ccc([Si](C)(C)c5ccc(-c6ccc([Si](C)(C)c7ccc8c(c7)C(=O)N[*]C8=O)cc6)cc5)cc4C3=O)c2)c1,558.15,train
698ddbe96c00d07d5428ce84,[*]c1cccc(Cc2cccc(N3C(=O)c4ccc([Si](C)(C)O[Si](C)(C)c5ccc6c(c5)C(=O)N[*]C6=O)cc4C3=O)c2)c1,490.15,train
698ddbe96c00d07d5428ce85,[*]c1cccc(Cc2cccc(N3C(=O)c4ccc([Si](C)(C)O[Si](C)(C)O[Si](C)(C)c5ccc6c(c5)C(=O)N[*]C6=O)cc4C3=O)c2)c1,481.15,test
698ddbe96c00d07d5428ce86,[*]c1ccc(N2C(=O)c3c(c(-c4ccccc4)c(-c4ccc(-c5c(-c6ccccc6)c6c(c(-c7ccccc7)c5-c5ccccc5)C(=O)N[*]C6=O)cc4)c(-c4ccccc4)c3-c3ccccc3)C2=O)cc1,739.15,test
698ddbe96c00d07d5428ce87,[*]c1cccc(N2C(=O)c3c(c(-c4ccccc4)c(-c4ccc(-c5c(-c6ccccc6)c6c(c(-c7ccccc7)c5-c5ccccc5)C(=O)N[*]C6=O)cc4)c(-c4ccccc4)c3-c3ccccc3)C2=O)c1,689.15,test
698ddbe96c00d07d5428ce88,[*]c1ccc(Oc2ccc(N3C(=O)c4c(c(-c5ccccc5)c(-c5ccc(-c6c(-c7ccccc7)c7c(c(-c8ccccc8)c6-c6ccccc6)C(=O)N[*]C7=O)cc5)c(-c5ccccc5)c4-c4ccccc4)C3=O)cc2)cc1,686.15,train
698ddbe96c00d07d5428ce89,[*]c1cccc(Oc2cccc(Oc3cccc(N4C(=O)c5c(c(-c6ccccc6)c(-c6ccc(-c7c(-c8ccccc8)c8c(c(-c9ccccc9)c7-c7ccccc7)C(=O)N[*]C8=O)cc6)c(-c6ccccc6)c5-c5ccccc5)C4=O)c3)c2)c1,553.15,val
698ddbe96c00d07d5428ce8a,[*]c1ccc(-c2ccc(N3C(=O)c4c(c(-c5ccccc5)c(-c5ccc(Oc6ccc(-c7c(-c8ccccc8)c8c(c(-c9ccccc9)c7-c7ccccc7)C(=O)N[*]C8=O)cc6)cc5)c(-c5ccccc5)c4-c4ccccc4)C3=O)cc2)cc1,672.15,train
698ddbe96c00d07d5428ce8b,[*]c1ccc(Oc2ccc(-c3c(-c4ccccc4)c4c(c(-c5ccccc5)c3-c3ccccc3)C(=O)N(c3ccc(N5C(=O)c6c(c(-c7ccccc7)c(-c7ccccc7)c[*]c6-c6ccccc6)C5=O)cc3)C4=O)cc2)cc1,644.15,train
698ddbe96c00d07d5428ce8c,[*]c1ccc(Oc2ccc(N3C(=O)c4c(c(-c5ccccc5)c(-c5ccc(Oc6ccc(-c7c(-c8ccccc8)c8c(c(-c9ccccc9)c7-c7ccccc7)C(=O)N[*]C8=O)cc6)cc5)c(-c5ccccc5)c4-c4ccccc4)C3=O)cc2)cc1,633.15,train
698ddbe96c00d07d5428ce8d,[*]c1ccc(Cc2ccc(N3C(=O)c4c(c(-c5ccccc5)c(-c5ccc(Oc6ccc(-c7c(-c8ccccc8)c8c(c(-c9ccccc9)c7-c7ccccc7)C(=O)N[*]C8=O)cc6)cc5)c(-c5ccccc5)c4-c4ccccc4)C3=O)cc2)cc1,629.15,train
698ddbe96c00d07d5428ce8e,[*]c1ccc(Oc2ccc(-c3c(-c4ccccc4)c4c(c(-c5ccccc5)c3-c3ccccc3)C(=O)N(c3cccc(N5C(=O)c6c(c(-c7ccccc7)c(-c7ccccc7)c[*]c6-c6ccccc6)C5=O)c3)C4=O)cc2)cc1,630.15,train
698ddbe96c00d07d5428ce8f,[*]c1cccc(Oc2cccc(Oc3cccc(N4C(=O)c5c(c(-c6ccccc6)c(-c6ccc(Oc7ccc(-c8c(-c9ccccc9)c9c(c(-c%10ccccc%10)c8-c8ccccc8)C(=O)N[*]C9=O)cc7)cc6)c(-c6ccccc6)c5-c5ccccc5)C4=O)c3)c2)c1,534.15,test
698ddbe96c00d07d5428ce90,[*]c1cccc(Oc2cccc(Oc3cccc(N4C(=O)c5c(c(-c6ccccc6)c(-c6ccc(Oc7ccc(Oc8ccc(-c9c(-c%10ccccc%10)c%10c(c(-c%11ccccc%11)c9-c9ccccc9)C(=O)N[*]C%10=O)cc8)cc7)cc6)c(-c6ccccc6)c5-c5ccccc5)C4=O)c3)c2)c1,511.15,train
698ddbe96c00d07d5428ce91,[*]C(=O)c1ccc2c(c1)C(=O)N(c1ccc(CP(=O)(OCC)OCC)c(N3C(=O)c4ccc[*]cc4C3=O)c1)C2=O,491.15,train
698ddbe96c00d07d5428ce92,[*]C(=O)c1ccc2c(c1)C(=O)N(c1ccc(CP(=O)(OCCCl)OCCCl)c(N3C(=O)c4ccc[*]cc4C3=O)c1)C2=O,534.15,test
698ddbe96c00d07d5428ce93,[*]c1ccc2c(c1)C(=O)N(c1ccc3c(c1)Cc1cc(N4C(=O)c5ccc(C[*](C(F)(F)F)C(F)(F)F)cc5C4=O)ccc1-3)C2=O,667.15,train
698ddbe96c00d07d5428ce94,[*]c1ccc2c(c1)C(=O)N(c1cccc(C(c3cccc(N4C(=O)c5ccc(C[*](C(F)(F)F)C(F)(F)F)cc5C4=O)c3)(C(F)(F)F)C(F)(F)F)c1)C2=O,536.15,train
698ddbe96c00d07d5428ce95,[*]c1ccc(Oc2ccc(S(=O)(=O)c3ccc(Oc4ccc(N5C(=O)c6ccc(Oc7cccc(Oc8ccc9c(c8)C(=O)N[*]C9=O)c7)cc6C5=O)cc4)cc3)cc2)cc1,474.15,train
698ddbe96c00d07d5428ce96,[*]c1ccc(Oc2ccc(C(=O)c3cccc(C(=O)c4ccc(Oc5ccc(N6C(=O)c7ccc(Oc8ccc(Oc9ccc(Oc%10ccc%11c(c%10)C(=O)N[*]C%11=O)cc9)cc8)cc7C6=O)cc5)cc4)c3)cc2)cc1,465.15,train
698ddbe96c00d07d5428ce97,[*]c1ccc(Oc2ccc(C(=O)c3cccc(C(=O)c4ccc(Oc5ccc(N6C(=O)c7ccc(Oc8ccc(Sc9ccc(Oc%10ccc%11c(c%10)C(=O)N[*]C%11=O)cc9)cc8)cc7C6=O)cc5)cc4)c3)cc2)cc1,465.15,train
698ddbe96c00d07d5428ce98,[*]c1ccc(Oc2ccc(C(=O)c3cccc(C(=O)c4ccc(Oc5ccc(N6C(=O)c7ccc([Si](C)(C)c8ccc9c(c8)C(=O)N[*]C9=O)cc7C6=O)cc5)cc4)c3)cc2)cc1,481.15,val
698ddbe96c00d07d5428ce99,[*]C(=O)c1ccc2c(c1)C(=O)N(c1ccc(Oc3ccc(C(=O)c4ccc5cc(C(=O)c6ccc(Oc7ccc(N8C(=O)c9ccc[*]cc9C8=O)cc7)cc6)ccc5c4)cc3)cc1)C2=O,519.15,train
698ddbe96c00d07d5428ce9a,[*]C(=O)c1ccc2c(c1)C(=O)N(c1cc(C(=O)c3ccccc3)cc(N3C(=O)c4ccc[*]cc4C3=O)c1)C2=O,555.15,train
698ddbe96c00d07d5428ce9b,[*]C(=O)c1ccc2c(c1)C(=O)N(c1ccc(C(=O)c3ccccc3N3C(=O)c4ccc[*]cc4C3=O)cc1)C2=O,562.15,train
698ddbe96c00d07d5428ce9c,[*]C(=O)c1ccc2c(c1)C(=O)N(c1cccc(C(=O)c3ccccc3N3C(=O)c4ccc[*]cc4C3=O)c1)C2=O,532.15,train
698ddbe96c00d07d5428ce9d,[*]C(=O)c1ccc2c(c1)C(=O)N(c1ccccc1C(=O)c1ccccc1N1C(=O)c3ccc[*]cc3C1=O)C2=O,562.15,train
698ddbe96c00d07d5428ce9e,[*]C(=O)c1ccc2c(c1)C(=O)N(c1ccc(Cc3ccccc3N3C(=O)c4ccc[*]cc4C3=O)cc1)C2=O,563.15,train
698ddbe96c00d07d5428ce9f,[*]C(=O)c1ccc2c(c1)C(=O)N(c1cccc(Cc3ccccc3N3C(=O)c4ccc[*]cc4C3=O)c1)C2=O,531.15,train
698ddbe96c00d07d5428cea0,[*]C(=O)c1ccc2c(c1)C(=O)N(c1ccccc1Cc1ccccc1N1C(=O)c3ccc[*]cc3C1=O)C2=O,558.15,test
698ddbe96c00d07d5428cea1,[*]C(=O)c1ccc2c(c1)C(=O)N(c1ccc(Oc3ccccc3N3C(=O)c4ccc[*]cc4C3=O)cc1)C2=O,555.65,val
698ddbe96c00d07d5428cea2,[*]C(=O)c1ccc2c(c1)C(=O)N(c1ccc(-c3ccccc3N3C(=O)c4ccc[*]cc4C3=O)cc1)C2=O,578.15,train
698ddbe96c00d07d5428cea3,[*]Oc1ccc(C(C)(C)c2ccc(Oc3ccc4c(c3)C(=O)N(N3C(=O)c5ccc[*]cc5C3=O)C4=O)cc2)cc1,489.84999999999997,train
698ddbe96c00d07d5428cea4,[*]c1ccc(C(=O)c2cccc(-n3c(=O)c4cc5c(=O)n[*]c(=O)c5cc4c3=O)c2)cc1,613.15,train
698ddbe96c00d07d5428cea5,[*]c1ccc(Oc2ccccc2-n2c(=O)c3cc4c(=O)n[*]c(=O)c4cc3c2=O)cc1,659.15,train
698ddbe96c00d07d5428cea6,[*]c1ccc(Cc2cccc(-n3c(=O)c4cc5c(=O)n[*]c(=O)c5cc4c3=O)c2)cc1,612.15,train
698ddbe96c00d07d5428cea7,[*]c1cccc(Cc2cccc(-n3c(=O)c4cc5c(=O)n[*]c(=O)c5cc4c3=O)c2)c1,600.65,train
698ddbe96c00d07d5428cea8,[*]c1ccc(Cc2ccccc2-n2c(=O)c3cc4c(=O)n[*]c(=O)c4cc3c2=O)cc1,629.65,test
698ddbe96c00d07d5428cea9,[*]CC(C)(C)COC(=O)NC(=O)c1cccc(C(=O)NC(=O)O[*])c1,339.15,train
698ddbe96c00d07d5428ceaa,[*]CC(C)(C)COC(=O)NC(=O)c1ccc(C(=O)NC(=O)O[*])cc1,375.15,train
698ddbe96c00d07d5428ceab,[*]CC(CCCC)COC(=O)NC(=O)c1cccc(C(=O)NC(=O)O[*])c1,337.15,test
698ddbe96c00d07d5428ceac,[*]CC(CCCCCCCC)COC(=O)NC(=O)c1cccc(C(=O)NC(=O)O[*])c1,338.15,train
698ddbe96c00d07d5428cead,[*]CC(CCCCCCCCCCCC)COC(=O)NC(=O)c1cccc(C(=O)NC(=O)O[*])c1,385.15,test
698ddbe96c00d07d5428ceae,[*]CC(CCCCCCCCCCCC)COC(=O)NC(=O)c1ccc(C(=O)NC(=O)O[*])cc1,348.15,train
698ddbe96c00d07d5428ceaf,[*]CC(C)(C)COC(=O)NC(=O)c1cc(C(=O)NC(=O)O[*])cc(C(C)(C)C)c1,417.15,train
698ddbe96c00d07d5428ceb0,[*]Oc1ccc(C(C)(C)c2ccc(OC(=O)NC(=O)c3cc(C(=O)NC[*]=O)cc(C(C)(C)C)c3)cc2)cc1,396.65,train
698ddbe96c00d07d5428ceb1,[*]Oc1ccc(Oc2ccc(OC(=O)NC(=O)c3cc(C(=O)NC[*]=O)cc(C(C)(C)C)c3)cc2)cc1,387.65,train
698ddbe96c00d07d5428ceb2,[*]C(=O)OCCCSCCCCSCCCOC(=O)c1ccc(N2C(=O)c3ccc[*]cc3C2=O)cc1,312.15,train
698ddbe96c00d07d5428ceb3,[*]C(=O)OCCCSCCCCCCSCCCOC(=O)c1ccc(N2C(=O)c3ccc[*]cc3C2=O)cc1,304.15,train
698ddbe96c00d07d5428ceb4,[*]C(=O)OCCOCCOC(=O)c1ccc(N2C(=O)c3ccc[*]cc3C2=O)cc1,374.15,train
698ddbe96c00d07d5428ceb5,[*]C(=O)OCCOCCOCCOC(=O)c1ccc(N2C(=O)c3ccc[*]cc3C2=O)cc1,336.15,test
698ddbe96c00d07d5428ceb6,[*]c1ccc2c(c1)C(=O)N(c1cccc(Oc3ccc(P(=O)(c4ccccc4)c4ccc(Oc5cccc(N6C(=O)c7ccc(C[*](C(F)(F)F)C(F)(F)F)cc7C6=O)c5)cc4)cc3)c1)C2=O,516.15,train
698ddbe96c00d07d5428ceb7,[*]C(=O)OCCOCCOCCOCCOC(=O)c1ccc(N2C(=O)c3ccc[*]cc3C2=O)cc1,325.15,train
698ddbe96c00d07d5428ceb8,[*]C(=O)Nc1ccc(Cc2ccc(N3C(=O)c4ccc[*]cc4C3=O)cc2)cc1,552.65,train
698ddbe96c00d07d5428ceb9,[*]C(=O)Nc1ccc(Oc2ccc(C(C)(C)c3ccc(Oc4ccc(NC(=O)c5ccc(N6C(=O)c7ccc[*]cc7C6=O)cc5)cc4)cc3)cc2)cc1,489.15,test
698ddbe96c00d07d5428ceba,[*]C(=O)Nc1cccc(Oc2ccc(S(=O)(=O)c3ccc(Oc4cccc(NC(=O)c5ccc(N6C(=O)c7ccc[*]cc7C6=O)cc5)c4)cc3)cc2)c1,508.15,train
698ddbe96c00d07d5428cebb,[*]C(=O)Nc1ccc(Oc2cccc(NC(=O)c3ccc4c(c3)C(=O)N(c3ccc(Oc5cccc(N6C(=O)c7ccc[*]cc7C6=O)c5)cc3)C4=O)c2)cc1,484.15,val
698ddbe96c00d07d5428cebc,[*]C(=O)Nc1ccc(Oc2ccc(C(C)(C)c3ccc(Oc4ccc(NC(=O)c5ccc6c(c5)C(=O)N(c5ccc(Oc7cccc(N8C(=O)c9ccc[*]cc9C8=O)c7)cc5)C6=O)cc4)cc3)cc2)cc1,480.15,train
698ddbe96c00d07d5428cebd,[*]c1ccc2c(c1)C(=O)N(c1ccc(C(=O)Nc3ccc(Oc4ccc(NC(=O)c5ccc(N6C(=O)c7ccc(C[*](C(F)(F)F)C(F)(F)F)cc7C6=O)cc5)cc4)cc3)cc1)C2=O,595.15,train
698ddbe96c00d07d5428cebe,[*]c1ccc2c(c1)C(=O)N(c1ccc(C(=O)Nc3ccc(Oc4ccc(C(C)(C)c5ccc(Oc6ccc(NC(=O)c7ccc(N8C(=O)c9ccc(C[*](C(F)(F)F)C(F)(F)F)cc9C8=O)cc7)cc6)cc5)cc4)cc3)cc1)C2=O,539.15,train
698ddbe96c00d07d5428cebf,[*]c1ccc2c(c1)C(=O)N(c1cccc(C(=O)Nc3ccc(Oc4ccc(NC(=O)c5cccc(N6C(=O)c7ccc(C[*](C(F)(F)F)C(F)(F)F)cc7C6=O)c5)cc4)cc3)c1)C2=O,571.15,train
698ddbe96c00d07d5428cec0,[*]c1ccc2c(c1)C(=O)N(c1cccc(C(=O)Nc3ccc(NC(=O)c4cccc(N5C(=O)c6ccc(C[*](C(F)(F)F)C(F)(F)F)cc6C5=O)c4)cc3)c1)C2=O,584.15,train
698ddbe96c00d07d5428cec1,[*]c1cccc(N2C(=O)c3ccc(Oc4ccccc4Oc4ccc5c(c4)C(=O)N[*]C5=O)cc3C2=O)c1,497.15,test
698ddbe96c00d07d5428cec2,[*]c1ccc(Oc2ccc(N3C(=O)c4ccc(Oc5ccccc5Oc5ccc6c(c5)C(=O)N[*]C6=O)cc4C3=O)cc2)cc1,485.15,train
698ddbe96c00d07d5428cec3,[*]c1ccc(Oc2ccc(Oc3ccc(N4C(=O)c5ccc(Oc6ccccc6Oc6ccc7c(c6)C(=O)N[*]C7=O)cc5C4=O)cc3)cc2)cc1,475.15,train
698ddbe96c00d07d5428cec4,[*]c1ccc(Oc2ccccc2Oc2ccc(N3C(=O)c4ccc(Oc5ccccc5Oc5ccc6c(c5)C(=O)N[*]C6=O)cc4C3=O)cc2)cc1,466.15,train
698ddbe96c00d07d5428cec5,[*]c1ccc(Oc2cc3ccccc3cc2Oc2ccc(N3C(=O)c4ccc(Oc5ccccc5Oc5ccc6c(c5)C(=O)N[*]C6=O)cc4C3=O)cc2)cc1,489.15,train
698ddbe96c00d07d5428cec6,[*]c1ccc(Oc2ccc(-c3ccc(Oc4ccc(N5C(=O)c6ccc(Oc7ccccc7Oc7ccc8c(c7)C(=O)N[*]C8=O)cc6C5=O)cc4)cc3)cc2)cc1,477.15,test
698ddbe96c00d07d5428cec7,[*]c1ccc(Oc2ccccc2Oc2ccc(N3C(=O)c4ccc(Oc5cc6ccccc6cc5Oc5ccc6c(c5)C(=O)N[*]C6=O)cc4C3=O)cc2)cc1,477.15,test
698ddbe96c00d07d5428cec8,[*]c1ccc(Oc2cc3ccccc3cc2Oc2ccc(N3C(=O)c4ccc(Oc5cc6ccccc6cc5Oc5ccc6c(c5)C(=O)N[*]C6=O)cc4C3=O)cc2)cc1,495.15,val
698ddbe96c00d07d5428cec9,[*]CCCCCCCN1C(=O)c2ccc(Oc3ccc4c(c3)C(=O)N[*]C4=O)cc2C1=O,383.15,train
698ddbe96c00d07d5428ceca,[*]CCCCCCCCCCCN1C(=O)c2ccc(Oc3ccc4c(c3)C(=O)N[*]C4=O)cc2C1=O,347.15,train
698ddbe96c00d07d5428cecb,[*]c1ccc2c(c1)C(=O)N(c1ccc(-c3ccc(N4C(=O)c5ccc(C[*](C(F)(F)F)C(F)(F)F)cc5C4=O)cc3C(F)(F)F)c(C(F)(F)F)c1)C2=O,593.15,train
698ddbe96c00d07d5428cecc,[*]c1ccc2c(c1)C(=O)N(c1ccc(-c3ccc(N4C(=O)c5ccc(C[*](c6ccccc6)C(F)(F)F)cc5C4=O)cc3C(F)(F)F)c(C(F)(F)F)c1)C2=O,553.15,test
698ddbe96c00d07d5428cecd,[*]c1ccc(N2C(=O)c3ccc(P(=O)(c4ccccc4)c4ccc5c(c4)C(=O)N[*]C5=O)cc3C2=O)cc1,639.15,train
698ddbe96c00d07d5428cece,[*]c1ccc(Oc2ccc(N3C(=O)c4ccc(P(=O)(c5ccccc5)c5ccc6c(c5)C(=O)N[*]C6=O)cc4C3=O)cc2)cc1,591.15,train
698ddbe96c00d07d5428cecf,[*]c1cc(N2C(=O)c3ccc(P(=O)(c4ccccc4)c4ccc5c(c4)C(=O)N[*]C5=O)cc3C2=O)cc(C(F)(F)F)c1,590.15,train
698ddbe96c00d07d5428ced0,[*]c1cccc(N2C(=O)c3ccc(P(=O)(c4ccccc4)c4ccc5c(c4)C(=O)N[*]C5=O)cc3C2=O)c1,596.15,test
698ddbe96c00d07d5428ced1,[*]c1cccc(N2C(=O)c3ccc(C(c4ccc5c(c4)C(=O)N(c4cccc(-n6c(=O)c7cc8c(=O)n[*]c(=O)c8cc7c6=O)c4)C5=O)(C(F)(F)F)C(F)(F)F)cc3C2=O)c1,611.15,train
698ddbe96c00d07d5428ced2,[*]c1ccc(N2C(=O)c3ccc(C(c4ccc5c(c4)C(=O)N(c4ccc(N6C(=O)c7ccc(-c8ccc9c(c8)C(=O)N[*]C9=O)cc7C6=O)cc4)C5=O)(C(F)(F)F)C(F)(F)F)cc3C2=O)cc1,615.15,test
698ddbe96c00d07d5428ced3,[*]c1cccc(N2C(=O)c3ccc(C(c4ccc5c(c4)C(=O)N(c4cccc(N6C(=O)c7ccc(-c8ccc9c(c8)C(=O)N[*]C9=O)cc7C6=O)c4)C5=O)(C(F)(F)F)C(F)(F)F)cc3C2=O)c1,581.15,val
698ddbe96c00d07d5428ced4,[*]C(=O)c1ccc2c(c1)C(=O)N(c1cccc(NC(=O)c3cccc(C(=O)Nc4cccc(N5C(=O)c6ccc[*]cc6C5=O)c4)c3)c1)C2=O,477.15,train
698ddbe96c00d07d5428ced5,[*]c1ccc2c(c1)C(=O)N(c1ccc(OCCOc3ccc(N4C(=O)c5ccc(C[*](C(F)(F)F)C(F)(F)F)cc5C4=O)cc3)cc1)C2=O,527.15,train
698ddbe96c00d07d5428ced6,[*]c1ccc2c(c1)C(=O)N(c1ccc(OCCOCCOc3ccc(N4C(=O)c5ccc(C[*](C(F)(F)F)C(F)(F)F)cc5C4=O)cc3)cc1)C2=O,460.65,train
698ddbe96c00d07d5428ced7,[*]c1ccc2c(c1)C(=O)N(c1ccc(OCCOCCOCCOc3ccc(N4C(=O)c5ccc(C[*](C(F)(F)F)C(F)(F)F)cc5C4=O)cc3)cc1)C2=O,439.15,test
698ddbe96c00d07d5428ced8,[*]C(=O)Nc1ccc(Oc2cccc(NC(=O)c3ccc4c(c3)C(=O)N(c3ccc(Oc5ccc(N6C(=O)c7ccc[*]cc7C6=O)cc5)cc3)C4=O)c2)cc1,509.15,train
698ddbe96c00d07d5428ced9,[*]C(=O)Nc1ccc(Cc2ccc(NC(=O)c3ccc4c(c3)C(=O)N(c3ccc(Oc5ccc(N6C(=O)c7ccc[*]cc7C6=O)cc5)cc3)C4=O)cc2)cc1,543.15,train
698ddbe96c00d07d5428ceda,[*]C(=O)Nc1ccc(Sc2ccc(NC(=O)c3ccc4c(c3)C(=O)N(c3ccc(Oc5ccc(N6C(=O)c7ccc[*]cc7C6=O)cc5)cc3)C4=O)cc2)cc1,557.15,test
698ddbe96c00d07d5428cedb,[*]C(=O)Nc1ccc(Oc2ccc(Oc3ccc(NC(=O)c4ccc5c(c4)C(=O)N(c4ccc(Oc6ccc(N7C(=O)c8ccc[*]cc8C7=O)cc6)cc4)C5=O)cc3)cc2)cc1,533.15,test
698ddbe96c00d07d5428cedc,[*]C(=O)Nc1ccc(Oc2ccc(NC(=O)c3ccc4c(c3)C(=O)N(c3ccc(Cc5ccc(N6C(=O)c7ccc[*]cc7C6=O)cc5)cc3)C4=O)cc2)cc1,524.15,test
698ddbe96c00d07d5428cedd,[*]C(=O)Nc1ccc(Oc2ccc(Oc3ccc(NC(=O)c4ccc5c(c4)C(=O)N(c4ccc(S(=O)(=O)c6ccc(N7C(=O)c8ccc[*]cc8C7=O)cc6)cc4)C5=O)cc3)cc2)cc1,516.15,train
698ddbe96c00d07d5428cede,[*]C(=O)Nc1ccc(Oc2ccc(NC(=O)c3ccc4c(c3)C(=O)N(C3CCC(CC5CCC(N6C(=O)c7ccc[*]cc7C6=O)CC5)CC3)C4=O)cc2)cc1,523.15,val
698ddbe96c00d07d5428cedf,[*]c1ccc(-c2ccc(-n3c(=O)c4c(C(F)(F)F)c5c(=O)n[*]c(=O)c5c(C(F)(F)F)c4c3=O)cc2C(F)(F)F)c(C(F)(F)F)c1,577.15,train
698ddbe96c00d07d5428cee0,[*]c1ccc(-c2ccc(-n3c(=O)c4cc5c(=O)n[*]c(=O)c5c(C(F)(F)F)c4c3=O)cc2C(F)(F)F)c(C(F)(F)F)c1,646.15,train
698ddbe96c00d07d5428cee1,[*]c1ccc(-c2ccc(-n3c(=O)c4cc5c(=O)n[*]c(=O)c5cc4c3=O)cc2C(F)(F)F)c(C(F)(F)F)c1,631.15,train
698ddbe96c00d07d5428cee2,[*]c1ccc(-c2ccc(-n3c(=O)c4c(C(F)(F)F)c5c(=O)n[*]c(=O)c5c(C(F)(F)F)c4c3=O)cc2C)c(C)c1,658.15,train
698ddbe96c00d07d5428cee3,[*]c1ccc(-c2ccc(-n3c(=O)c4cc5c(=O)n[*]c(=O)c5c(C(F)(F)F)c4c3=O)cc2C)c(C)c1,646.15,train
698ddbe96c00d07d5428cee4,[*]c1ccc(-c2ccc(-n3c(=O)c4cc5c(=O)n[*]c(=O)c5cc4c3=O)cc2C)c(C)c1,637.65,train
698ddbe96c00d07d5428cee5,[*]c1ccc(-c2ccc(-c3ccc(-n4c(=O)c5c(C(F)(F)F)c6c(=O)n[*]c(=O)c6c(C(F)(F)F)c5c4=O)cc3)cc2)cc1,637.15,train
698ddbe96c00d07d5428cee6,[*]c1ccc(-c2ccc(-c3ccc(-n4c(=O)c5cc6c(=O)n[*]c(=O)c6c(C(F)(F)F)c5c4=O)cc3)cc2)cc1,637.15,val
698ddbe96c00d07d5428cee7,[*]c1ccc2c(c1)C(=O)N(c1cccc(N3C(=O)c4ccc(C[*](C(F)(F)F)C(F)(F)F)cc4C3=O)c1C)C2=O,626.65,train
698ddbe96c00d07d5428cee8,[*]c1c(C)cc(C)c(N2C(=O)c3ccc(-c4ccc5c(c4)C(=O)N[*]C5=O)cc3C2=O)c1C,658.15,train
698ddbe96c00d07d5428cee9,[*]C(=O)c1cc2c(cc1Cl)C(=O)N(c1c(C)cc(C)c(N3C(=O)c4cc[*]c(Cl)cc4C3=O)c1C)C2=O,644.15,train
698ddbe96c00d07d5428ceea,[*]C(=O)c1cc2c(cc1Cl)C(=O)N(c1cccc(N3C(=O)c4cc[*]c(Cl)cc4C3=O)c1)C2=O,586.15,train
698ddbe96c00d07d5428ceeb,[*]C(=O)c1cc2c(cc1Cl)C(=O)N(c1cc(N3C(=O)c4cc[*]c(Cl)cc4C3=O)cc(C(C)(C)C)c1)C2=O,563.15,train
698ddbe96c00d07d5428ceec,[*]C(=O)c1cc2c(cc1Cl)C(=O)N(c1cc(C(=O)O)cc(N3C(=O)c4cc[*]c(Cl)cc4C3=O)c1)C2=O,641.15,train
698ddbe96c00d07d5428ceed,[*]C(=O)c1cc2c(cc1Cl)C(=O)N(c1cc(C(=O)OC)cc(N3C(=O)c4cc[*]c(Cl)cc4C3=O)c1)C2=O,594.15,train
698ddbe96c00d07d5428ceee,[*]C(=O)c1cc2c(cc1Cl)C(=O)N(c1cc(N3C(=O)c4cc[*]c(Cl)cc4C3=O)cc(C(F)(F)F)c1)C2=O,578.15,train
698ddbe96c00d07d5428ceef,[*]C(=O)c1cc2c(cc1Cl)C(=O)N(c1cc(Cl)cc(N3C(=O)c4cc[*]c(Cl)cc4C3=O)c1)C2=O,584.15,val
698ddbe96c00d07d5428cef0,[*]C(=O)c1cc2c(cc1Cl)C(=O)N(c1cc(Cl)c(N3C(=O)c4cc[*]c(Cl)cc4C3=O)cc1Cl)C2=O,640.15,train
698ddbe96c00d07d5428cef1,[*]C(=O)c1ccc2c(c1)C(=O)N(c1cc(C(=O)O)cc(N3C(=O)c4ccc[*]cc4C3=O)c1)C2=O,587.15,train
698ddbe96c00d07d5428cef2,[*]C(=O)c1ccc2c(c1)C(=O)N(c1cc(N3C(=O)c4ccc[*]cc4C3=O)cc(C(F)(F)F)c1)C2=O,568.65,train
698ddbe96c00d07d5428cef3,[*]C(=O)Nc1cccc(NC(=O)c2ccc3c(c2)C(=O)N(c2ccc(Oc4ccc5ccc(Oc6ccc(N7C(=O)c8ccc[*]cc8C7=O)cc6)cc5c4)cc2)C3=O)c1,559.15,test
698ddbe96c00d07d5428cef4,[*]C(=O)Nc1ccc(Oc2cccc(NC(=O)c3ccc4c(c3)C(=O)N(c3ccc(Oc5ccc6ccc(Oc7ccc(N8C(=O)c9ccc[*]cc9C8=O)cc7)cc6c5)cc3)C4=O)c2)cc1,536.15,train
698ddbe96c00d07d5428cef5,[*]C(=O)Nc1ccc(Cc2ccc(NC(=O)c3ccc4c(c3)C(=O)N(c3ccc(Oc5ccc6ccc(Oc7ccc(N8C(=O)c9ccc[*]cc9C8=O)cc7)cc6c5)cc3)C4=O)cc2)cc1,546.15,train
698ddbe96c00d07d5428cef6,[*]C(=O)Nc1ccc(C(c2ccc(NC(=O)c3ccc4c(c3)C(=O)N(c3ccc(Oc5ccc6ccc(Oc7ccc(N8C(=O)c9ccc[*]cc9C8=O)cc7)cc6c5)cc3)C4=O)cc2)(C(F)(F)F)C(F)(F)F)cc1,565.15,train
698ddbe96c00d07d5428cef7,[*]C(=O)Nc1ccc(Oc2ccc(C(c3ccc(Oc4ccc(NC(=O)c5ccc6c(c5)C(=O)N(c5ccc(Oc7ccc8ccc(Oc9ccc(N%10C(=O)c%11ccc[*]cc%11C%10=O)cc9)cc8c7)cc5)C6=O)cc4)cc3)(C(F)(F)F)C(F)(F)F)cc2)cc1,523.15,train
698ddbe96c00d07d5428cef8,[*]C(=O)Nc1ccc(Oc2ccc(C(C)(C)c3ccc(Oc4ccc(NC(=O)c5ccc6c(c5)C(=O)N(c5ccc(Oc7ccc8ccc(Oc9ccc(N%10C(=O)c%11ccc[*]cc%11C%10=O)cc9)cc8c7)cc5)C6=O)cc4)cc3)cc2)cc1,523.15,train
698ddbe96c00d07d5428cef9,[*]C(=O)Nc1ccc(Oc2ccc(S(=O)(=O)c3ccc(Oc4ccc(NC(=O)c5ccc6c(c5)C(=O)N(c5ccc(Oc7ccc8ccc(Oc9ccc(N%10C(=O)c%11ccc[*]cc%11C%10=O)cc9)cc8c7)cc5)C6=O)cc4)cc3)cc2)cc1,547.15,train
698ddbe96c00d07d5428cefa,[*]c1ccc(S(=O)(=O)c2ccc(N3C(=O)c4ccc(-c5ccc6c(c5)C(=O)N[*]C6=O)cc4C3=O)cc2)cc1,623.15,train
698ddbe96c00d07d5428cefb,[*]C(=O)c1ccc2c(c1)C(=O)N(c1ccc(C3(c4ccc(N5C(=O)c6ccc[*]cc6C5=O)cc4)c4ccccc4-c4ccccc43)cc1)C2=O,649.15,train
698ddbe96c00d07d5428cefc,[*]CCCCCCN1C(=O)c2ccc(C(c3ccc4c(c3)C(=O)N[*]C4=O)(C(F)(F)F)C(F)(F)F)cc2C1=O,428.15,train
698ddbe96c00d07d5428cefd,[*]c1ccc2c(c1)C(=O)N(c1ccc(Cc3ccc(N4C(=O)c5ccc(C[*](C(F)(F)F)C(F)(F)F)cc5C4=O)c(C(C)(C)C)c3)cc1C(C)(C)C)C2=O,547.15,train
698ddbe96c00d07d5428cefe,[*]c1ccc2c(c1)C(=O)N(c1c(C)cc(Cc3cc(C)c(N4C(=O)c5ccc(C[*](C(F)(F)F)C(F)(F)F)cc5C4=O)c(C)c3)cc1C)C2=O,580.65,train
698ddbe96c00d07d5428ceff,[*]c1ccc2c(c1)C(=O)N(c1c(CC)cc(Cc3cc(CC)c(N4C(=O)c5ccc(C[*](C(F)(F)F)C(F)(F)F)cc5C4=O)c(CC)c3)cc1CC)C2=O,539.15,train
698ddbe96c00d07d5428cf00,[*]c1ccc2c(c1)C(=O)N(c1c(C)cc(Cc3cc(C)c(N4C(=O)c5ccc(C[*](C(F)(F)F)C(F)(F)F)cc5C4=O)c(C(C)C)c3)cc1C(C)C)C2=O,549.15,val
698ddbe96c00d07d5428cf01,[*]c1ccc2c(c1)C(=O)N(c1ccc(C(c3ccccc3)(c3ccc(N4C(=O)c5ccc(C[*](C(F)(F)F)C(F)(F)F)cc5C4=O)cc3)C(F)(F)F)cc1)C2=O,578.15,test
698ddbe96c00d07d5428cf02,[*]c1ccc2c(c1)C(=O)N(c1c(C)cc(C(c3ccccc3)(c3cc(C)c(N4C(=O)c5ccc(C[*](C(F)(F)F)C(F)(F)F)cc5C4=O)c(C(C)C)c3)C(F)(F)F)cc1C(C)C)C2=O,562.15,val
698ddbe96c00d07d5428cf03,[*]c1ccc2c(c1)C(=O)N(c1c(C(C)C)cc(C(c3ccccc3)(c3cc(C(C)C)c(N4C(=O)c5ccc(C[*](C(F)(F)F)C(F)(F)F)cc5C4=O)c(C(C)C)c3)C(F)(F)F)cc1C(C)C)C2=O,547.15,train
698ddbe96c00d07d5428cf04,[*]c1ccc2c(c1)C(=O)N(c1ccc(C3(c4ccc(N5C(=O)c6ccc(C[*](C(F)(F)F)C(F)(F)F)cc6C5=O)cc4)c4ccccc4-c4ccccc43)cc1)C2=O,643.15,train
698ddbe96c00d07d5428cf05,[*]c1ccc2c(c1)C(=O)N(c1ccc(C3(c4ccc(N5C(=O)c6ccc(C[*](C(F)(F)F)C(F)(F)F)cc6C5=O)c(F)c4)c4ccccc4-c4ccccc43)cc1F)C2=O,625.15,train
698ddbe96c00d07d5428cf06,[*]c1ccc2c(c1)C(=O)N(c1ccc(C3(c4ccc(N5C(=O)c6ccc(C[*](C(F)(F)F)C(F)(F)F)cc6C5=O)c(C(C)C)c4)c4ccccc4-c4ccccc43)cc1C(C)C)C2=O,572.15,train
698ddbe96c00d07d5428cf07,[*]c1ccc2c(c1)C(=O)N(c1c(C)cc(C3(c4cc(C)c(N5C(=O)c6ccc(C[*](C(F)(F)F)C(F)(F)F)cc6C5=O)c(C)c4)c4ccccc4-c4ccccc43)cc1C)C2=O,634.15,train
698ddbe96c00d07d5428cf08,[*]c1ccc2c(c1)C(=O)N(c1c(C)cc(C3(c4cc(C)c(N5C(=O)c6ccc(C[*](C(F)(F)F)C(F)(F)F)cc6C5=O)c(C(C)C)c4)c4ccccc4-c4ccccc43)cc1C(C)C)C2=O,608.15,test
698ddbe96c00d07d5428cf09,[*]c1ccc2c(c1)C(=O)N(c1ccc(-c3ccc(N4C(=O)c5ccc(C[*](C(F)(F)F)C(F)(F)F)cc5C4=O)c(C)c3)cc1C)C2=O,625.15,test
698ddbe96c00d07d5428cf0a,[*]c1ccc2c(c1)C(=O)N(c1c(C)cc(-c3cc(C)c(N4C(=O)c5ccc(C[*](C(F)(F)F)C(F)(F)F)cc5C4=O)c(C)c3)cc1C)C2=O,643.65,train
698ddbe96c00d07d5428cf0b,[*]c1ccc2c(c1)C(=O)N(c1c(C(C)C)cc(Cc3cc(C(C)C)c(N4C(=O)c5ccc(C[*](C(F)(F)F)C(F)(F)F)cc5C4=O)c(C(C)C)c3)cc1C(C)C)C2=O,551.65,test
698ddbe96c00d07d5428cf0c,[*]CCCCCCN1C(=O)c2ccc(C(=O)Nc3ccc(S(=O)(=O)c4ccc(NC(=O)c5ccc6c(c5)C(=O)N[*]C6=O)cc4)cc3)cc2C1=O,471.15,train
698ddbe96c00d07d5428cf0d,[*]CCCCCCN1C(=O)c2ccc(C(=O)Nc3ccc(S(=O)(=O)c4cccc(NC(=O)c5ccc6c(c5)C(=O)N[*]C6=O)c4)cc3)cc2C1=O,463.15,train
698ddbe96c00d07d5428cf0e,[*]c1ccc2c(c1)C(=O)N(c1ccc(OCCOCCOCCOCCOc3ccc(N4C(=O)c5ccc(C[*](C(F)(F)F)C(F)(F)F)cc5C4=O)cc3)cc1)C2=O,413.15,train
698ddbe96c00d07d5428cf0f,[*]C(=O)Nc1ccc(-c2sc(-c3ccc(NC(=O)c4ccc5c(c4)C(=O)N(c4ccc(Oc6ccc7ccc(Oc8ccc(N9C(=O)c%10ccc[*]cc%10C9=O)cc8)cc7c6)cc4)C5=O)cc3)c(-c3ccccc3)c2-c2ccccc2)cc1,584.15,train
698ddbe96c00d07d5428cf10,[*]c1ccc2c(c1)C(=O)N(c1cc(N3C(=O)c4ccc(C[*](C(F)(F)F)C(F)(F)F)cc4C3=O)ccc1C)C2=O,608.15,test
698ddbe96c00d07d5428cf11,[*]c1ccc2c(c1)C(=O)N(c1cc(N3C(=O)c4ccc(C[*](C(F)(F)F)C(F)(F)F)cc4C3=O)cc(C(F)(F)F)c1)C2=O,557.15,train
698ddbe96c00d07d5428cf12,[*]c1ccc2c(c1)C(=O)N(c1ccc(S(=O)(=O)c3ccc(N4C(=O)c5ccc(C[*](C(F)(F)F)C(F)(F)F)cc5C4=O)cc3)cc1)C2=O,610.15,train
698ddbe96c00d07d5428cf13,[*]c1ccc(Oc2ccc(C(=O)c3ccc(Oc4ccc(-c5c6c(c[*]c7ccccc57)C(=O)N(C)C6=O)cc4)cc3)cc2)cc1,556.15,test
698ddbe96c00d07d5428cf14,[*]c1ccc(Oc2ccc(C(=O)c3ccc(Oc4ccc(-c5c6c(c[*]c7ccccc57)C(=O)N(CCCCCCCCCCCC)C6=O)cc4)cc3)cc2)cc1,420.15,train
698ddbe96c00d07d5428cf15,[*]c1ccc(Oc2ccc(C(=O)c3ccc(Oc4ccc(-c5c6c(c[*]c7ccccc57)C(=O)N(c5ccccc5)C6=O)cc4)cc3)cc2)cc1,546.65,train
698ddbe96c00d07d5428cf16,[*]c1ccc(Oc2ccc(C(=O)c3ccc(Oc4ccc(-c5c6c(c[*]c7ccccc57)C(=O)N(c5ccc(Cl)cc5)C6=O)cc4)cc3)cc2)cc1,545.15,train
698ddbe96c00d07d5428cf17,[*]c1ccc(Oc2ccc(C(=O)c3ccc(Oc4ccc(-c5c6c(c[*]c7ccccc57)C(=O)N(c5ccc(F)cc5)C6=O)cc4)cc3)cc2)cc1,563.15,train
698ddbe96c00d07d5428cf18,[*]c1ccc(Oc2ccc(C(=O)c3ccc(Oc4ccc(-c5c6c(c[*]c7ccccc57)C(=O)N(c5cccc(C(F)(F)F)c5)C6=O)cc4)cc3)cc2)cc1,525.15,val
698ddbe96c00d07d5428cf19,[*]c1ccc(Oc2ccc(C(=O)c3ccc(Oc4ccc(-c5c6c(c[*]c7ccccc57)C(=O)N(c5ccc(C(F)(F)F)cc5)C6=O)cc4)cc3)cc2)cc1,533.15,train
698ddbe96c00d07d5428cf1a,[*]c1ccc(Oc2ccc(C(=O)c3ccc(Oc4ccc(-c5c6c(c[*]c7ccccc57)C(=O)N(c5ccccc5F)C6=O)cc4)cc3)cc2)cc1,555.15,val
698ddbe96c00d07d5428cf1b,[*]c1ccc(Oc2ccc(C(=O)c3ccc(Oc4ccc(-c5c6c(c[*]c7ccccc57)C(=O)N(c5ccccc5C(F)(F)F)C6=O)cc4)cc3)cc2)cc1,533.15,val
698ddbe96c00d07d5428cf1c,[*]c1ccc(Oc2ccc(C(=O)c3ccc(Oc4ccc(-c5c6c(c[*]c7ccccc57)C(=O)N(c5ccccc5-c5ccccc5)C6=O)cc4)cc3)cc2)cc1,518.15,train
698ddbe96c00d07d5428cf1d,[*]c1ccc(Oc2ccc(S(=O)(=O)c3ccc(Oc4ccc(-c5c6c(c[*]c7ccccc57)C(=O)N(C)C6=O)cc4)cc3)cc2)cc1,587.15,train
698ddbe96c00d07d5428cf1e,[*]c1ccc(Oc2ccc(S(=O)(=O)c3ccc(Oc4ccc(-c5c6c(c[*]c7ccccc57)C(=O)N(CCCCCCCCCCCC)C6=O)cc4)cc3)cc2)cc1,440.15,train
698ddbe96c00d07d5428cf1f,[*]c1ccc(Oc2ccc(S(=O)(=O)c3ccc(Oc4ccc(-c5c6c(c[*]c7ccccc57)C(=O)N(c5ccccc5)C6=O)cc4)cc3)cc2)cc1,583.15,train
698ddbe96c00d07d5428cf20,[*]c1ccc(Oc2ccc(S(=O)(=O)c3ccc(Oc4ccc(-c5c6c(c[*]c7ccccc57)C(=O)N(c5ccc(Cl)cc5)C6=O)cc4)cc3)cc2)cc1,553.15,train
698ddbe96c00d07d5428cf21,[*]c1ccc(Oc2ccc(S(=O)(=O)c3ccc(Oc4ccc(-c5c6c(c[*]c7ccccc57)C(=O)N(c5ccc(F)cc5)C6=O)cc4)cc3)cc2)cc1,573.15,train
698ddbe96c00d07d5428cf22,[*]c1ccc(Oc2ccc(S(=O)(=O)c3ccc(Oc4ccc(-c5c6c(c[*]c7ccccc57)C(=O)N(c5cccc(C(F)(F)F)c5)C6=O)cc4)cc3)cc2)cc1,553.65,train
698ddbe96c00d07d5428cf23,[*]c1ccc(Oc2ccc(S(=O)(=O)c3ccc(Oc4ccc(-c5c6c(c[*]c7ccccc57)C(=O)N(c5ccc(C(F)(F)F)cc5)C6=O)cc4)cc3)cc2)cc1,563.15,train
698ddbe96c00d07d5428cf24,[*]c1ccc(Oc2ccc(S(=O)(=O)c3ccc(Oc4ccc(-c5c6c(c[*]c7ccccc57)C(=O)N(c5ccccc5C(F)(F)F)C6=O)cc4)cc3)cc2)cc1,563.15,test
698ddbe96c00d07d5428cf25,[*]c1ccc(Oc2ccc(S(=O)(=O)c3ccc(Oc4ccc(-c5c6c(c[*]c7ccccc57)C(=O)N(c5ccccc5-c5ccccc5)C6=O)cc4)cc3)cc2)cc1,551.15,train
698ddbe96c00d07d5428cf26,[*]c1ccc(Oc2ccc(C(=O)c3cccc(C(=O)c4ccc(Oc5ccc(-c6c7c(c[*]c8ccccc68)C(=O)N(C)C7=O)cc5)cc4)c3)cc2)cc1,524.15,test
698ddbe96c00d07d5428cf27,[*]c1ccc(Oc2ccc(C(=O)c3cccc(C(=O)c4ccc(Oc5ccc(-c6c7c(c[*]c8ccccc68)C(=O)N(CCCCCCCCCCCC)C7=O)cc5)cc4)c3)cc2)cc1,413.15,train
698ddbe96c00d07d5428cf28,[*]c1ccc(Oc2ccc(C(=O)c3cccc(C(=O)c4ccc(Oc5ccc(-c6c7c(c[*]c8ccccc68)C(=O)N(c6ccc(F)cc6)C7=O)cc5)cc4)c3)cc2)cc1,516.15,val
698ddbe96c00d07d5428cf29,[*]c1ccc(-c2ccc(-n3c(=O)c4cc5c(=O)n[*]c(=O)c5cc4c3=O)cc2OC(F)(F)F)c(OC(F)(F)F)c1,657.15,train
698ddbe96c00d07d5428cf2a,[*]/C(C#N)=C(\C#N)n1c(=O)c2cc3c(=O)n[*]c(=O)c3cc2c1=O,483.15,test
698ddbe96c00d07d5428cf2b,[*]C1CCC(N2C(=O)c3ccc(-c4ccc5c(c4)C(=O)N[*]C5=O)cc3C2=O)CC1,633.15,train
698ddbe96c00d07d5428cf2c,[*]CC(c1ccccc1)C1C(=O)N(c2ccccc2)C(=O)C1[*],494.15,train
698ddbe96c00d07d5428cf2d,[*]C1(C)CC[*](C)C(=O)N(C)C1=O,443.15,train
698ddbe96c00d07d5428cf2e,[*]c1ccc2c(c1)C(=O)N(c1ccc(-c3ccc(N4C(=O)c5ccc(C[*](C(F)(F)F)C(F)(F)F)cc5C4=O)c(O)c3)cc1O)C2=O,631.15,test
698ddbe96c00d07d5428cf2f,[*]c1cc(C(c2ccc(O)c(-n3c(=O)c4cc5c(=O)n[*]c(=O)c5cc4c3=O)c2)(C(F)(F)F)C(F)(F)F)ccc1O,623.15,train
698ddbe96c00d07d5428cf30,[*]c1c(C)cc(-c2cc(C)c(-n3c(=O)c4cc5c(=O)n[*]c(=O)c5cc4c3=O)c(C)c2)cc1C,613.15,train
698ddbe96c00d07d5428cf31,[*]c1c(C)cc(-c2cc(C)c(N3C(=O)c4ccc(-c5ccc6c(c5)C(=O)N[*]C6=O)cc4C3=O)c(C)c2)cc1C,558.15,train
698ddbe96c00d07d5428cf32,[*]c1cc(C)c(-c2c(C)cc(-n3c(=O)c4cc5c(=O)n[*]c(=O)c5cc4c3=O)cc2C)c(C)c1,626.15,train
698ddbe96c00d07d5428cf33,[*]c1cc(C)c(-c2c(C)cc(N3C(=O)c4ccc(-c5ccc6c(c5)C(=O)N[*]C6=O)cc4C3=O)cc2C)c(C)c1,553.15,train
698ddbe96c00d07d5428cf34,[*]c1ccc2c(c1)C(=O)N(c1cc(C)c(-c3c(C)cc(N4C(=O)c5ccc(C[*](C(F)(F)F)C(F)(F)F)cc5C4=O)cc3C)c(C)c1)C2=O,619.15,train
698ddbe96c00d07d5428cf35,[*]c1ccc2c(c1)C(=O)N(c1ccc(C(c3ccc(C)c(N4C(=O)c5ccc(C[*](C(F)(F)F)C(F)(F)F)cc5C4=O)c3)(C(F)(F)F)C(F)(F)F)cc1C)C2=O,539.15,train
698ddbe96c00d07d5428cf36,[*]c1ccc(C2(c3ccc(N4C(=O)C(c5ccccc5)=C(c5ccc(C6=C(c7ccccc7)C(=O)N[*]C6=O)cc5)C4=O)cc3)c3ccccc3-c3ccccc32)cc1,613.15,train
698ddbe96c00d07d5428cf37,[*]C1C(=O)N(C(C)CC)C(=O)C1[*],478.15,test
698ddbe96c00d07d5428cf38,[*]c1ccc(-n2c(=O)c3cc4c(=O)n[*]c(=O)c4cc3c2=O)c(S(=O)(=O)O[Na])c1,500.15,train
698ddbe96c00d07d5428cf39,[*]c1ccc(/C=C/c2ccc(-n3c(=O)c4cc5c(=O)n[*]c(=O)c5cc4c3=O)cc2S(=O)(=O)O[Na])c(S(=O)(=O)O[Na])c1,501.15,train
698ddbe96c00d07d5428cf3a,[*]CCCCCCN1C(=O)c2ccc(-c3ccc(-c4ccc5c(c4)C(=O)N[*]C5=O)cc3)cc2C1=O,414.15,train
698ddbe96c00d07d5428cf3b,[*]CCCCCCCN1C(=O)c2ccc(-c3ccc(-c4ccc5c(c4)C(=O)N[*]C5=O)cc3)cc2C1=O,408.15,train
698ddbe96c00d07d5428cf3c,[*]CCCCCCCCN1C(=O)c2ccc(-c3ccc(-c4ccc5c(c4)C(=O)N[*]C5=O)cc3)cc2C1=O,393.15,train
698ddbe96c00d07d5428cf3d,[*]CCCCCCCCCN1C(=O)c2ccc(-c3ccc(-c4ccc5c(c4)C(=O)N[*]C5=O)cc3)cc2C1=O,377.15,test
698ddbe96c00d07d5428cf3e,[*]CCCCCCCCCCN1C(=O)c2ccc(-c3ccc(-c4ccc5c(c4)C(=O)N[*]C5=O)cc3)cc2C1=O,376.15,val
698ddbe96c00d07d5428cf3f,[*]CCCCCCCCCCCN1C(=O)c2ccc(-c3ccc(-c4ccc5c(c4)C(=O)N[*]C5=O)cc3)cc2C1=O,362.15,train
698ddbe96c00d07d5428cf40,[*]CCCCCCCCCCCCN1C(=O)c2ccc(-c3ccc(-c4ccc5c(c4)C(=O)N[*]C5=O)cc3)cc2C1=O,359.15,train
698ddbe96c00d07d5428cf41,[*]CC(c1ccccc1)C1C(=O)N(c2ccc(NC(=O)OCC3CCCN3c3ccc([N+](=O)[O-])cc3)cc2)C(=O)C1[*],481.15,train
698ddbe96c00d07d5428cf42,[*]c1ccc(-c2ccc(N3C(=O)c4ccc(Oc5ccc(Oc6ccc7c(c6)C(=O)N[*]C7=O)cc5)cc4C3=O)cc2)cc1,539.15,train
698ddbe96c00d07d5428cf43,[*]c1ccc(-c2ccc(N3C(=O)c4ccc(Oc5ccc(Oc6ccc7c(c6)C(=O)N[*]C7=O)cc5)cc4C3=O)c(OC)c2)cc1OC,547.15,train
698ddbe96c00d07d5428cf44,[*]c1ccc(C(=O)c2ccc(N3C(=O)c4ccc(Oc5ccc(Oc6ccc7c(c6)C(=O)N[*]C7=O)cc5)cc4C3=O)cc2)cc1,541.15,train
698ddbe96c00d07d5428cf45,[*]c1ccc(Cc2ccc(N3C(=O)c4ccc(Oc5ccc(Oc6ccc7c(c6)C(=O)N[*]C7=O)cc5)cc4C3=O)cc2)cc1,532.15,train
698ddbe96c00d07d5428cf46,[*]c1ccc(S(=O)(=O)c2ccc(N3C(=O)c4ccc(Oc5ccc(Oc6ccc7c(c6)C(=O)N[*]C7=O)cc5)cc4C3=O)cc2)cc1,556.15,train
698ddbe96c00d07d5428cf47,[*]c1ccc(C(C)(C)c2ccc(N3C(=O)c4ccc(Oc5ccc(Oc6ccc7c(c6)C(=O)N[*]C7=O)cc5)cc4C3=O)cc2)cc1,537.15,train
698ddbe96c00d07d5428cf48,[*]c1ccc(Cc2ccc(N3C(=O)c4ccc(Oc5ccc(Oc6ccc7c(c6)C(=O)N[*]C7=O)cc5)cc4C3=O)c(OC)c2)cc1OC,542.15,train
698ddbe96c00d07d5428cf49,[*]c1ccc(-c2ccc(N3C(=O)c4ccc(Oc5ccc6c(c5)C(=O)N[*]C6=O)cc4C3=O)cc2C(F)(F)F)c(C(F)(F)F)c1,548.15,train
698ddbe96c00d07d5428cf4a,[*]c1cccc(Oc2cccc(-n3c(=O)c4cc5c(=O)n[*]c(=O)c5cc4c3=O)c2)c1,556.65,train
698ddbe96c00d07d5428cf4b,[*]c1cccc(Oc2ccc(C(c3ccc(Oc4cccc(-n5c(=O)c6cc7c(=O)n[*]c(=O)c7cc6c5=O)c4)cc3)(C(F)(F)F)C(F)(F)F)cc2)c1,508.15,test
698ddbe96c00d07d5428cf4c,[*]c1ccc2c(c1)C(=O)N(c1cccc(Oc3ccc(C(c4ccc(Oc5cccc(N6C(=O)c7ccc(C[*](C(F)(F)F)C(F)(F)F)cc7C6=O)c5)cc4)(C(F)(F)F)C(F)(F)F)cc3)c1)C2=O,497.15,train
698ddbe96c00d07d5428cf4d,[*]CCCCCCOC(=O)CCCCCCCCCCCCCCCCCCC(=O)OCCCCCCN1C(=O)c2ccc(S(=O)(=O)c3ccc4c(c3)C(=O)N[*]C4=O)cc2C1=O,292.15,train
698ddbe96c00d07d5428cf4e,[*]c1ccc2c(c1)C(=O)N(c1ccc(Oc3ccc(-c4ccc(Oc5ccc(N6C(=O)c7ccc(C[*](C(F)(F)F)C(F)(F)F)cc7C6=O)cc5)cc4)cc3)cc1)C2=O,561.15,train
698ddbe96c00d07d5428cf4f,[*]c1ccc(C2(c3ccc(N4C(=O)c5ccc(S(=O)(=O)c6ccc7c(c6)C(=O)N[*]C7=O)cc5C4=O)cc3)c3ccccc3-c3ccccc32)cc1,665.15,test
698ddbe96c00d07d5428cf50,[*]c1ccc(Oc2ccc(Oc3ccc(N4C(=O)C(c5ccccc5)=C(c5ccc(C6=C(c7ccccc7)C(=O)N[*]C6=O)cc5)C4=O)cc3)cc2)cc1,540.15,train
698ddbe96c00d07d5428cf51,[*]c1ccc(Oc2ccc(-c3ccc(Oc4ccc(N5C(=O)C(c6ccccc6)=C(c6ccc(C7=C(c8ccccc8)C(=O)N[*]C7=O)cc6)C5=O)cc4)cc3)cc2)cc1,555.15,train
698ddbe96c00d07d5428cf52,[*]c1ccc(Oc2ccc(N3C(=O)C(c4ccccc4)=C(c4ccc(C5=C(c6ccccc6)C(=O)N[*]C5=O)cc4)C3=O)cc2)cc1,566.15,train
698ddbe96c00d07d5428cf53,[*]c1ccc2c(c1)C(=O)N(c1ccc(OCCCCOc3ccc(N4C(=O)c5ccc(C[*](C(F)(F)F)C(F)(F)F)cc5C4=O)cc3)cc1)C2=O,442.15,test
698ddbe96c00d07d5428cf54,[*]c1ccc2c(c1)C(=O)N(c1ccc(OCCCCCCOc3ccc(N4C(=O)c5ccc(C[*](C(F)(F)F)C(F)(F)F)cc5C4=O)cc3)cc1)C2=O,440.15,train
698ddbe96c00d07d5428cf55,[*]c1ccc2c(c1)C(=O)N(c1ccc(OCCCCCCCCCCOc3ccc(N4C(=O)c5ccc(C[*](C(F)(F)F)C(F)(F)F)cc5C4=O)cc3)cc1)C2=O,416.15,train
698ddbe96c00d07d5428cf56,[*]CCCCCC(=O)Oc1ccc(OC(=O)CCCCCn2c(=O)c3cc4c(=O)n[*]c(=O)c4cc3c2=O)c(C)c1,351.15,test
698ddbe96c00d07d5428cf57,[*]CCCCCC(=O)Oc1ccc(OC(=O)CCCCCn2c(=O)c3cc4c(=O)n[*]c(=O)c4cc3c2=O)c(Cl)c1,360.15,train
698ddbe96c00d07d5428cf58,[*]CCCCCC(=O)Oc1ccc(OC(=O)CCCCCn2c(=O)c3cc4c(=O)n[*]c(=O)c4cc3c2=O)c(-c2ccccc2)c1,355.15,val
698ddbe96c00d07d5428cf59,[*]CCCCCC(=O)Oc1ccc(Oc2ccc(OC(=O)CCCCCn3c(=O)c4cc5c(=O)n[*]c(=O)c5cc4c3=O)cc2)cc1,364.15,test
698ddbe96c00d07d5428cf5a,[*]CCCCCC(=O)Oc1ccc2ccc(OC(=O)CCCCCn3c(=O)c4cc5c(=O)n[*]c(=O)c5cc4c3=O)cc2c1,371.15,train
698ddbe96c00d07d5428cf5b,[*]CCCCCCCCCCC(=O)Oc1ccc2cc(OC(=O)CCCCCCCCCCn3c(=O)c4cc5c(=O)n[*]c(=O)c5cc4c3=O)ccc2c1,339.15,train
698ddbe96c00d07d5428cf5c,[*]CCCCCCCCCCCC(=O)Oc1ccc2cc(OC(=O)CCCCCCCCCCCn3c(=O)c4cc5c(=O)n[*]c(=O)c5cc4c3=O)ccc2c1,335.15,train
698ddbe96c00d07d5428cf5d,[*]c1ccc(Oc2ccc(N3C(=O)c4ccc(Sc5ccc6c(c5)C(=O)N[*]C6=O)cc4C3=O)cc2)cc1,531.15,train
698ddbe96c00d07d5428cf5e,[*]c1ccc(Oc2ccc(N3C(=O)c4ccc(S(=O)(=O)c5ccc6c(c5)C(=O)N[*]C6=O)cc4C3=O)cc2)cc1,556.65,train
698ddbe96c00d07d5428cf5f,[*]c1ccc(Oc2ccc(N3C(=O)c4ccc([Si](C)(C)c5ccc6c(c5)C(=O)N[*]C6=O)cc4C3=O)cc2)cc1,547.15,train
698ddbe96c00d07d5428cf60,[*]c1ccc(Cc2ccc(N3C(=O)c4ccc(Sc5ccc6c(c5)C(=O)N[*]C6=O)cc4C3=O)cc2)cc1,538.15,test
698ddbe96c00d07d5428cf61,[*]c1ccc(Cc2ccc(N3C(=O)c4ccc(S(=O)(=O)c5ccc6c(c5)C(=O)N[*]C6=O)cc4C3=O)cc2)cc1,592.15,train
698ddbe96c00d07d5428cf62,[*]c1ccc(Cc2ccc(N3C(=O)c4ccc(Oc5ccc(C(C)(C)c6ccc(Oc7ccc8c(c7)C(=O)N[*]C8=O)cc6)cc5)cc4C3=O)cc2)cc1,490.15,test
698ddbe96c00d07d5428cf63,[*]c1ccc2c(c1)C(=O)N(c1ccc(Oc3ccc(C(C)(C)c4ccc(Oc5ccc(N6C(=O)c7ccc(C[*](C(F)(F)F)C(F)(F)F)cc7C6=O)cc5)cc4)cc3)cc1)C2=O,517.55,val
698ddbe96c00d07d5428cf64,[*]c1ccc2c(c1)C(=O)N(c1ccc(Oc3ccc(S(=O)(=O)c4ccc(Oc5ccc(N6C(=O)c7ccc(C[*](C(F)(F)F)C(F)(F)F)cc7C6=O)cc5)cc4)cc3)cc1)C2=O,549.65,train
698ddbe96c00d07d5428cf65,[*]c1ccc2c(c1)C(=O)N(c1cccc(Oc3ccc(S(=O)(=O)c4ccc(Oc5cccc(N6C(=O)c7ccc(C[*](C(F)(F)F)C(F)(F)F)cc7C6=O)c5)cc4)cc3)c1)C2=O,482.65,train
698ddbe96c00d07d5428cf66,[*]c1ccc(C(C)(C)c2ccc(N3C(=O)c4ccc(Oc5ccc6c(c5)C(=O)N[*]C6=O)cc4C3=O)cc2)cc1,538.15,val
698ddbe96c00d07d5428cf67,[*]c1ccc(Oc2ccc(S(=O)(=O)c3ccc(Oc4ccc(N5C(=O)c6ccc(S(=O)(=O)c7ccc8c(c7)C(=O)N[*]C8=O)cc6C5=O)cc4)cc3)cc2)cc1,547.15,train
698ddbe96c00d07d5428cf68,[*]c1cccc(N2C(=O)c3ccc(Oc4ccc5c(c4)C4(CC(C)(C)c6ccc(Oc7ccc8c(c7)C(=O)N[*]C8=O)cc64)CC5(C)C)cc3C2=O)c1,526.15,train
698ddbe96c00d07d5428cf69,[*]c1cccc(OP(=O)(Oc2cccc(-n3c(=O)c4cc5c(=O)n[*]c(=O)c5cc4c3=O)c2)c2ccccc2)c1,464.15,train
698ddbe96c00d07d5428cf6a,[*]C(=O)c1ccc2c(c1)C(=O)N(c1cccc(OP(=O)(Oc3cccc(N4C(=O)c5ccc[*]cc5C4=O)c3)c3ccccc3)c1)C2=O,449.65,test
698ddbe96c00d07d5428cf6b,[*]C(=O)Nc1ccc(Oc2ccc(NC(=O)c3ccc4c(c3)C(=O)N(c3ccc(-c5sc(-c6ccc(N7C(=O)c8ccc[*]cc8C7=O)cc6)c(-c6ccccc6)c5-c5ccccc5)cc3)C4=O)cc2)cc1,593.15,train
698ddbe96c00d07d5428cf6c,[*]C(=O)Nc1ccc(Oc2cccc(NC(=O)c3ccc4c(c3)C(=O)N(c3ccc(-c5sc(-c6ccc(N7C(=O)c8ccc[*]cc8C7=O)cc6)c(-c6ccccc6)c5-c5ccccc5)cc3)C4=O)c2)cc1,588.15,train
698ddbe96c00d07d5428cf6d,[*]C(=O)Nc1ccc(Cc2ccc(NC(=O)c3ccc4c(c3)C(=O)N(c3ccc(-c5sc(-c6ccc(N7C(=O)c8ccc[*]cc8C7=O)cc6)c(-c6ccccc6)c5-c5ccccc5)cc3)C4=O)cc2)cc1,526.15,train
698ddbe96c00d07d5428cf6e,[*]C(=O)Nc1cccc(C(=O)c2cccc(NC(=O)c3ccc4c(c3)C(=O)N(c3ccc(-c5sc(-c6ccc(N7C(=O)c8ccc[*]cc8C7=O)cc6)c(-c6ccccc6)c5-c5ccccc5)cc3)C4=O)c2)c1,581.15,train
698ddbe96c00d07d5428cf6f,[*]C(=O)Nc1ccc(S(=O)(=O)c2ccc(NC(=O)c3ccc4c(c3)C(=O)N(c3ccc(-c5sc(-c6ccc(N7C(=O)c8ccc[*]cc8C7=O)cc6)c(-c6ccccc6)c5-c5ccccc5)cc3)C4=O)cc2)cc1,613.15,train
698ddbe96c00d07d5428cf70,[*]C(=O)Nc1cccc(S(=O)(=O)c2cccc(NC(=O)c3ccc4c(c3)C(=O)N(c3ccc(-c5sc(-c6ccc(N7C(=O)c8ccc[*]cc8C7=O)cc6)c(-c6ccccc6)c5-c5ccccc5)cc3)C4=O)c2)c1,593.15,test
698ddbe96c00d07d5428cf71,[*]C(=O)Nc1ccc(NC(=O)c2ccc3c(c2)C(=O)N(c2ccc(-c4sc(-c5ccc(N6C(=O)c7ccc[*]cc7C6=O)cc5)c(-c5ccccc5)c4-c4ccccc4)cc2)C3=O)cc1,606.15,train
698ddbe96c00d07d5428cf72,[*]C(=O)Nc1cccc(NC(=O)c2ccc3c(c2)C(=O)N(c2ccc(-c4sc(-c5ccc(N6C(=O)c7ccc[*]cc7C6=O)cc5)c(-c5ccccc5)c4-c4ccccc4)cc2)C3=O)c1,607.15,train
698ddbe96c00d07d5428cf73,[*]C(=O)Nc1ccc(Oc2ccc(Oc3ccc(NC(=O)c4ccc5c(c4)C(=O)N(c4ccc(-c6sc(-c7ccc(N8C(=O)c9ccc[*]cc9C8=O)cc7)c(-c7ccccc7)c6-c6ccccc6)cc4)C5=O)cc3)cc2)cc1,576.15,train
698ddbe96c00d07d5428cf74,[*]C(=O)Nc1ccc(Oc2ccc(C(C)(C)c3ccc(Oc4ccc(NC(=O)c5ccc6c(c5)C(=O)N(c5ccc(-c7sc(-c8ccc(N9C(=O)c%10ccc[*]cc%10C9=O)cc8)c(-c8ccccc8)c7-c7ccccc7)cc5)C6=O)cc4)cc3)cc2)cc1,560.15,train
698ddbe96c00d07d5428cf75,[*]C(=O)Nc1ccc(-c2sc(-c3ccc(NC(=O)c4ccc5c(c4)C(=O)N(c4ccc(-c6sc(-c7ccc(N8C(=O)c9ccc[*]cc9C8=O)cc7)c(-c7ccccc7)c6-c6ccccc6)cc4)C5=O)cc3)c(-c3ccccc3)c2-c2ccccc2)cc1,611.15,test
698ddbe96c00d07d5428cf76,[*]CCCCCCOC(=O)OCCCCCCOC(=O)OCCCCCCn1c(=O)c2cc3c(=O)n[*]c(=O)c3cc2c1=O,290.15,train
698ddbe96c00d07d5428cf77,[*]CCCCCCOC(=O)OCCCCCCCCOC(=O)OCCCCCCn1c(=O)c2cc3c(=O)n[*]c(=O)c3cc2c1=O,281.15,train
698ddbe96c00d07d5428cf78,[*]CCCCCCOC(=O)OCCCCCCCCCCOC(=O)OCCCCCCn1c(=O)c2cc3c(=O)n[*]c(=O)c3cc2c1=O,271.15,train
698ddbe96c00d07d5428cf79,[*]CCCCCCOC(=O)OCCCCCCCCCCCCOC(=O)OCCCCCCn1c(=O)c2cc3c(=O)n[*]c(=O)c3cc2c1=O,264.15,train
698ddbe96c00d07d5428cf7a,[*]c1ccc(-c2ccc(N3C(=O)c4ccc(S(=O)(=O)c5ccc6c(c5)C(=O)N[*]C6=O)cc4C3=O)cc2C(F)(F)F)c(C(F)(F)F)c1,593.15,train
698ddbe96c00d07d5428cf7b,[*]c1c(C)cc(-c2cc(C)c(N3C(=O)c4ccc(S(=O)(=O)c5ccc6c(c5)C(=O)N[*]C6=O)cc4C3=O)c(C)c2)cc1C,563.15,train
698ddbe96c00d07d5428cf7c,[*]C(=O)c1ccc2c(c1)C(=O)N(c1c(C)cc(-c3cc(C)c(N4C(=O)c5ccc[*]cc5C4=O)c(C)c3)cc1C)C2=O,583.15,train
698ddbe96c00d07d5428cf7d,[*]C(=O)c1ccc2c(c1)C(=O)N(c1ccc(Cl)c(N3C(=O)c4ccc[*]cc4C3=O)c1)C2=O,578.15,test
698ddbe96c00d07d5428cf7e,[*]C(=O)c1ccc2c(c1)C(=O)N(c1cc(N3C(=O)c4ccc[*]cc4C3=O)c(C)cc1C)C2=O,578.15,train
698ddbe96c00d07d5428cf7f,[*]c1ccc(S(=O)(=O)c2ccc(N3C(=O)c4ccc(Oc5ccc6c(c5)C(=O)N[*]C6=O)cc4C3=O)cc2)cc1,535.15,train
698ddbe96c00d07d5428cf80,[*]c1ccc(Oc2ccc(NC(=O)c3cccc(C(=O)Nc4ccc(Oc5ccc(-n6c(=O)c7cc8c(=O)n[*]c(=O)c8cc7c6=O)cc5)cc4)c3)cc2)cc1,555.15,train
698ddbe96c00d07d5428cf81,[*]c1ccc(S(=O)(=O)c2ccc(NC(=O)c3cccc(C(=O)Nc4ccc(S(=O)(=O)c5ccc(-n6c(=O)c7cc8c(=O)n[*]c(=O)c8cc7c6=O)cc5)cc4)c3)cc2)cc1,559.15,train
698ddbe96c00d07d5428cf82,[*]c1ccc2c(c1)C(=O)N(c1ccc(Oc3ccc(N4C(=O)c5ccc(C[*]O[Si](C)(C)C)cc5C4=O)cc3)cc1)C2=O,483.15,train
698ddbe96c00d07d5428cf83,[*]c1ccc2c(c1)C(=O)N(c1ccc(Oc3ccc(N4C(=O)c5ccc(C[*]O[Si](C)(C)O[Si](C)(C)O[Si](C)(C)C)cc5C4=O)cc3)cc1)C2=O,440.15,val
698ddbe96c00d07d5428cf84,[*]C(=O)c1ccc2c(c1)C(=O)N(c1cccc(C(O[Si](C)(C)O[Si](C)(C)O[Si](C)(C)C)c3cccc(N4C(=O)c5ccc[*]cc5C4=O)c3)c1)C2=O,508.15,train
698ddbe96c00d07d5428cf85,[*]c1ccc2c(c1)C(=O)N(c1cccc(C(O)c3cccc(N4C(=O)c5ccc(C[*](C(F)(F)F)C(F)(F)F)cc5C4=O)c3)c1)C2=O,535.15,test
698ddbe96c00d07d5428cf86,[*]c1cccc(C(O)c2cccc(N3C(=O)c4ccc(Oc5ccc6c(c5)C(=O)N[*]C6=O)cc4C3=O)c2)c1,525.15,val
698ddbe96c00d07d5428cf87,[*]c1cccc(C(O[Si](C)(C)O[Si](C)(C)O[Si](C)(C)C)c2cccc(N3C(=O)c4ccc(Oc5ccc6c(c5)C(=O)N[*]C6=O)cc4C3=O)c2)c1,492.15,test
698ddbe96c00d07d5428cf88,[*]CCCOC(=O)OCCCCCCOC(=O)OCCCn1c(=O)c2cc3c(=O)n[*]c(=O)c3cc2c1=O,309.15,train
698ddbe96c00d07d5428cf89,[*]CCCCOC(=O)OCCCCCCOC(=O)OCCCCn1c(=O)c2cc3c(=O)n[*]c(=O)c3cc2c1=O,310.15,train
698ddbe96c00d07d5428cf8a,[*]/C(C#N)=C(\C#N)N1C(=O)c2ccc(C(=O)c3ccc(-c4ccc5c(c4)C(=O)N[*]C5=O)cc3)cc2C1=O,522.15,train
698ddbe96c00d07d5428cf8b,[*]CCOCCOCCN1C(=O)c2ccc(C(=O)Oc3ccc(OC(=O)c4ccc5c(c4)C(=O)N[*]C5=O)cc3)cc2C1=O,378.15,train
698ddbe96c00d07d5428cf8c,[*]CCOCCOCCN1C(=O)c2ccc(C(=O)Oc3ccc4cc(OC(=O)c5ccc6c(c5)C(=O)N[*]C6=O)ccc4c3)cc2C1=O,378.15,train
698ddbe96c00d07d5428cf8d,[*]CCOCCOCCN1C(=O)c2ccc(C(=O)Oc3ccc(-c4ccc(OC(=O)c5ccc6c(c5)C(=O)N[*]C6=O)cc4)cc3)cc2C1=O,382.15,test
698ddbe96c00d07d5428cf8e,[*]CCOCCOCCN1C(=O)c2ccc(C(=O)Oc3ccc(C(C)(C)c4ccc(OC(=O)c5ccc6c(c5)C(=O)N[*]C6=O)cc4)cc3)cc2C1=O,391.15,train
698ddbe96c00d07d5428cf8f,[*]CCOCCOCCN1C(=O)c2ccc(C(=O)Oc3ccc(OC(=O)c4ccc5c(c4)C(=O)N[*]C5=O)c(-c4ccccc4)c3)cc2C1=O,378.15,val
698ddbe96c00d07d5428cf90,[*]CCCOCCCCOCCCN1C(=O)c2ccc(C(=O)Oc3ccc(OC(=O)c4ccc5c(c4)C(=O)N[*]C5=O)cc3)cc2C1=O,329.15,train
698ddbe96c00d07d5428cf91,[*]CCCOCCCCOCCCN1C(=O)c2ccc(C(=O)Oc3ccc4cc(OC(=O)c5ccc6c(c5)C(=O)N[*]C6=O)ccc4c3)cc2C1=O,341.15,val
698ddbe96c00d07d5428cf92,[*]CCCOCCCCOCCCN1C(=O)c2ccc(C(=O)Oc3ccc(-c4ccc(OC(=O)c5ccc6c(c5)C(=O)N[*]C6=O)cc4)cc3)cc2C1=O,343.15,train
698ddbe96c00d07d5428cf93,[*]CCCOCCCCOCCCN1C(=O)c2ccc(C(=O)Oc3ccc(C(C)(C)c4ccc(OC(=O)c5ccc6c(c5)C(=O)N[*]C6=O)cc4)cc3)cc2C1=O,333.15,train
698ddbe96c00d07d5428cf94,[*]CCCOCCCCOCCCN1C(=O)c2ccc(C(=O)Oc3ccc(OC(=O)c4ccc5c(c4)C(=O)N[*]C5=O)c(-c4ccccc4)c3)cc2C1=O,344.15,train
698ddbe96c00d07d5428cf95,[*]C(=O)c1ccc2c(c1)C(=O)N(c1ccc(Cc3ccc(Cc4ccc(Cc5ccc(N6C(=O)c7ccc[*]cc7C6=O)cc5)cc4)cc3)cc1)C2=O,575.15,train
698ddbe96c00d07d5428cf96,[*]C(=O)c1ccc2c(c1)C(=O)N(c1ccc(Cc3ccc(Cc4ccc(N5C(=O)c6ccc[*]cc6C5=O)cc4)cc3)cc1)C2=O,620.15,train
698ddbe96c00d07d5428cf97,[*]C(=O)c1ccc2c(c1)C(=O)N(c1ccc(Cc3ccc(Cc4cccc(N5C(=O)c6ccc[*]cc6C5=O)c4)cc3)cc1)C2=O,590.15,train
698ddbe96c00d07d5428cf98,[*]c1ccc(Cc2ccc(N3C(=O)C(Cl)=C(Oc4ccc(C(c5ccc(OC6=C(Cl)C(=O)N[*]C6=O)cc5)(C(F)(F)F)C(F)(F)F)cc4)C3=O)cc2)cc1,462.15,train
698ddbe96c00d07d5428cf99,[*]c1ccc(Oc2ccc(N3C(=O)C(Cl)=C(Oc4ccc(C(c5ccc(OC6=C(Cl)C(=O)N[*]C6=O)cc5)(C(F)(F)F)C(F)(F)F)cc4)C3=O)cc2)cc1,466.15,train
698ddbe96c00d07d5428cf9a,[*]c1ccc(Cc2ccc(N3C(=O)C(Cl)=C(Oc4ccc(C(C)(C)c5ccc(OC6=C(Cl)C(=O)N[*]C6=O)cc5)cc4)C3=O)cc2)cc1,445.15,train
698ddbe96c00d07d5428cf9b,[*]c1ccc(Oc2ccc(N3C(=O)C(Cl)=C(Oc4ccc(C(C)(C)c5ccc(OC6=C(Cl)C(=O)N[*]C6=O)cc5)cc4)C3=O)cc2)cc1,448.15,val
698ddbe96c00d07d5428cf9c,[*]C(=O)c1ccc2c(c1)C(=O)N(c1ccc(/C=C/c3ccc(N4C(=O)c5ccc[*]cc5C4=O)cc3S(=O)(=O)O[Na])c(S(=O)(=O)O[Na])c1)C2=O,502.15,train
698ddbe96c00d07d5428cf9d,[*]C(=O)c1ccc2c(c1)C(=O)N(c1ccc(N3C(=O)c4ccc[*]cc4C3=O)c(S(=O)(=O)O[Na])c1)C2=O,487.15,train
698ddbe96c00d07d5428cf9e,[*]C(=O)Nc1ccc(Oc2ccc(C(C)(C)c3cccc(C(C)(C)c4ccc(Oc5ccc(N6C(=O)c7ccc[*]cc7C6=O)cc5)cc4)c3)cc2)cc1,450.15,test
698ddbe96c00d07d5428cf9f,[*]CCCCCCOC(=O)c1cc(OCCCCCCOc2ccc(/N=N/c3ccc(C#N)cc3)cc2)cc(C(=O)OCCCCCCn2c(=O)c3cc4c(=O)n[*]c(=O)c4cc3c2=O)c1,319.15,train
698ddbe96c00d07d5428cfa0,[*]CCCCCCOC(=O)c1cc(OCCCCCCOc2ccc(/N=N/c3ccc(C#N)cc3)cc2)cc(C(=O)OCCCCCCN2C(=O)c3ccc(-c4ccc5c(c4)C(=O)N[*]C5=O)cc3C2=O)c1,366.15,train
698ddbe96c00d07d5428cfa1,[*]CCCCCCOC(=O)c1cc(OCCCCCCOc2ccc(/N=N/c3ccc(C#N)cc3)cc2)cc(C(=O)OCCCCCCN2C(=O)c3ccc(-c4ccc(-c5ccc6c(c5)C(=O)N[*]C6=O)cc4)cc3C2=O)c1,340.15,train
698ddbe96c00d07d5428cfa2,[*]CCCCCCOC(=O)c1cc(OCCCCCCOc2ccc(/N=N/c3ccc(C#N)cc3)cc2)cc(C(=O)OCCCCCCN2C(=O)c3ccc(Oc4ccc5c(c4)C(=O)N[*]C5=O)cc3C2=O)c1,334.15,test
698ddbe96c00d07d5428cfa3,[*]c1ccc(C)c(N2C(=O)c3ccc(S(=O)(=O)c4ccc5c(c4)C(=O)N[*]C5=O)cc3C2=O)c1,621.15,train
698ddbe96c00d07d5428cfa4,[*]C(=O)Nc1ccc(Oc2ccc(Oc3ccc(N4C(=O)c5ccc[*]cc5C4=O)cc3)cc2)cc1,523.15,train
698ddbe96c00d07d5428cfa5,[*]c1ccc(Oc2ccc(NC(=O)c3ccc(Oc4ccc5c(c4)C(=O)N[*]C5=O)cc3)cc2)cc1,535.15,test
698ddbe96c00d07d5428cfa6,[*]c1ccc(Cc2ccc(NC(=O)c3ccc(Oc4ccc5c(c4)C(=O)N[*]C5=O)cc3)cc2)cc1,523.15,val
698ddbe96c00d07d5428cfa7,[*]c1ccc(Oc2ccc(Oc3ccc(NC(=O)c4ccc(Oc5ccc6c(c5)C(=O)N[*]C6=O)cc4)cc3)cc2)cc1,515.15,train
698ddbe96c00d07d5428cfa8,[*]c1ccc(Oc2ccc(NC(=O)c3ccc(Oc4cccc5c4C(=O)N[*]C5=O)cc3)cc2)cc1,526.15,train
698ddbe96c00d07d5428cfa9,[*]c1ccc(Cc2ccc(NC(=O)c3ccc(Oc4cccc5c4C(=O)N[*]C5=O)cc3)cc2)cc1,531.15,train
698ddbe96c00d07d5428cfaa,[*]c1ccc(Oc2ccc(Oc3ccc(NC(=O)c4ccc(Oc5cccc6c5C(=O)N[*]C6=O)cc4)cc3)cc2)cc1,517.15,train
698ddbe96c00d07d5428cfab,[*]c1ccc(Oc2ccc(NC(=O)c3cccc(Oc4ccc5c(c4)C(=O)N[*]C5=O)c3)cc2)cc1,504.15,train
698ddbe96c00d07d5428cfac,[*]c1ccc(Cc2ccc(NC(=O)c3cccc(Oc4ccc5c(c4)C(=O)N[*]C5=O)c3)cc2)cc1,516.15,val
698ddbe96c00d07d5428cfad,[*]c1ccc(Oc2ccc(Oc3ccc(NC(=O)c4cccc(Oc5ccc6c(c5)C(=O)N[*]C6=O)c4)cc3)cc2)cc1,486.15,train
698ddbe96c00d07d5428cfae,[*]C(=O)Nc1ccc(C(c2ccc(NC(=O)c3ccc(N4C(=O)c5ccc[*]cc5C4=O)cc3C)cc2)(C(F)(F)F)C(F)(F)F)cc1,628.15,train
698ddbe96c00d07d5428cfaf,[*]c1ccc2c(c1)C(=O)N(c1cccc(C(=O)Nc3ccc(C(c4ccc(NC(=O)c5cccc(N6C(=O)c7ccc(C[*](C(F)(F)F)C(F)(F)F)cc7C6=O)c5)cc4)(C(F)(F)F)C(F)(F)F)cc3)c1)C2=O,546.65,train
698ddbe96c00d07d5428cfb0,[*]c1ccc2c(c1)C(=O)N(c1cc(C(=O)Nc3ccc(C(c4ccc(NC(=O)c5ccc(C)c(N6C(=O)c7ccc(C[*](C(F)(F)F)C(F)(F)F)cc7C6=O)c5)cc4)(C(F)(F)F)C(F)(F)F)cc3)ccc1C)C2=O,566.65,test
698ddbe96c00d07d5428cfb1,[*]c1ccc2c(c1)C(=O)N(c1cc(C(=O)Nc3c(C)cc(-c4cc(C)c(NC(=O)c5ccc(C)c(N6C(=O)c7ccc(C[*](C(F)(F)F)C(F)(F)F)cc7C6=O)c5)c(C)c4)cc3C)ccc1C)C2=O,523.15,train
698ddbe96c00d07d5428cfb2,[*]c1ccc2c(c1)C(=O)N(c1cc(C(=O)Nc3cccc4c(NC(=O)c5ccc(C)c(N6C(=O)c7ccc(C[*](C(F)(F)F)C(F)(F)F)cc7C6=O)c5)cccc34)ccc1C)C2=O,523.15,train
698ddbe96c00d07d5428cfb3,[*]c1ccc2c(c1)C(=O)N(c1cccc(C(=O)Nc3ccc(C(c4ccc(NC(=O)c5cccc(N6C(=O)c7ccc(C[*](C(F)(F)F)C(F)(F)F)cc7C6=O)c5C)cc4)(C(F)(F)F)C(F)(F)F)cc3)c1C)C2=O,523.15,val
698ddbe96c00d07d5428cfb4,[*]C(=O)Nc1ccc(C(c2ccc(NC(=O)c3ccc4c(c3)C(=O)N(c3c(C)cc(C)c(N5C(=O)c6ccc[*]cc6C5=O)c3C)C4=O)cc2)(C(F)(F)F)C(F)(F)F)cc1,523.15,train
698ddbe96c00d07d5428cfb5,[*]C(=O)Nc1ccc(C(c2ccc(NC(=O)c3ccc4c(c3)C(=O)N(c3ccc(-c5ccc(N6C(=O)c7ccc[*]cc7C6=O)c(OC)c5)cc3OC)C4=O)cc2)(C(F)(F)F)C(F)(F)F)cc1,523.15,test
698ddbe96c00d07d5428cfb6,[*]C(=O)Nc1ccc(C(c2ccc(NC(=O)c3ccc4c(c3)C(=O)N(c3c(C)cc(-c5cc(C)c(N6C(=O)c7ccc[*]cc7C6=O)c(C)c5)cc3C)C4=O)cc2)(C(F)(F)F)C(F)(F)F)cc1,591.15,train
698ddbe96c00d07d5428cfb7,[*]C(=O)Nc1ccc(C(c2ccc(NC(=O)c3ccc4c(c3)C(=O)N(c3c(C)cc(-c5cc(C)c(N6C(=O)c7ccc[*]cc7C6=O)c6ccccc56)c5ccccc35)C4=O)cc2)(C(F)(F)F)C(F)(F)F)cc1,523.15,test
698ddbe96c00d07d5428cfb8,[*]C(=O)Nc1ccc(C(c2ccc(NC(=O)c3ccc4c(c3)C(=O)N(c3cccc5c(N6C(=O)c7ccc[*]cc7C6=O)cccc35)C4=O)cc2)(C(F)(F)F)C(F)(F)F)cc1,523.15,train
698ddbe96c00d07d5428cfb9,[*]C(=O)Nc1cc(C(c2cc(C)c(C)c(NC(=O)c3ccc4c(c3)C(=O)N(c3cccc5c(N6C(=O)c7ccc[*]cc7C6=O)cccc35)C4=O)c2)(C(F)(F)F)C(F)(F)F)cc(C)c1C,523.15,train
698ddbe96c00d07d5428cfba,[*]C(=O)NCCN(CCNC(=O)c1ccc2c(c1)C(=O)N(c1ccc(Oc3ccc(N4C(=O)c5ccc[*]cc5C4=O)cc3)cc1)C2=O)c1ccc(/C=C/c2ccc([N+](=O)[O-])cc2)cc1,497.15,train
698ddbe96c00d07d5428cfbb,[*]C(=O)NCCN(CCNC(=O)c1cccc(N2C(=O)c3ccc[*]cc3C2=O)c1)c1ccc(/C=C/c2ccc([N+](=O)[O-])cc2)cc1,451.15,train
698ddbe96c00d07d5428cfbc,[*]c1ccc(N2C(=O)c3ccc(Oc4ccc(Oc5ccc(P(=O)(c6ccccc6)c6ccc(Oc7ccc(Oc8ccc9c(c8)C(=O)N[*]C9=O)cc7)cc6)cc5)cc4)cc3C2=O)cc1,493.15,train
698ddbe96c00d07d5428cfbd,[*]c1ccc2c(c1)C(=O)N(c1ccc(NC(=O)C(F)(F)C(F)(F)C(F)(F)C(F)(F)C(=O)Nc3ccc(N4C(=O)c5ccc(C[*](C(F)(F)F)C(F)(F)F)cc5C4=O)cc3)cc1)C2=O,558.15,train
698ddbe96c00d07d5428cfbe,[*]c1ccc2c(c1)C(=O)N(c1ccc(NC(=O)C(F)(F)C(F)(F)C(F)(F)C(F)(F)C(F)(F)C(F)(F)C(=O)Nc3ccc(N4C(=O)c5ccc(C[*](C(F)(F)F)C(F)(F)F)cc5C4=O)cc3)cc1)C2=O,538.15,train
698ddbe96c00d07d5428cfbf,[*]c1ccc2c(c1)C(=O)N(c1cccc(NC(=O)C(F)(F)C(F)(F)C(F)(F)C(F)(F)C(=O)Nc3cccc(N4C(=O)c5ccc(C[*](C(F)(F)F)C(F)(F)F)cc5C4=O)c3)c1)C2=O,505.15,test
698ddbe96c00d07d5428cfc0,[*]c1ccc2c(c1)C(=O)N(c1cccc(NC(=O)C(F)(F)C(F)(F)C(F)(F)C(F)(F)C(F)(F)C(F)(F)C(=O)Nc3cccc(N4C(=O)c5ccc(C[*](C(F)(F)F)C(F)(F)F)cc5C4=O)c3)c1)C2=O,491.15,train
698ddbe96c00d07d5428cfc1,[*]c1ccc(Cc2ccc(N3C(=O)c4ccc(Oc5ccc(Oc6ccc7c(c6)C(=O)N[*]C7=O)cc5)cc4C3=O)c(C)c2C)c(C)c1C,550.15,train
698ddbe96c00d07d5428cfc2,[*]c1cc(C)c(Cc2cc(C)c(N3C(=O)c4ccc(Oc5ccc(Oc6ccc7c(c6)C(=O)N[*]C7=O)cc5)cc4C3=O)cc2C)cc1C,551.15,train
698ddbe96c00d07d5428cfc3,[*]c1ccc2c(c1)C(=O)N(c1ccc(S(=O)(=O)c3ccc(S(=O)(=O)c4ccc(N5C(=O)c6ccc(C[*](C(F)(F)F)C(F)(F)F)cc6C5=O)cc4)cc3)cc1)C2=O,604.15,test
698ddbe96c00d07d5428cfc4,[*]c1ccc2c(c1)C(=O)N(c1ccc(S(=O)(=O)c3ccc(S(=O)(=O)c4ccc(S(=O)(=O)c5ccc(N6C(=O)c7ccc(C[*](C(F)(F)F)C(F)(F)F)cc7C6=O)cc5)cc4)cc3)cc1)C2=O,600.15,train
698ddbe96c00d07d5428cfc5,[*]CCCC(C)CN1C(=O)c2ccc(C(=O)Oc3ccc4cc(OC(=O)c5ccc6c(c5)C(=O)N[*]C6=O)ccc4c3)cc2C1=O,403.15,train
698ddbe96c00d07d5428cfc6,[*]CCCC(C)CN1C(=O)c2ccc(C(=O)Oc3ccc(-c4ccc(OC(=O)c5ccc6c(c5)C(=O)N[*]C6=O)cc4)cc3)cc2C1=O,428.15,train
698ddbe96c00d07d5428cfc7,[*]c1ccc2c(c1)C(=O)N(c1ccc(Oc3ccc(N4C(=O)c5ccc(C[*](C(F)(F)F)C(F)(F)F)cc5C4=O)cc3)c(O)c1)C2=O,565.15,train
698ddbe96c00d07d5428cfc8,[*]CCCCCCN1C(=O)C(=O)N[*]C1=O,328.15,train
698ddbe96c00d07d5428cfc9,[*]CCCCCCN1C(=O)C(=O)N(c2ccc(C)c(N3C(=O)C(=O)N[*]C3=O)c2)C1=O,454.65,train
698ddbe96c00d07d5428cfca,[*]CCCCCCN1C(=O)C(=O)N(c2ccc(Oc3ccc(N4C(=O)C(=O)N[*]C4=O)cc3)cc2)C1=O,445.15,train
698ddbe96c00d07d5428cfcb,[*]CCCCCCN1C(=O)C(=O)N(c2ccc(Cc3ccc(N4C(=O)C(=O)N[*]C4=O)cc3)cc2)C1=O,431.15,test
698ddbe96c00d07d5428cfcc,[*]CCCCCCN1C(=O)C(=O)N(c2ccc(CCc3ccccc3N3C(=O)C(=O)N[*]C3=O)cc2)C1=O,410.15,test
698ddbe96c00d07d5428cfcd,[*]c1ccccc1CCc1ccc(N2C(=O)C(=O)N(c3ccc(C)c(N4C(=O)C(=O)N[*]C4=O)c3)C2=O)cc1,528.15,train
698ddbe96c00d07d5428cfce,[*]c1ccc(CCc2ccccc2N2C(=O)C(=O)N(c3ccc(Oc4ccc(N5C(=O)C(=O)N[*]C5=O)cc4)cc3)C2=O)cc1,481.15,train
698ddbe96c00d07d5428cfcf,[*]c1ccc(CCc2ccccc2N2C(=O)C(=O)N(c3ccc(Cc4ccc(N5C(=O)C(=O)N[*]C5=O)cc4)cc3)C2=O)cc1,471.15,train
698ddbe96c00d07d5428cfd0,[*]c1ccc(CCc2ccc(N3C(=O)C(=O)N(c4ccc(CCc5ccccc5N5C(=O)C(=O)N[*]C5=O)cc4)C3=O)cc2)cc1,493.15,train
698ddbe96c00d07d5428cfd1,[*]c1ccc(CCc2ccc(N3C(=O)C(=O)N[*]C3=O)cc2)cc1,469.15,train
698ddbe96c00d07d5428cfd2,[*]C(=O)Nc1ccc(C2(c3ccc(N4C(=O)c5ccc[*]cc5C4=O)cc3)CC(C)CC(C)(C)C2)cc1,601.15,train
698ddbe96c00d07d5428cfd3,[*]C(=O)Nc1ccc(C2(c3ccc(N4C(=O)c5ccc[*]cc5C4=O)cc3)CCCCC2)cc1,592.15,train
698ddbe96c00d07d5428cfd4,[*]C(=O)Nc1ccc(C2(c3ccc(N4C(=O)c5ccc[*]cc5C4=O)cc3)CCC(C)CC2)cc1,595.15,val
698ddbe96c00d07d5428cfd5,[*]C(=O)Nc1ccc(C2(c3ccc(N4C(=O)c5ccc[*]cc5C4=O)cc3)CCC(CC)CC2)cc1,585.15,train
698ddbe96c00d07d5428cfd6,[*]C(=O)Nc1ccc(C2(c3ccc(N4C(=O)c5ccc[*]cc5C4=O)cc3)CCC(C(C)(C)C)CC2)cc1,604.15,val
698ddbe96c00d07d5428cfd7,[*]C(=O)Nc1ccc(C2(c3ccc(N4C(=O)c5ccc[*]cc5C4=O)cc3)CCC(C(C)(C)CC)CC2)cc1,615.15,train
698ddbe96c00d07d5428cfd8,[*]c1ccc2c(c1)C(=O)N(c1ccc(Cc3ccc(N4C(=O)c5ccc(C(C)(C)CCCCC[*](C)C)cc5C4=O)cc3)cc1)C2=O,443.04999999999995,train
698ddbe96c00d07d5428cfd9,[*]c1ccc2c(c1)C(=O)N(c1ccc(Oc3ccc(N4C(=O)c5ccc(C(C)(C)CCCCCCCCC[*](C)C)cc5C4=O)cc3)cc1)C2=O,396.79999999999995,val
698ddbe96c00d07d5428cfda,[*]C(=O)OCCOC(=O)c1ccc(N2C(=O)c3ccc[*]cc3C2=O)cc1,553.15,test
698ddbe96c00d07d5428cfdb,[*]C(=O)OCCOC(=O)c1cccc(N2C(=O)c3ccc[*]cc3C2=O)c1,493.15,val
698ddbe96c00d07d5428cfdc,[*]C(=O)Nc1cccc(NC(=O)c2ccc(N3C(=O)c4ccc[*]cc4C3=O)cc2)c1,513.15,train
698ddbe96c00d07d5428cfdd,[*]C(=O)c1ccc2c(c1)C(=O)N(CC1(C)CC(N3C(=O)c4ccc[*]cc4C3=O)CC(C)(C)C1)C2=O,548.15,train
698ddbe96c00d07d5428cfde,[*]CC1CCCC(CN2C(=O)c3ccc(C(=O)c4ccc5c(c4)C(=O)N[*]C5=O)cc3C2=O)C1,486.15,train
698ddbe96c00d07d5428cfdf,[*]C(=O)c1ccc2c(c1)C(=O)N(c1ccc(C(=O)Nc3ccc(N4C(=O)c5ccc[*]cc5C4=O)cc3)cc1)C2=O,573.15,val
698ddbe96c00d07d5428cfe0,[*]C(=O)c1ccc2c(c1)C(=O)N(c1ccc(C(=O)N(C)c3ccc(N4C(=O)c5ccc[*]cc5C4=O)cc3)cc1)C2=O,586.15,train
698ddbe96c00d07d5428cfe1,[*]/C=C/C1CC[*]C2C(=O)N(c3ccccc3)C(=O)C12,493.15,test
698ddbe96c00d07d5428cfe2,[*]/C=C/C1CC[*]C2C(=O)N(c3ccccc3C)C(=O)C12,521.15,train
698ddbe96c00d07d5428cfe3,[*]/C=C/C1CC[*]C2C(=O)N(c3cccc(C)c3)C(=O)C12,479.15,train
698ddbe96c00d07d5428cfe4,[*]/C=C/C1CC[*]C2C(=O)N(c3ccc(C)cc3)C(=O)C12,495.15,train
698ddbe96c00d07d5428cfe5,[*]c1ccc(Oc2ccc(-n3c(=O)c4c(Oc5ccc(OC)cc5)c5c(=O)n[*]c(=O)c5c(Oc5ccc(OC)cc5)c4c3=O)cc2)cc1,576.65,train
698ddbe96c00d07d5428cfe6,[*]c1ccc(Oc2ccc(-n3c(=O)c4c(Oc5ccc(OCCCC)cc5)c5c(=O)n[*]c(=O)c5c(Oc5ccc(OCCCC)cc5)c4c3=O)cc2)cc1,542.65,test
698ddbe96c00d07d5428cfe7,[*]c1ccc(Oc2ccc(-n3c(=O)c4c(Oc5ccc(OCCCCCCCC)cc5)c5c(=O)n[*]c(=O)c5c(Oc5ccc(OCCCCCCCC)cc5)c4c3=O)cc2)cc1,507.65,train
698ddbe96c00d07d5428cfe8,[*]c1ccc(Oc2ccc(-n3c(=O)c4c(Oc5ccc(OCCCCCCCCCCCC)cc5)c5c(=O)n[*]c(=O)c5c(Oc5ccc(OCCCCCCCCCCCC)cc5)c4c3=O)cc2)cc1,491.15,train
698ddbe96c00d07d5428cfe9,[*]c1ccc(-c2nc3cc(Oc4ccc(NC(=O)c5cc(C(=O)Nc6ccc(Oc7ccc8nc(-c9ccccc9)c(-c9ccc(-n%10c(=O)c%11ccc%12c(=O)n[*]c(=O)c%13ccc(c%10=O)c%11c%12%13)cc9)nc8c7)cc6)cc(N6C(=O)c7ccccc7C6=O)c5)cc4)ccc3nc2-c2ccccc2)cc1,618.15,test
698ddbe96c00d07d5428cfea,[*]c1ccc(-c2nc3cc(Oc4ccc(NC(=O)c5cc(C(=O)Nc6ccc(Oc7ccc8nc(-c9ccccc9)c(-c9ccc(-n%10c(=O)c%11ccc%12c(=O)n[*]c(=O)c%13ccc(c%10=O)c%11c%12%13)cc9)nc8c7)cc6)cc(N6C(=O)c7c(Cl)c(Cl)c(Cl)c(Cl)c7C6=O)c5)cc4)ccc3nc2-c2ccccc2)cc1,618.15,train
698ddbe96c00d07d5428cfeb,[*]C(=O)NCCN(CCNC(=O)c1ccc(N2C(=O)c3ccc[*]cc3C2=O)cc1)c1ccc(/C=C/c2ccc([N+](=O)[O-])cc2)cc1,451.15,train
698ddbe96c00d07d5428cfec,[*]CCN(CCNC(=O)c1ccc2c(c1)C(=O)N[*]C2=O)c1ccc(/C=C/c2ccc([N+](=O)[O-])cc2)cc1,415.15,test
698ddbe96c00d07d5428cfed,[*]C(=O)c1ccc2c(c1)C(=O)N(c1ccc(Oc3cccc(N4C(=O)c5ccc[*]cc5C4=O)c3)cc1)C2=O,553.65,train
698ddbe96c00d07d5428cfee,[*]c1ccc(Oc2ccc(C(c3ccc(Oc4ccc(-n5c(=O)c6cc7c(=O)n[*]c(=O)c7cc6c5=O)cc4C(F)(F)F)cc3)(C(F)(F)F)C(F)(F)F)cc2)c(C(F)(F)F)c1,526.15,test
698ddbe96c00d07d5428cfef,[*]c1ccc(C(c2ccc(-n3c(=O)c4cc5c(=O)n[*]c(=O)c5cc4c3=O)cc2)(C(F)(F)F)C(F)(F)F)cc1,653.15,train
698ddbe96c00d07d5428cff0,[*]c1ccc(Oc2ccc(C(c3ccc(Oc4ccc(N5C(=O)c6ccc(-c7ccc8c(c7)C(=O)N[*]C8=O)cc6C5=O)cc4C(F)(F)F)cc3)(C(F)(F)F)C(F)(F)F)cc2)c(C(F)(F)F)c1,496.15,train
698ddbe96c00d07d5428cff1,[*]C(=O)c1ccc2c(c1)C(=O)N(c1ccc(Oc3ccc(C(c4ccc(Oc5ccc(N6C(=O)c7ccc[*]cc7C6=O)cc5C(F)(F)F)cc4)(C(F)(F)F)C(F)(F)F)cc3)c(C(F)(F)F)c1)C2=O,493.15,test
698ddbe96c00d07d5428cff2,[*]c1ccc2c(c1)C(=O)N(c1cccc(C(C)(C)c3ccc(N4C(=O)c5ccc(C[*](C(F)(F)F)C(F)(F)F)cc5C4=O)cc3)c1)C2=O,533.15,test
698ddbe96c00d07d5428cff3,[*]c1ccc2c(c1)C(=O)N(c1ccc(Oc3ccc(C(c4ccc(Oc5ccc(N6C(=O)c7ccc(C[*](C(F)(F)F)C(F)(F)F)cc7C6=O)cc5C(F)(F)F)cc4)(C(F)(F)F)C(F)(F)F)cc3)c(C(F)(F)F)c1)C2=O,507.15,train
698ddbe96c00d07d5428cff4,[*]c1ccc2c(c1)C(=O)N(c1ccc(Sc3ccc(N4C(=O)c5ccc(C[*](C(F)(F)F)C(F)(F)F)cc5C4=O)cc3)cc1)C2=O,574.15,train
698ddbe96c00d07d5428cff5,[*]c1ccc2c(c1)C(=O)N(c1ccc(Sc3ccc(Sc4ccc(N5C(=O)c6ccc(C[*](C(F)(F)F)C(F)(F)F)cc6C5=O)cc4)cc3)cc1)C2=O,530.15,train
698ddbe96c00d07d5428cff6,[*]c1ccc2c(c1)C(=O)N(c1ccc(Sc3ccc(Sc4ccc(Sc5ccc(N6C(=O)c7ccc(C[*](C(F)(F)F)C(F)(F)F)cc7C6=O)cc5)cc4)cc3)cc1)C2=O,506.15,train
698ddbe96c00d07d5428cff7,[*]c1ccc2c(c1)C(=O)N(c1ccc(Sc3ccc(Sc4ccc(Sc5ccc(Sc6ccc(N7C(=O)c8ccc(C[*](C(F)(F)F)C(F)(F)F)cc8C7=O)cc6)cc5)cc4)cc3)cc1)C2=O,489.15,train
698ddbe96c00d07d5428cff8,[*]c1ccc2c(c1)C(=O)N(c1ccc(OC(CCCCCC)COc3ccc(N4C(=O)c5ccc(C[*](C(F)(F)F)C(F)(F)F)cc5C4=O)cc3)cc1)C2=O,455.15,train
698ddbe96c00d07d5428cff9,[*]c1ccc2c(c1)C(=O)N(c1ccc(OC(CCC)COc3ccc(N4C(=O)c5ccc(C[*](C(F)(F)F)C(F)(F)F)cc5C4=O)cc3)cc1)C2=O,477.15,val
698ddbe96c00d07d5428cffa,[*]c1ccc2c(c1)C(=O)N(c1ccc(OC(C)COc3ccc(N4C(=O)c5ccc(C[*](C(F)(F)F)C(F)(F)F)cc5C4=O)cc3)cc1)C2=O,507.15,train
698ddbe96c00d07d5428cffb,[*]c1ccc2c(c1)C(=O)N(c1ccc(N(C)CCN(C)c3ccc(N4C(=O)c5ccc(C[*](C(F)(F)F)C(F)(F)F)cc5C4=O)cc3)cc1)C2=O,500.15,val
698ddbe96c00d07d5428cffc,[*]c1c(C)cc(C)c(N2C(=O)c3ccc(Oc4ccc(Oc5ccc6c(c5)C(=O)N[*]C6=O)cc4)cc3C2=O)c1C,618.15,test
698ddbe96c00d07d5428cffd,[*]c1c(C)cc(C)c(N2C(=O)c3ccc(S(=O)(=O)c4ccc5c(c4)C(=O)N[*]C5=O)cc3C2=O)c1C,691.15,train
698ddbe96c00d07d5428cffe,[*]c1c(C)cc(C)c(N2C(=O)c3ccc(Sc4ccc5c(c4)C(=O)N[*]C5=O)cc3C2=O)c1C,651.15,train
698ddbe96c00d07d5428cfff,[*]c1c(C)cc(C)c(-n2c(=O)c3cc4c(=O)n[*]c(=O)c4cc3c2=O)c1C,672.9,train
698ddbe96c00d07d5428d000,[*]c1ccc(-c2c(-c3ccc(-c4ccccc4)cc3)cc(-c3ccc(OCCCCCCOc4ccc(-c5cc(-c6ccc(-c7ccccc7)cc6)c(-c6ccc(-n7c(=O)c8cc9c(=O)n[*]c(=O)c9cc8c7=O)cc6)c(-c6ccc(-c7ccccc7)cc6)c5)cc4)cc3)cc2-c2ccc(-c3ccccc3)cc2)cc1,401.65,val
698ddbe96c00d07d5428d001,[*]c1ccc(-c2c(-c3ccc(-c4ccccc4)cc3)cc(-c3ccc(OCCCCCCCCCCOc4ccc(-c5cc(-c6ccc(-c7ccccc7)cc6)c(-c6ccc(-n7c(=O)c8cc9c(=O)n[*]c(=O)c9cc8c7=O)cc6)c(-c6ccc(-c7ccccc7)cc6)c5)cc4)cc3)cc2-c2ccc(-c3ccccc3)cc2)cc1,394.15,train
698ddbe96c00d07d5428d002,[*]C(=O)c1ccc2c(c1)C(=O)N(c1ccc(-c3c(-c4ccc(-c5ccccc5)cc4)cc(-c4ccc(OCCCCCCOc5ccc(-c6cc(-c7ccc(-c8ccccc8)cc7)c(-c7ccc(N8C(=O)c9ccc[*]cc9C8=O)cc7)c(-c7ccc(-c8ccccc8)cc7)c6)cc5)cc4)cc3-c3ccc(-c4ccccc4)cc3)cc1)C2=O,384.65,test
698ddbe96c00d07d5428d003,[*]C(=O)c1ccc2c(c1)C(=O)N(c1ccc(-c3c(-c4ccc(-c5ccccc5)cc4)cc(-c4ccc(OCCCCCCCCCCOc5ccc(-c6cc(-c7ccc(-c8ccccc8)cc7)c(-c7ccc(N8C(=O)c9ccc[*]cc9C8=O)cc7)c(-c7ccc(-c8ccccc8)cc7)c6)cc5)cc4)cc3-c3ccc(-c4ccccc4)cc3)cc1)C2=O,376.65,test
698ddbe96c00d07d5428d004,[*]c1cc(Br)c(-c2c(Br)cc(N3C(=O)c4ccc(-c5ccc6c(c5)C(=O)N[*]C6=O)cc4C3=O)cc2C(=O)OCCCCCCCCCCCCCCCCCC)c(C(=O)OCCCCCCCCCCCCCCCCCC)c1,356.65,train
698ddbe96c00d07d5428d005,[*]c1cc(Br)c(-c2c(Br)cc(N3C(=O)c4ccc(-c5ccc6c(c5)C(=O)N[*]C6=O)cc4C3=O)cc2C(=O)OCCCCCCCCCCCCCCCC)c(C(=O)OCCCCCCCCCCCCCCCC)c1,365.15,train
698ddbe96c00d07d5428d006,[*]c1cc(Br)c(-c2c(Br)cc(N3C(=O)c4ccc(-c5ccc6c(c5)C(=O)N[*]C6=O)cc4C3=O)cc2C(=O)OCCCCCCCCCCCCCC)c(C(=O)OCCCCCCCCCCCCCC)c1,371.15,test
698ddbe96c00d07d5428d007,[*]c1cc(Br)c(-c2c(Br)cc(N3C(=O)c4ccc(-c5ccc6c(c5)C(=O)N[*]C6=O)cc4C3=O)cc2C(=O)OCCCCCCCCCCCC)c(C(=O)OCCCCCCCCCCCC)c1,381.15,test
698ddbe96c00d07d5428d008,[*]c1cc(Br)c(-c2c(Br)cc(N3C(=O)c4ccc(-c5ccc6c(c5)C(=O)N[*]C6=O)cc4C3=O)cc2C(=O)OCCCCCCCCCC)c(C(=O)OCCCCCCCCCC)c1,389.15,train
698ddbe96c00d07d5428d009,[*]c1cc(Br)c(-c2c(Br)cc(N3C(=O)c4ccc(-c5ccc6c(c5)C(=O)N[*]C6=O)cc4C3=O)cc2C(=O)OCCCCCCCC)c(C(=O)OCCCCCCCC)c1,408.65,train
698ddbe96c00d07d5428d00a,[*]c1cc(Br)c(-c2c(Br)cc(N3C(=O)c4ccc(-c5ccc6c(c5)C(=O)N[*]C6=O)cc4C3=O)cc2C(=O)OCCCCCC)c(C(=O)OCCCCCC)c1,427.15,test
698ddbe96c00d07d5428d00b,[*]c1cc(Br)c(-c2c(Br)cc(N3C(=O)c4ccc(-c5ccc6c(c5)C(=O)N[*]C6=O)cc4C3=O)cc2C(=O)OCCCC)c(C(=O)OCCCC)c1,469.15,train
698ddbe96c00d07d5428d00c,[*]CC(c1ccccc1)C1C(=O)N(CCCCCCCCCCCC)C(=O)C1[*],343.15,train
698ddbe96c00d07d5428d00d,[*]c1ccc(-c2ccc(-n3c(=O)c4cc5c(=O)n[*]c(=O)c5cc4c3=O)cc2OC)c(OC)c1,601.15,train
698ddbe96c00d07d5428d00e,[*]c1ccc(-c2ccc(-n3c(=O)c4cc5c(=O)n[*]c(=O)c5cc4c3=O)cc2F)c(F)c1,671.15,train
698ddbe96c00d07d5428d00f,[*]C(=O)c1cccc(C(=O)c2ccc3c(c2)C(=O)N(c2cccc(N4C(=O)c5ccc[*]cc5C4=O)c2)C3=O)c1,532.65,train
698ddbe96c00d07d5428d010,[*]C(=O)c1cccc(C(=O)c2ccc3c(c2)C(=O)N(c2ccc(C(c4ccc(N5C(=O)c6ccc[*]cc6C5=O)cc4)(C(F)(F)F)C(F)(F)F)cc2)C3=O)c1,535.65,test
698ddbe96c00d07d5428d011,[*]C(=O)c1cccc(C(=O)c2ccc3c(c2)C(=O)N(c2ccc(Oc4ccc(N5C(=O)c6ccc[*]cc6C5=O)cc4)cc2)C3=O)c1,517.15,train
698ddbe96c00d07d5428d012,[*]C(=O)c1cccc(C(=O)c2ccc3c(c2)C(=O)N(c2ccc(Oc4ccc(S(=O)(=O)c5ccc(Oc6ccc(N7C(=O)c8ccc[*]cc8C7=O)cc6)cc5)cc4)cc2)C3=O)c1,522.15,test
698ddbe96c00d07d5428d013,[*]C(=O)c1cc(C(=O)c2ccc3c(c2)C(=O)N(c2cccc(N4C(=O)c5ccc[*]cc5C4=O)c2)C3=O)cc(C(C)(C)C)c1,537.65,train
698ddbe96c00d07d5428d014,[*]C(=O)c1cc(C(=O)c2ccc3c(c2)C(=O)N(c2ccc(C(c4ccc(N5C(=O)c6ccc[*]cc6C5=O)cc4)(C(F)(F)F)C(F)(F)F)cc2)C3=O)cc(C(C)(C)C)c1,540.65,train
698ddbe96c00d07d5428d015,[*]C(=O)c1cc(C(=O)c2ccc3c(c2)C(=O)N(c2ccc(Oc4ccc(N5C(=O)c6ccc[*]cc6C5=O)cc4)cc2)C3=O)cc(C(C)(C)C)c1,525.65,train
698ddbe96c00d07d5428d016,[*]C(=O)c1cc(C(=O)c2ccc3c(c2)C(=O)N(c2ccc(Oc4ccc(S(=O)(=O)c5ccc(Oc6ccc(N7C(=O)c8ccc[*]cc8C7=O)cc6)cc5)cc4)cc2)C3=O)cc(C(C)(C)C)c1,527.65,train
698ddbe96c00d07d5428d017,[*]C(=O)c1cc(C(=O)c2ccc3c(c2)C(=O)N(c2cccc(N4C(=O)c5ccc[*]cc5C4=O)c2)C3=O)cc(-c2ccccc2)c1,539.65,train
698ddbe96c00d07d5428d018,[*]C(=O)c1cc(C(=O)c2ccc3c(c2)C(=O)N(c2ccc(C(c4ccc(N5C(=O)c6ccc[*]cc6C5=O)cc4)(C(F)(F)F)C(F)(F)F)cc2)C3=O)cc(-c2ccccc2)c1,533.65,val
698ddbe96c00d07d5428d019,[*]C(=O)c1cc(C(=O)c2ccc3c(c2)C(=O)N(c2ccc(Oc4ccc(N5C(=O)c6ccc[*]cc6C5=O)cc4)cc2)C3=O)cc(-c2ccccc2)c1,531.65,train
698ddbe96c00d07d5428d01a,[*]C(=O)c1cc(C(=O)c2ccc3c(c2)C(=O)N(c2ccc(Oc4ccc(S(=O)(=O)c5ccc(Oc6ccc(N7C(=O)c8ccc[*]cc8C7=O)cc6)cc5)cc4)cc2)C3=O)cc(-c2ccccc2)c1,529.65,train
698ddbe96c00d07d5428d01b,[*]C(=O)Nc1ccc(NC(=O)c2ccc3c(c2)C(=O)N(c2ccc(Oc4ccc(N5C(=O)c6ccc[*]cc6C5=O)cc4)cc2)C3=O)c(OCCCCCCS(=O)(=O)c2ccc(/C=C/c3ccc(N(C)C)cc3)cc2)c1,465.15,val
698ddbe96c00d07d5428d01c,[*]c1ccc2c(c1)C(=O)N(c1ccc(OCCN(CCOc3ccc(N4C(=O)c5ccc(C[*](C(F)(F)F)C(F)(F)F)cc5C4=O)cc3)c3ccccc3)cc1)C2=O,443.15,test
698ddbe96c00d07d5428d01d,[*]c1ccc2c(c1)C(=O)N(c1ccc(OCCN(CCOc3ccc(N4C(=O)c5ccc(C[*](C(F)(F)F)C(F)(F)F)cc5C4=O)cc3)c3ccc(C(C#N)=C(C#N)C#N)cc3)cc1)C2=O,491.15,test
698ddbe96c00d07d5428d01e,[*]c1ccc(Cc2ccc(N3C(=O)c4ccc(OCCN(CCOc5ccc6c(c5)C(=O)N[*]C6=O)c5ccc(/C=C/c6ccc([N+](=O)[O-])cc6)cc5)cc4C3=O)cc2)cc1,433.84999999999997,train
698ddbe96c00d07d5428d01f,[*]c1ccc(C(c2ccc(N3C(=O)c4ccc(OCCN(CCOc5ccc6c(c5)C(=O)N[*]C6=O)c5ccc(/C=C/c6ccc([N+](=O)[O-])cc6)cc5)cc4C3=O)cc2)(C(F)(F)F)C(F)(F)F)cc1,453.84999999999997,test
698ddbe96c00d07d5428d020,[*]CC1CCCC(Cn2c(=O)c3cc4c(=O)n[*]c(=O)c4cc3c2=O)C1,536.15,train
698ddbe96c00d07d5428d021,[*]CC1CCCC(CN2C(=O)c3ccc(-c4ccc5c(c4)C(=O)N[*]C5=O)cc3C2=O)C1,507.15,train
698ddbe96c00d07d5428d022,[*]CC1CCCC(CN2C(=O)c3ccc(C(c4ccc5c(c4)C(=O)N[*]C5=O)(C(F)(F)F)C(F)(F)F)cc3C2=O)C1,495.15,val
698ddbe96c00d07d5428d023,[*]CC1CCCC(CN2C(=O)c3ccc(Oc4ccc5c(c4)C(=O)N[*]C5=O)cc3C2=O)C1,472.15,train
698ddbe96c00d07d5428d024,[*]C1CCC(CC2CCC(N3C(=O)c4ccc(-c5ccc6c(c5)C(=O)N[*]C6=O)cc4C3=O)CC2)CC1,515.15,test
698ddbe96c00d07d5428d025,[*]C(=O)c1ccc2c(c1)C(=O)N(C1CCC(CC3CCC(N4C(=O)c5ccc[*]cc5C4=O)CC3)CC1)C2=O,527.15,train
698ddbe96c00d07d5428d026,[*]c1ccc2c(c1)C(=O)N(C1CCC(CC3CCC(N4C(=O)c5ccc(C[*](C(F)(F)F)C(F)(F)F)cc5C4=O)CC3)CC1)C2=O,538.15,train
698ddbe96c00d07d5428d027,[*]C1CCC(CC2CCC(N3C(=O)c4ccc(Oc5ccc6c(c5)C(=O)N[*]C6=O)cc4C3=O)CC2)CC1,513.15,train
698ddbe96c00d07d5428d028,[*]C1CCC(CC2CCC(N3C(=O)c4ccc(-c5ccc6c(c5)C(=O)N[*]C6=O)cc4C3=O)C(C)C2)CC1C,533.15,val
698ddbe96c00d07d5428d029,[*]C(=O)c1ccc2c(c1)C(=O)N(C1CCC(CC3CCC(N4C(=O)c5ccc[*]cc5C4=O)C(C)C3)CC1C)C2=O,513.15,test
698ddbe96c00d07d5428d02a,[*]c1ccc2c(c1)C(=O)N(C1CCC(CC3CCC(N4C(=O)c5ccc(C[*](C(F)(F)F)C(F)(F)F)cc5C4=O)C(C)C3)CC1C)C2=O,498.15,val
698ddbe96c00d07d5428d02b,[*]C1CCC(CC2CCC(N3C(=O)c4ccc(Oc5ccc6c(c5)C(=O)N[*]C6=O)cc4C3=O)C(C)C2)CC1C,523.15,train
698ddbe96c00d07d5428d02c,[*]CC1(C)CC(N2C(=O)c3ccc(-c4ccc5c(c4)C(=O)N[*]C5=O)cc3C2=O)CC(C)(C)C1,584.15,train
698ddbe96c00d07d5428d02d,[*]c1ccc2c(c1)C(=O)N(C1CC(C)(C)CC(C)(CN3C(=O)c4ccc(C[*](C(F)(F)F)C(F)(F)F)cc4C3=O)C1)C2=O,551.15,test
698ddbe96c00d07d5428d02e,[*]CC1(C)CC(N2C(=O)c3ccc(Oc4ccc5c(c4)C(=O)N[*]C5=O)cc3C2=O)CC(C)(C)C1,539.15,train
698ddbe96c00d07d5428d02f,[*]C(=O)OCCCCCCCCCCCCCCCCCCCCCCOC(=O)c1ccc(N2C(=O)c3ccc[*]cc3C2=O)cc1,317.15,train
698ddbe96c00d07d5428d030,[*]C(=O)Oc1ccc(OC(=O)c2ccc3c(c2)C(=O)N(c2ccc(Oc4ccc(N5C(=O)c6ccc[*]cc6C5=O)cc4)cc2)C3=O)c(C(C)(C)C)c1,462.15,test
698ddbe96c00d07d5428d031,[*]C(=O)Oc1ccc(OC(=O)c2ccc3c(c2)C(=O)N(c2ccc(Oc4ccc(N5C(=O)c6ccc[*]cc6C5=O)cc4)cc2)C3=O)c(-c2ccccc2)c1,485.15,train
698ddbe96c00d07d5428d032,[*]C(=O)Oc1ccc2ccc(OC(=O)c3ccc4c(c3)C(=O)N(c3ccc(Oc5ccc(N6C(=O)c7ccc[*]cc7C6=O)cc5)cc3)C4=O)cc2c1,519.15,train
698ddbe96c00d07d5428d033,[*]C(=O)Oc1ccc(-c2ccc(OC(=O)c3ccc4c(c3)C(=O)N(c3ccc(Oc5ccc(N6C(=O)c7ccc[*]cc7C6=O)cc5)cc3)C4=O)cc2)cc1,505.15,train
698ddbe96c00d07d5428d034,[*]C(=O)OCCCCCCCCCCCCOC(=O)c1ccc2c(c1)C(=O)N(c1ccc(Oc3ccc(N4C(=O)c5ccc[*]cc5C4=O)cc3)cc1)C2=O,378.15,test
698ddbe96c00d07d5428d035,[*]C(=O)Oc1ccc(OC(=O)c2ccc3c(c2)C(=O)N(c2ccc(Cc4ccc(N5C(=O)c6ccc[*]cc6C5=O)cc4)cc2)C3=O)c(C(C)(C)C)c1,433.15,train
698ddbe96c00d07d5428d036,[*]C(=O)Oc1ccc(OCCCCCCCCCCCCOc2ccc(OC(=O)c3ccc4c(c3)C(=O)N(c3ccc(Cc5ccc(N6C(=O)c7ccc[*]cc7C6=O)cc5)cc3)C4=O)cc2)cc1,398.15,test
698ddbe96c00d07d5428d037,[*]C(=O)Oc1ccc(OC(=O)c2ccc3c(c2)C(=O)N(c2ccc(S(=O)(=O)c4ccc(N5C(=O)c6ccc[*]cc6C5=O)cc4)cc2)C3=O)c(C(C)(C)C)c1,452.15,test
698ddbe96c00d07d5428d038,[*]C(=O)Oc1ccc(OCCCCCCCCCCCCOc2ccc(OC(=O)c3ccc4c(c3)C(=O)N(c3ccc(S(=O)(=O)c5ccc(N6C(=O)c7ccc[*]cc7C6=O)cc5)cc3)C4=O)cc2)cc1,413.15,train
698ddbe96c00d07d5428d039,[*]C(=O)c1ccc2c(c1)C(=O)N(c1ccc(NC(=O)c3cccc(C(=O)Nc4ccc(N5C(=O)c6ccc[*]cc6C5=O)cc4)c3)cc1)C2=O,520.15,train
698ddbe96c00d07d5428d03a,[*]C(=O)c1ccc2c(c1)C(=O)N(c1ccc(S(=O)(=O)c3ccc(NC(=O)c4cccc(C(=O)Nc5ccc(S(=O)(=O)c6ccc(N7C(=O)c8ccc[*]cc8C7=O)cc6)cc5)c4)cc3)cc1)C2=O,499.15,train
698ddbe96c00d07d5428d03b,[*]C(=O)c1ccc2c(c1)C(=O)N(c1ccc(Oc3ccc(NC(=O)c4cccc(C(=O)Nc5ccc(Oc6ccc(N7C(=O)c8ccc[*]cc8C7=O)cc6)cc5)c4)cc3)cc1)C2=O,505.15,test
698ddbe96c00d07d5428d03c,[*]CC(=O)Nc1ccc(Oc2c(F)c(F)c(Oc3ccc(NC(=O)c4ccc5c(c4)C(=O)N[*]C5=O)cc3)c(F)c2F)cc1,527.15,train
698ddbe96c00d07d5428d03d,[*]CC(=O)Nc1ccc(C2(c3ccc(NC(=O)c4ccc5c(c4)C(=O)N[*]C5=O)cc3)c3ccccc3-c3ccccc32)cc1,618.15,train
698ddbe96c00d07d5428d03e,[*]CC(=O)Nc1ccc(C2(c3ccc(NC(=O)Cn4c(=O)c5cc6c(=O)n[*]c(=O)c6cc5c4=O)cc3)c3ccccc3-c3ccccc32)cc1,623.15,val
698ddbe96c00d07d5428d03f,[*]c1ccc2c(c1)C(=O)N(c1ccc(Oc3ccc(N4C(=O)c5ccc(C[*](C(F)(F)F)C(F)(F)F)cc5C4=O)cc3)c(OCCN(CC)c3ccc(/N=N/c4ccc([N+](=O)[O-])cc4)cc3)c1)C2=O,475.15,train
698ddbe96c00d07d5428d040,[*]c1ccc(Oc2ccc(C(C)(C)c3cccc(C(C)(C)c4ccc(Oc5ccc(-n6c(=O)c7cc8c(=O)n[*]c(=O)c8cc7c6=O)cc5)cc4)c3)cc2)cc1,522.62,train
698ddbe96c00d07d5428d041,[*]c1ccc2c(c1)C(=O)N(c1ccc(Oc3ccc(N4C(=O)c5ccc(C[*]O)cc5C4=O)cc3)cc1)C2=O,523.15,train
698ddbe96c00d07d5428d042,[*]CC1CC2CC1C1CCC(Cn3c(=O)c4cc5c(=O)n[*]c(=O)c5cc4c3=O)C21,538.15,train
698ddbe96c00d07d5428d043,[*]CC1CC2CC1C1CCC(CN3C(=O)c4ccc(-c5ccc6c(c5)C(=O)N[*]C6=O)cc4C3=O)C21,503.15,train
698ddbe96c00d07d5428d044,[*]CC1CC2CC1C1CCC(CN3C(=O)c4ccc(C(=O)c5ccc6c(c5)C(=O)N[*]C6=O)cc4C3=O)C21,490.15,train
698ddbe96c00d07d5428d045,[*]CC1CC2CC1C1CCC(CN3C(=O)c4ccc(C(c5ccc6c(c5)C(=O)N[*]C6=O)(C(F)(F)F)C(F)(F)F)cc4C3=O)C21,480.15,val
698ddbe96c00d07d5428d046,[*]CC1CC2CC1C1CCC(CN3C(=O)c4ccc(Oc5ccc6c(c5)C(=O)N[*]C6=O)cc4C3=O)C21,474.15,val
698ddbe96c00d07d5428d047,[*]CCC1C(=O)N(c2ccc(N(C)C)cc2)C(=O)C1[*],468.15,train
698ddbe96c00d07d5428d048,[*]CC(OC)C1C(=O)N(c2ccc(N(C)C)cc2)C(=O)C1[*],494.15,val
698ddbe96c00d07d5428d049,[*]c1ccc(-c2sc(-c3ccc(-n4c(=O)c5cc6c(=O)n[*]c(=O)c6cc5c4=O)cc3)c(-c3ccccc3)c2-c2ccccc2)cc1,733.15,test
698ddbe96c00d07d5428d04c,[*]c1cc(C(=O)O)cc(N2C(=O)CC(C3CC4C(=O)N[*]C(=O)C4c4ccccc43)C2=O)c1,633.15,train
698ddbe96c00d07d5428d04d,[*]CCCCCCCCCCCCN1C(=O)c2ccc(C(c3ccc4c(c3)C(=O)N(CCCCCCCCCCCCn3c(=O)c5ccc6c7ccc8c(=O)n[*]c(=O)c9ccc(c%10ccc(c3=O)c5c6%10)c7c89)C4=O)(C(F)(F)F)C(F)(F)F)cc2C1=O,443.15,train
698ddbe96c00d07d5428d04e,[*]CCCCCCCCCCCCN1C(=O)c2cccc3c(-c4ccc5c6c(cccc46)C(=O)N(CCCCCCCCCCCCn4c(=O)c6ccc7c8ccc9c(=O)n[*]c(=O)c%10ccc(c%11ccc(c4=O)c6c7%11)c8c9%10)C5=O)ccc(c23)C1=O,483.15,train
698ddbe96c00d07d5428d04f,[*]c1cc(C(=O)OC)cc(N2C(=O)CC(C3Cc4ccccc4C4C(=O)N[*]C(=O)C43)C2=O)c1,531.15,test
698ddbe96c00d07d5428d050,[*]c1cc(C(=O)OCC)cc(N2C(=O)CC(C3Cc4ccccc4C4C(=O)N[*]C(=O)C43)C2=O)c1,527.15,train
698ddbe96c00d07d5428d051,[*]c1cc(C(=O)OCCC)cc(N2C(=O)CC(C3Cc4ccccc4C4C(=O)N[*]C(=O)C43)C2=O)c1,522.15,train
698ddbe96c00d07d5428d052,[*]c1cc(C(=O)OCCCC)cc(N2C(=O)CC(C3Cc4ccccc4C4C(=O)N[*]C(=O)C43)C2=O)c1,492.15,train
698ddbe96c00d07d5428d053,[*]c1cc(C(=O)OCCCCC)cc(N2C(=O)CC(C3Cc4ccccc4C4C(=O)N[*]C(=O)C43)C2=O)c1,492.15,train
698ddbe96c00d07d5428d054,[*]c1cc(C(=O)OCCCCCC)cc(N2C(=O)CC(C3Cc4ccccc4C4C(=O)N[*]C(=O)C43)C2=O)c1,460.15,train
698ddbe96c00d07d5428d055,[*]c1cccc(C(c2cccc(N3C(=O)c4ccc(-c5ccc6c(c5)C(=O)N[*]C6=O)cc4C3=O)c2)(C(F)(F)F)C(F)(F)F)c1,540.15,train
698ddbe96c00d07d5428d056,[*]C(=O)c1ccc2c(c1)C(=O)N(c1cccc(C(c3cccc(N4C(=O)c5ccc[*]cc5C4=O)c3)(C(F)(F)F)C(F)(F)F)c1)C2=O,512.15,test
698ddbe96c00d07d5428d057,[*]c1cccc(C(c2cccc(N3C(=O)c4ccc(Oc5ccc6c(c5)C(=O)N[*]C6=O)cc4C3=O)c2)(C(F)(F)F)C(F)(F)F)c1,497.65,val
698ddbe96c00d07d5428d058,[*]c1ccc(C(c2ccc(N3C(=O)c4ccc(Oc5ccc6c(c5)C(=O)N[*]C6=O)cc4C3=O)cc2)(C(F)(F)F)C(F)(F)F)cc1,578.15,train
698ddbe96c00d07d5428d059,[*]c1ccc2c(c1)C(=O)N(c1ccc(C(C)(C)c3ccc(C(C)(C)c4ccc(N5C(=O)c6ccc(C[*](C(F)(F)F)C(F)(F)F)cc6C5=O)cc4)cc3)cc1)C2=O,508.54999999999995,train
698ddbe96c00d07d5428d05a,[*]c1ccc2c(c1)C(=O)N(C1CCC(N3C(=O)c4ccc(C[*](C(F)(F)F)C(F)(F)F)cc4C3=O)CC1)C2=O,619.65,train
698ddbe96c00d07d5428d05b,[*]c1ccc(OC(=O)CCCCCCCCCCCCCCCCCCCCC(=O)Oc2ccc(N3C(=O)c4ccc(-c5ccc6c(c5)C(=O)N[*]C6=O)cc4C3=O)cc2)cc1,413.15,train
698ddbe96c00d07d5428d05c,[*]C/C=C/N(/C=C/CC1CC(=O)N(c2ccc(Cc3ccc(N4C(=O)CC[*]C4=O)cc3)cc2)C1=O)c1ccc(/N=N/c2ccc([N+](=O)[O-])cc2)cc1,550.15,train
698ddbe96c00d07d5428d05d,[*]c1ccc(C(c2ccc(N3C(=O)c4cc5c(cc4C3=O)C(C(F)(F)F)(C(F)(F)F)c3cc4c(cc3O5)C(=O)N[*]C4=O)cc2)(C(F)(F)F)C(F)(F)F)cc1,703.15,val
698ddbe96c00d07d5428d05e,[*]c1ccc(NC2CC(=O)N(c3ccc(Cc4ccc(N5C(=O)CC(Nc6ccc(-c7nc(-c8ccc(/N=N/c9ccc([N+](=O)[O-])cc9)cc8)[nH]c7[*])cc6)C5=O)cc4)cc3)C2=O)cc1,531.15,train
698ddbe96c00d07d5428d05f,[*]c1ccc(NC2CC(=O)N(c3ccc(Cc4ccc(N5C(=O)CC(Nc6ccc(-c7nc(-c8ccc(/C=C/c9ccc([N+](=O)[O-])cc9)cc8)[nH]c7[*])cc6)C5=O)cc4)cc3)C2=O)cc1,523.15,test
698ddbe96c00d07d5428d060,[*]c1ccc2c(c1)C(=O)N(c1cc(C(c3ccc(O)c(N4C(=O)c5ccc(C[*](C(F)(F)F)C(F)(F)F)cc5C4=O)c3)(C(F)(F)F)C(F)(F)F)ccc1O)C2=O,603.15,train
698ddbe96c00d07d5428d061,[*]c1ccc2c(c1)C(=O)N(c1cc(C(c3ccc(OCCN(CC)c4ccc(/N=N/c5ccc([N+](=O)[O-])cc5)cc4)c(N4C(=O)c5ccc(C[*](C(F)(F)F)C(F)(F)F)cc5C4=O)c3)(C(F)(F)F)C(F)(F)F)ccc1OCCN(CC)c1ccc(/N=N/c3ccc([N+](=O)[O-])cc3)cc1)C2=O,472.15,test
698ddbe96c00d07d5428d062,[*]CCN(CCN1C(=O)c2ccc(C(c3ccc4c(c3)C(=O)N[*]C4=O)(C(F)(F)F)C(F)(F)F)cc2C1=O)c1ccc(/N=N/c2ccc(C3OCCO3)cc2)cc1,451.15,train
698ddbe96c00d07d5428d063,[*]CCN(CCN1C(=O)c2ccc(C(c3ccc4c(c3)C(=O)N[*]C4=O)(C(F)(F)F)C(F)(F)F)cc2C1=O)c1ccc(/N=N/c2ccc(C=O)cc2)cc1,443.15,val
698ddbe96c00d07d5428d064,[*]c1ccc(C(=O)Nc2ccc(-n3c(=O)c4cc5c(=O)n[*]c(=O)c5cc4c3=O)cc2C(=O)OCC)cc1,613.15,train
698ddbe96c00d07d5428d065,[*]CCCCC(=O)Oc1ccc(OC(=O)c2ccc3c(c2)C(=O)N[*]C3=O)c(C)c1,348.90999999999997,train
698ddbe96c00d07d5428d066,[*]CCCCCCC(=O)Oc1ccc(OC(=O)c2ccc3c(c2)C(=O)N[*]C3=O)c(C)c1,330.35999999999996,test
698ddbe96c00d07d5428d067,[*]c1ccc2c(c1)C(=O)N(c1c(C)cc(-c3cc(C)c(N4C(=O)c5ccc(C[*](C(F)(F)F)C(F)(F)F)cc5C4=O)c4ccccc34)c3ccccc13)C2=O,676.15,test
698ddbe96c00d07d5428d068,[*]c1ccc(Oc2c(C)cc(Cc3cc(C)c(Oc4ccc(-n5c(=O)c6cc7c(=O)n[*]c(=O)c7cc6c5=O)cc4)c(C)c3)cc2C)cc1,572.65,train
698ddbe96c00d07d5428d069,[*]c1ccc(Oc2c(C)cc(Cc3cc(C)c(Oc4ccc(N5C(=O)c6ccc(-c7ccc8c(c7)C(=O)N[*]C8=O)cc6C5=O)cc4)c(C)c3)cc2C)cc1,583.15,train
698ddbe96c00d07d5428d06a,[*]C(=O)c1ccc2c(c1)C(=O)N(c1ccc(Oc3c(C)cc(Cc4cc(C)c(Oc5ccc(N6C(=O)c7ccc[*]cc7C6=O)cc5)c(C)c4)cc3C)cc1)C2=O,576.15,train
698ddbe96c00d07d5428d06b,[*]c1ccc2c(c1)C(=O)N(c1ccc(Oc3c(C)cc(Cc4cc(C)c(Oc5ccc(N6C(=O)c7ccc(C[*](C(F)(F)F)C(F)(F)F)cc7C6=O)cc5)c(C)c4)cc3C)cc1)C2=O,571.15,test
698ddbe96c00d07d5428d06c,[*]c1c(C)cc(C(c2cc(C)c(N3C(=O)c4ccc(-c5ccc6c(c5)C(=O)N[*]C6=O)cc4C3=O)c(C)c2)c2cccc3ccccc23)cc1C,599.15,train
698ddbe96c00d07d5428d06d,[*]C(=O)c1ccc2c(c1)C(=O)N(c1c(C)cc(C(c3cc(C)c(N4C(=O)c5ccc[*]cc5C4=O)c(C)c3)c3cccc4ccccc34)cc1C)C2=O,591.15,train
698ddbe96c00d07d5428d06e,[*]c1ccc2c(c1)C(=O)N(c1c(C)cc(C(c3cc(C)c(N4C(=O)c5ccc(C[*](C(F)(F)F)C(F)(F)F)cc5C4=O)c(C)c3)c3cccc4ccccc34)cc1C)C2=O,587.15,train
698ddbe96c00d07d5428d06f,[*]c1ccc(Oc2c(C)cc(C(c3cc(C)c(Oc4ccc(-n5c(=O)c6cc7c(=O)n[*]c(=O)c7cc6c5=O)cc4)c(C)c3)c3cccc4ccccc34)cc2C)cc1,588.15,test
698ddbe96c00d07d5428d070,[*]c1ccc(Oc2c(C)cc(C(c3cc(C)c(Oc4ccc(N5C(=O)c6ccc(-c7ccc8c(c7)C(=O)N[*]C8=O)cc6C5=O)cc4)c(C)c3)c3cccc4ccccc34)cc2C)cc1,562.65,train
698ddbe96c00d07d5428d071,[*]C(=O)c1ccc2c(c1)C(=O)N(c1ccc(Oc3c(C)cc(C(c4cc(C)c(Oc5ccc(N6C(=O)c7ccc[*]cc7C6=O)cc5)c(C)c4)c4cccc5ccccc45)cc3C)cc1)C2=O,545.15,train
698ddbe96c00d07d5428d072,[*]c1ccc2c(c1)C(=O)N(c1ccc(Oc3c(C)cc(C(c4cc(C)c(Oc5ccc(N6C(=O)c7ccc(C[*](C(F)(F)F)C(F)(F)F)cc7C6=O)cc5)c(C)c4)c4cccc5ccccc45)cc3C)cc1)C2=O,581.15,train
698ddbe96c00d07d5428d073,[*]c1ccc(Oc2ccc(N3C(=O)CC4C(CC5C(=O)N[*]C(=O)C54)C3=O)cc2)cc1,623.15,train
698ddbe96c00d07d5428d074,[*]c1cccc(Oc2cccc(Oc3cccc(N4C(=O)c5ccc(-c6ccc7c(c6)C(=O)N[*]C7=O)cc5C4=O)c3)c2)c1,481.15,train
698ddbe96c00d07d5428d075,[*]c1ccc(Cc2ccc(N3C(=O)N(c4ccc(Cc5ccc(N6C(=O)N[*]C(C)(C)C6=O)cc5)cc4)C(=O)C3(C)C)cc2)cc1,532.65,train
698ddbe96c00d07d5428d076,[*]CCCCCC(=O)Oc1ccc2ccc(OC(=O)c3ccc4c(c3)C(=O)N[*]C4=O)cc2c1,386.15,train
698ddbe96c00d07d5428d077,[*]CCCCCC(=O)Oc1ccc(C(C)(C)c2ccc(OC(=O)c3ccc4c(c3)C(=O)N[*]C4=O)cc2)cc1,383.15,train
698ddbe96c00d07d5428d078,[*]CCCCCC(=O)Oc1ccc(C(C)(C)c2ccc(C(C)(C)c3ccc(OC(=O)c4ccc5c(c4)C(=O)N[*]C5=O)cc3)cc2)cc1,377.15,train
698ddbe96c00d07d5428d079,[*]CCCCCC(=O)Oc1ccc(C2(c3ccc(OC(=O)c4ccc5c(c4)C(=O)N[*]C5=O)cc3)CCCCC2)cc1,395.15,train
698ddbe96c00d07d5428d07a,[*]CCCCCCCCCCCC(=O)Oc1ccc2ccc(OC(=O)c3ccc4c(c3)C(=O)N[*]C4=O)cc2c1,371.15,train
698ddbe96c00d07d5428d07b,[*]CCCCCCCCCCCC(=O)Oc1ccc(C(C)(C)c2ccc(OC(=O)c3ccc4c(c3)C(=O)N[*]C4=O)cc2)cc1,366.15,val
698ddbe96c00d07d5428d07c,[*]CCCCCCCCCCCC(=O)Oc1ccc(C(C)(C)c2ccc(C(C)(C)c3ccc(OC(=O)c4ccc5c(c4)C(=O)N[*]C5=O)cc3)cc2)cc1,370.15,val
698ddbe96c00d07d5428d07d,[*]CCCCCCCCCCCC(=O)Oc1ccc(C2(c3ccc(OC(=O)c4ccc5c(c4)C(=O)N[*]C5=O)cc3)CCCCC2)cc1,369.15,train
698ddbe96c00d07d5428d07e,[*]CCCCCCCCCCCC(=O)Oc1ccc(C2(c3ccc(OC(=O)c4ccc5c(c4)C(=O)N[*]C5=O)cc3)OC(=O)c3ccccc32)cc1,387.15,train
698ddbe96c00d07d5428d07f,[*]c1ccc(Cc2ccc(N3C(=O)CC(Nc4ccc(N(c5ccc(Nc6ccc([N+](=O)[O-])cc6)cc5)c5ccc(NC6CC(=O)N[*]C6=O)cc5)cc4)C3=O)cc2)cc1,597.15,train
698ddbe96c00d07d5428d080,[*]c1ccc(Cc2ccc(N3C(=O)CC(Nc4ccc(N(c5ccc(NC6CC(=O)N[*]C6=O)cc5)c5ccc([N+](=O)[O-])cc5)cc4)C3=O)cc2)cc1,549.15,train
698ddbe96c00d07d5428d081,[*]c1cccc(CCCOc2cccc(N3C(=O)c4cccc(-c5ccc6c(c5)C(=O)N[*]C6=O)c4C3=O)c2)c1,451.15,train
698ddbe96c00d07d5428d082,[*]c1cccc(OCCCCOc2cccc(N3C(=O)c4ccc(-c5cccc6c5C(=O)N[*]C6=O)cc4C3=O)c2)c1,451.15,train
698ddbe96c00d07d5428d083,[*]c1cccc(OCCCCCOc2cccc(N3C(=O)c4ccc(-c5cccc6c5C(=O)N[*]C6=O)cc4C3=O)c2)c1,441.15,train
698ddbe96c00d07d5428d084,[*]c1cccc(OCCCCCCOc2cccc(N3C(=O)c4ccc(-c5cccc6c5C(=O)N[*]C6=O)cc4C3=O)c2)c1,430.15,train
698ddbe96c00d07d5428d085,[*]c1cccc(OCCCCCCCCOc2cccc(N3C(=O)c4ccc(-c5cccc6c5C(=O)N[*]C6=O)cc4C3=O)c2)c1,415.15,train
698ddbe96c00d07d5428d086,[*]c1cccc(OCCCCCCCCCOc2cccc(N3C(=O)c4ccc(-c5cccc6c5C(=O)N[*]C6=O)cc4C3=O)c2)c1,407.15,train
698ddbe96c00d07d5428d087,[*]c1cccc(OCCCCCCCCCCOc2cccc(N3C(=O)c4ccc(-c5cccc6c5C(=O)N[*]C6=O)cc4C3=O)c2)c1,400.15,train
698ddbe96c00d07d5428d088,[*]c1cccc(OCCCCCCCCCCCCOc2cccc(N3C(=O)c4ccc(-c5cccc6c5C(=O)N[*]C6=O)cc4C3=O)c2)c1,389.15,train
698ddbe96c00d07d5428d089,[*]c1ccc(OCCCOc2ccc(N3C(=O)c4ccc(-c5cccc6c5C(=O)N[*]C6=O)cc4C3=O)cc2)cc1,510.65,train
698ddbe96c00d07d5428d08a,[*]c1ccc(OCCCCCOc2ccc(N3C(=O)c4ccc(-c5cccc6c5C(=O)N[*]C6=O)cc4C3=O)cc2)cc1,481.15,val
698ddbe96c00d07d5428d08b,[*]c1cccc(OCCCOc2cccc(N3C(=O)c4ccc(-c5ccc6c(c5)C(=O)N[*]C6=O)cc4C3=O)c2)c1,457.15,train
698ddbe96c00d07d5428d08c,[*]c1cccc(OCCCCOc2cccc(N3C(=O)c4ccc(-c5ccc6c(c5)C(=O)N[*]C6=O)cc4C3=O)c2)c1,448.15,train
698ddbe96c00d07d5428d08d,[*]c1cccc(OCCCCCOc2cccc(N3C(=O)c4ccc(-c5ccc6c(c5)C(=O)N[*]C6=O)cc4C3=O)c2)c1,438.15,train
698ddbe96c00d07d5428d08e,[*]c1cccc(OCCCCCCOc2cccc(N3C(=O)c4ccc(-c5ccc6c(c5)C(=O)N[*]C6=O)cc4C3=O)c2)c1,426.15,test
698ddbe96c00d07d5428d08f,[*]c1cccc(OCCCCCCCCOc2cccc(N3C(=O)c4ccc(-c5ccc6c(c5)C(=O)N[*]C6=O)cc4C3=O)c2)c1,411.15,train
698ddbe96c00d07d5428d090,[*]c1cccc(OCCCCCCCCCOc2cccc(N3C(=O)c4ccc(-c5ccc6c(c5)C(=O)N[*]C6=O)cc4C3=O)c2)c1,405.15,train
698ddbe96c00d07d5428d091,[*]c1cccc(OCCCCCCCCCCOc2cccc(N3C(=O)c4ccc(-c5ccc6c(c5)C(=O)N[*]C6=O)cc4C3=O)c2)c1,398.15,train
698ddbe96c00d07d5428d092,[*]c1cccc(OCCCCCCCCCCCCOc2cccc(N3C(=O)c4ccc(-c5ccc6c(c5)C(=O)N[*]C6=O)cc4C3=O)c2)c1,389.15,train
698ddbe96c00d07d5428d093,[*]c1ccc(OCCCCCCCCCCOc2ccc(N3C(=O)c4ccc(-c5ccc6c(c5)C(=O)N[*]C6=O)cc4C3=O)cc2)cc1,426.15,train
698ddbe96c00d07d5428d094,[*]C1C(=O)N(CCOc2ccc(-c3ccc(C#N)cc3)cc2)C(=O)C1[*],423.15,train
698ddbe96c00d07d5428d095,[*]C1C(=O)N(CCCOc2ccc(-c3ccc(C#N)cc3)cc2)C(=O)C1[*],403.15,train
698ddbe96c00d07d5428d096,[*]C1C(=O)N(CCCCOc2ccc(-c3ccc(C#N)cc3)cc2)C(=O)C1[*],388.15,train
698ddbe96c00d07d5428d097,[*]C1C(=O)N(CCCCCOc2ccc(-c3ccc(C#N)cc3)cc2)C(=O)C1[*],348.15,test
698ddbe96c00d07d5428d098,[*]C1C(=O)N(CCCCCCOc2ccc(-c3ccc(C#N)cc3)cc2)C(=O)C1[*],349.15,train
698ddbe96c00d07d5428d099,[*]C1C(=O)N(CCCCCCCOc2ccc(-c3ccc(C#N)cc3)cc2)C(=O)C1[*],334.15,train
698ddbe96c00d07d5428d09a,[*]C1C(=O)N(CCCCCCCCOc2ccc(-c3ccc(C#N)cc3)cc2)C(=O)C1[*],316.15,train
698ddbe96c00d07d5428d09b,[*]CC(c1ccccc1)C1C(=O)N(CCCOc2ccc(-c3ccc(C#N)cc3)cc2)C(=O)C1[*],403.15,test
698ddbe96c00d07d5428d09c,[*]c1ccc(Oc2ccc(Oc3ccc(N4C(=O)CC(=O)N[*]C4=S)cc3)cc2)cc1,430.15,train
698ddbe96c00d07d5428d09d,[*]c1ccc(Oc2ccc(C(C)(C)c3ccc(Oc4ccc(N5C(=O)CC(=O)N[*]C5=S)cc4)cc3)cc2)cc1,423.15,test
698ddbe96c00d07d5428d09e,[*]c1ccc(Oc2cccc(Oc3ccc(N4C(=O)CC(=O)N[*]C4=S)cc3)c2)cc1,418.15,test
698ddbe96c00d07d5428d09f,[*]c1ccc(Oc2ccc(-c3ccc(Oc4ccc(N5C(=O)CC(=O)N[*]C5=S)cc4)cc3)cc2)cc1,431.65,train
698ddbe96c00d07d5428d0a0,[*]c1ccc(Oc2ccc(C(c3ccc(Oc4ccc(N5C(=O)CC(=O)N[*]C5=S)cc4)cc3)(C(F)(F)F)C(F)(F)F)cc2)cc1,420.15,train
698ddbe96c00d07d5428d0a1,[*]c1ccc(Oc2ccc3ccc(Oc4ccc(N5C(=O)CC(=O)N[*]C5=S)cc4)cc3c2)cc1,424.65,train
698ddbe96c00d07d5428d0a2,[*]c1ccc(Oc2ccc(C3(c4ccc(Oc5ccc(N6C(=O)CC(=O)N[*]C6=S)cc5)cc4)c4ccccc4-c4ccccc43)cc2)cc1,448.15,train
698ddbe96c00d07d5428d0a3,[*]c1cc(C(=O)NCCCC)cc(N2C(=O)c3ccc(-c4ccc5c(c4)C(=O)N[*]C5=O)cc3C2=O)c1,564.15,train
698ddbe96c00d07d5428d0a4,[*]c1cc(C(=O)NCCCCCC)cc(N2C(=O)c3ccc(-c4ccc5c(c4)C(=O)N[*]C5=O)cc3C2=O)c1,530.05,train
698ddbe96c00d07d5428d0a5,[*]c1cc(C(=O)NCCCCCCCC)cc(N2C(=O)c3ccc(-c4ccc5c(c4)C(=O)N[*]C5=O)cc3C2=O)c1,518.65,train
698ddbe96c00d07d5428d0a6,[*]c1cc(C(=O)NCCCCCCCCCC)cc(N2C(=O)c3ccc(-c4ccc5c(c4)C(=O)N[*]C5=O)cc3C2=O)c1,518.25,train
698ddbe96c00d07d5428d0a7,[*]c1cc(C(=O)NCCCCCCCCCCCC)cc(N2C(=O)c3ccc(-c4ccc5c(c4)C(=O)N[*]C5=O)cc3C2=O)c1,516.25,train
698ddbe96c00d07d5428d0a8,[*]c1cc(C(=O)NCCCCCCCCCCCCCC)cc(N2C(=O)c3ccc(-c4ccc5c(c4)C(=O)N[*]C5=O)cc3C2=O)c1,520.75,train
698ddbe96c00d07d5428d0a9,[*]/C=C/C1CC[*]C2C(=O)N(CCCC)C(=O)C12,404.15,train
698ddbe96c00d07d5428d0aa,[*]/C=C/C1CC[*]C2C(=O)N(CCCCC)C(=O)C12,372.15,train
698ddbe96c00d07d5428d0ab,[*]/C=C/C1CC[*]C2C(=O)N(CCCCCC)C(=O)C12,360.15,train
698ddbe96c00d07d5428d0ac,[*]c1cccc(P(=O)(c2cccc(N3C(=O)c4ccc(Oc5ccc6c(c5)C(=O)N[*]C6=O)cc4C3=O)c2)c2cc(C(F)(F)F)cc(C(F)(F)F)c2)c1,501.15,train
698ddbe96c00d07d5428d0ad,[*]C(=O)c1ccc2c(c1)C(=O)N(c1cccc(P(=O)(c3cccc(N4C(=O)c5ccc[*]cc5C4=O)c3)c3cc(C(F)(F)F)cc(C(F)(F)F)c3)c1)C2=O,516.15,train
698ddbe96c00d07d5428d0ae,[*]c1ccc2c(c1)C(=O)N(c1cccc(P(=O)(c3cccc(N4C(=O)c5ccc(C[*](C(F)(F)F)C(F)(F)F)cc5C4=O)c3)c3cc(C(F)(F)F)cc(C(F)(F)F)c3)c1)C2=O,520.15,train
698ddbe96c00d07d5428d0af,[*]c1cccc(P(=O)(c2cccc(-n3c(=O)c4cc5c(=O)n[*]c(=O)c5cc4c3=O)c2)c2cc(C(F)(F)F)cc(C(F)(F)F)c2)c1,554.15,train
698ddbe96c00d07d5428d0b0,[*]c1cccc(P(=O)(c2ccc(C(F)(F)F)cc2)c2cccc(N3C(=O)c4ccc(Oc5ccc6c(c5)C(=O)N[*]C6=O)cc4C3=O)c2)c1,521.15,test
698ddbe96c00d07d5428d0b1,[*]C(=O)c1ccc2c(c1)C(=O)N(c1cccc(P(=O)(c3ccc(C(F)(F)F)cc3)c3cccc(N4C(=O)c5ccc[*]cc5C4=O)c3)c1)C2=O,537.15,train
698ddbe96c00d07d5428d0b2,[*]c1ccc2c(c1)C(=O)N(c1cccc(P(=O)(c3ccc(C(F)(F)F)cc3)c3cccc(N4C(=O)c5ccc(C[*](C(F)(F)F)C(F)(F)F)cc5C4=O)c3)c1)C2=O,533.15,train
698ddbe96c00d07d5428d0b3,[*]c1cccc(P(=O)(c2ccc(C(F)(F)F)cc2)c2cccc(-n3c(=O)c4cc5c(=O)n[*]c(=O)c5cc4c3=O)c2)c1,584.15,train
698ddbe96c00d07d5428d0b4,[*]c1cccc(P(=O)(c2ccccc2)c2cccc(N3C(=O)c4ccc(Oc5ccc6c(c5)C(=O)N[*]C6=O)cc4C3=O)c2)c1,524.15,train
698ddbe96c00d07d5428d0b5,[*]C(=O)c1ccc2c(c1)C(=O)N(c1cccc(P(=O)(c3ccccc3)c3cccc(N4C(=O)c5ccc[*]cc5C4=O)c3)c1)C2=O,546.15,train
698ddbe96c00d07d5428d0b6,[*]c1ccc2c(c1)C(=O)N(c1cccc(P(=O)(c3ccccc3)c3cccc(N4C(=O)c5ccc(C[*](C(F)(F)F)C(F)(F)F)cc5C4=O)c3)c1)C2=O,544.15,test
698ddbe96c00d07d5428d0b7,[*]c1cccc(P(=O)(c2ccccc2)c2cccc(-n3c(=O)c4cc5c(=O)n[*]c(=O)c5cc4c3=O)c2)c1,604.15,train
698ddbe96c00d07d5428d0b8,[*]c1ccc(C(c2ccccc2)(c2ccc(N3C(=O)c4ccc(Oc5ccc6c(c5)C(=O)N[*]C6=O)cc4C3=O)cc2)C(F)(F)F)cc1,566.15,train
698ddbe96c00d07d5428d0b9,[*]C(=O)c1ccc2c(c1)C(=O)N(c1ccc(C(c3ccccc3)(c3ccc(N4C(=O)c5ccc[*]cc5C4=O)cc3)C(F)(F)F)cc1)C2=O,584.15,train
698ddbe96c00d07d5428d0ba,[*]c1ccc(Oc2ccc(-c3nc4ccc(Oc5ccc(N6C(=O)c7ccc(C(c8ccc9c(c8)C(=O)N(c8ccc(Oc%10ccc%11nc[*]c(-c%12ccccc%12)nc%11c%10)cc8)C9=O)(C(F)(F)F)C(F)(F)F)cc7C6=O)cc5)cc4nc3-c3ccccc3)cc2)cc1,540.15,test
698ddbe96c00d07d5428d0bb,[*]C(=O)Nc1ccc(Oc2ccc(NC(=O)c3ccc4c(c3)C(=O)N(c3ccc(Oc5ccc(C6(c7ccc(Oc8ccc(N9C(=O)c%10ccc[*]cc%10C9=O)cc8)cc7)CC7CC6C6CCCC76)cc5)cc3)C4=O)cc2)cc1,523.15,train
698ddbe96c00d07d5428d0bc,[*]C(=O)Nc1ccc(Oc2ccc(Oc3ccc(NC(=O)c4ccc5c(c4)C(=O)N(c4ccc(Oc6ccc(C7(c8ccc(Oc9ccc(N%10C(=O)c%11ccc[*]cc%11C%10=O)cc9)cc8)CC8CC7C7CCCC87)cc6)cc4)C5=O)cc3)cc2)cc1,530.15,test
698ddbe96c00d07d5428d0bd,[*]C(=O)Nc1ccc(Oc2ccc(Oc3ccc(NC(=O)c4ccc5c(c4)C(=O)N(c4ccc(Oc6ccc(C7(c8ccc(Oc9ccc(N%10C(=O)c%11ccc[*]cc%11C%10=O)cc9)cc8)CC8CC7C7CCCC87)cc6)cc4)C5=O)cc3)c(C(C)(C)C)c2)cc1,548.15,val
698ddbe96c00d07d5428d0be,[*]C(=O)Nc1ccc(Oc2cc(C(C)(C)C)c(Oc3ccc(NC(=O)c4ccc5c(c4)C(=O)N(c4ccc(Oc6ccc(C7(c8ccc(Oc9ccc(N%10C(=O)c%11ccc[*]cc%11C%10=O)cc9)cc8)CC8CC7C7CCCC87)cc6)cc4)C5=O)cc3)cc2C(C)(C)C)cc1,563.15,train
698ddbe96c00d07d5428d0bf,[*]C(=O)Nc1ccc(Oc2ccc(-c3ccc(Oc4ccc(NC(=O)c5ccc6c(c5)C(=O)N(c5ccc(Oc7ccc(C8(c9ccc(Oc%10ccc(N%11C(=O)c%12ccc[*]cc%12C%11=O)cc%10)cc9)CC9CC8C8CCCC98)cc7)cc5)C6=O)cc4)cc3C)c(C)c2)cc1,538.15,test
698ddbe96c00d07d5428d0c0,[*]C(=O)Nc1ccc(Oc2ccc(C(c3ccc(Oc4ccc(NC(=O)c5ccc6c(c5)C(=O)N(c5ccc(Oc7ccc(C8(c9ccc(Oc%10ccc(N%11C(=O)c%12ccc[*]cc%12C%11=O)cc%10)cc9)CC9CC8C8CCCC98)cc7)cc5)C6=O)cc4)cc3)(C(F)(F)F)C(F)(F)F)cc2)cc1,527.15,train
698ddbe96c00d07d5428d0c1,[*]C(=O)Nc1ccc(Oc2c(C)cc(C(C)(C)c3cc(C)c(Oc4ccc(NC(=O)c5ccc6c(c5)C(=O)N(c5ccc(Oc7ccc(C8(c9ccc(Oc%10ccc(N%11C(=O)c%12ccc[*]cc%12C%11=O)cc%10)cc9)CC9CC8C8CCCC98)cc7)cc5)C6=O)cc4)c(C)c3)cc2C)cc1,549.15,train
698ddbe96c00d07d5428d0c2,[*]Oc1c(C)cc(C(C)(C)c2cc(C)c(ON3C(=O)c4ccc(Oc5ccc(C6(c7ccc(Oc8ccc9c(c8)C(=O)N[*]C9=O)cc7)CCC(C(C)(C)C)CC6)cc5)cc4C3=O)c(C)c2)cc1C,521.15,train
698ddbe96c00d07d5428d0c3,[*]c1ccc(Oc2ccc(C(c3ccc(Oc4ccc(N5C(=O)c6ccc(Oc7ccc(C8(c9ccc(Oc%10ccc%11c(c%10)C(=O)N[*]C%11=O)cc9)CCC(C(C)(C)C)CC8)cc7)cc6C5=O)cc4)cc3)(C(F)(F)F)C(F)(F)F)cc2)cc1,500.15,train
698ddbe96c00d07d5428d0c4,[*]c1ccc(Oc2ccc(Oc3ccc(N4C(=O)c5ccc(Oc6ccc(C7(c8ccc(Oc9ccc%10c(c9)C(=O)N[*]C%10=O)cc8)CCC(C(C)(C)C)CC7)cc6)cc5C4=O)cc3)c(C(C)(C)C)c2)cc1,506.15,train
698ddbe96c00d07d5428d0c5,[*]c1ccc(Oc2ccc(-c3ccc(Oc4ccc(N5C(=O)c6ccc(Oc7ccc(C8(c9ccc(Oc%10ccc%11c(c%10)C(=O)N[*]C%11=O)cc9)CCC(C(C)(C)C)CC8)cc7)cc6C5=O)cc4)cc3C)c(C)c2)cc1,509.15,train
698ddbe96c00d07d5428d0c6,[*]c1ccc(Oc2ccc(C3(c4ccc(Oc5ccc(N6C(=O)c7ccc(Oc8ccc(C9(c%10ccc(Oc%11ccc%12c(c%11)C(=O)N[*]C%12=O)cc%10)CCC(C(C)(C)C)CC9)cc8)cc7C6=O)cc5)cc4)C4CC5CC(C4)CC3C5)cc2)cc1,539.15,train
698ddbe96c00d07d5428d0c7,[*]c1ccc(Oc2ccc(C3(c4ccc(Oc5ccc(N6C(=O)c7ccc(Oc8ccc(C9(c%10ccc(Oc%11ccc%12c(c%11)C(=O)N[*]C%12=O)cc%10)CCC(C(C)(C)C)CC9)cc8)cc7C6=O)cc5)cc4)CC4CC3C3CCCC43)cc2)cc1,530.15,val
698ddbe96c00d07d5428d0c8,[*]CC(c1ccccc1)C1C(=O)N(C)C(=O)C1[*],478.15,test
698ddbe96c00d07d5428d0c9,[*]c1ccc(Oc2ccc(Oc3ccc(N4C(=O)c5ccc(Oc6ccc(C(c7ccccc7)(c7ccccc7)c7ccc(Oc8ccc9c(c8)C(=O)N[*]C9=O)cc7)cc6)cc5C4=O)cc3)c(C(C)(C)C)c2)cc1,502.15,test
698ddbe96c00d07d5428d0ca,[*]CCCCOC(=O)OCCCCN1C(=O)c2ccc(-c3ccc4c(c3)C(=O)N[*]C4=O)cc2C1=O,377.15,train
698ddbe96c00d07d5428d0cb,[*]CCCCCOC(=O)OCCCCCN1C(=O)c2ccc(-c3ccc4c(c3)C(=O)N[*]C4=O)cc2C1=O,357.15,val
698ddbe96c00d07d5428d0cc,[*]CCCCCCOC(=O)OCCCCCCN1C(=O)c2ccc(-c3ccc4c(c3)C(=O)N[*]C4=O)cc2C1=O,344.15,train
698ddbe96c00d07d5428d0cd,[*]CCCCCOC(=O)OCCCCCN1C(=O)c2ccc(C(=O)c3ccc4c(c3)C(=O)N[*]C4=O)cc2C1=O,350.15,train
698ddbe96c00d07d5428d0ce,[*]CCCCCCOC(=O)OCCCCCCN1C(=O)c2ccc(C(=O)c3ccc4c(c3)C(=O)N[*]C4=O)cc2C1=O,349.15,val
698ddbe96c00d07d5428d0cf,[*]CCCCCCOC(=O)OCCCCCCN1C(=O)c2ccc(-c3ccc(-c4ccc5c(c4)C(=O)N[*]C5=O)cc3)cc2C1=O,346.15,train
698ddbe96c00d07d5428d0d0,[*]c1ccc(N2C(=O)CC(C3C=C(C)C4C(=O)N[*]C(=O)C4C3)C2=O)cc1,600.15,test
698ddbe96c00d07d5428d0d1,[*]c1ccc(OCCCCCCCCCCCCCCCC)c(N2C(=O)CC(C3C=C(C)C4C(=O)N[*]C(=O)C4C3)C2=O)c1,459.15,train
698ddbe96c00d07d5428d0d2,[*]c1ccc2c(c1)C(=O)N(c1ccc(N(c3ccc(/C=C/c4ccc([N+](=O)[O-])cc4)cc3)c3ccc(N4C(=O)c5ccc(C[*](C(F)(F)F)C(F)(F)F)cc5C4=O)cc3)cc1)C2=O,563.15,train
698ddbe96c00d07d5428d0d3,[*]c1ccc(Oc2ccc3c(c2)C(=O)N[*]C3=O)cc1,539.15,train
698ddbe96c00d07d5428d0d4,[*]c1ccc(-c2ccc(-c3ccc(-c4ccc(-c5ccc6c(c5)C(=O)N(c5ccc(Oc7ccc(N8C(=O)c9ccc[*]cc9C8=O)cc7)cc5)C6=O)cc4)cc3)cc2)cc1,517.15,train
698ddbe96c00d07d5428d0d5,[*]c1ccc(Cc2ccc(N3C(=O)c4ccc(-c5ccc(-c6ccc(-c7ccc(-c8ccc(-c9ccc%10c(c9)C(=O)N[*]C%10=O)cc8)cc7)cc6)cc5)cc4C3=O)cc2)cc1,517.15,train
698ddbe96c00d07d5428d0d6,[*]c1ccc(-c2ccc(-c3ccc(-c4ccc(-c5ccc6c(c5)C(=O)N(c5cccc(N7C(=O)c8ccc[*]cc8C7=O)c5)C6=O)cc4)cc3)cc2)cc1,510.15,train
698ddbe96c00d07d5428d0d7,[*]c1ccc(-c2ccc(-c3ccc(-c4ccc(-c5ccc6c(c5)C(=O)N(c5ccc(Oc7ccc(C(C)(C)c8ccc(Oc9ccc(N%10C(=O)c%11ccc[*]cc%11C%10=O)cc9)cc8)cc7)cc5)C6=O)cc4)cc3)cc2)cc1,509.15,train
698ddbe96c00d07d5428d0d8,[*]CC(=O)Nc1ccc(Oc2ccc(Oc3ccc(NC(=O)CN4C(=O)c5ccc(C(c6ccc7c(c6)C(=O)N[*]C7=O)(C(F)(F)F)C(F)(F)F)cc5C4=O)cc3)cc2)cc1,515.15,train
698ddbe96c00d07d5428d0d9,[*]CC(=O)Nc1ccc(Oc2cccc(Oc3ccc(NC(=O)CN4C(=O)c5ccc(C(c6ccc7c(c6)C(=O)N[*]C7=O)(C(F)(F)F)C(F)(F)F)cc5C4=O)cc3)c2)cc1,494.15,train
698ddbe96c00d07d5428d0da,[*]CC(=O)Nc1ccc(Oc2ccc(-c3ccc(Oc4ccc(NC(=O)CN5C(=O)c6ccc(C(c7ccc8c(c7)C(=O)N[*]C8=O)(C(F)(F)F)C(F)(F)F)cc6C5=O)cc4)cc3)cc2)cc1,518.15,train
698ddbe96c00d07d5428d0db,[*]CC(=O)Nc1ccc(Oc2ccc(S(=O)(=O)c3ccc(Oc4ccc(NC(=O)CN5C(=O)c6ccc(C(c7ccc8c(c7)C(=O)N[*]C8=O)(C(F)(F)F)C(F)(F)F)cc6C5=O)cc4)cc3)cc2)cc1,514.15,train
698ddbe96c00d07d5428d0dc,[*]CC(=O)Nc1ccc(Oc2ccc(C(C)(C)c3ccc(Oc4ccc(NC(=O)CN5C(=O)c6ccc(C(c7ccc8c(c7)C(=O)N[*]C8=O)(C(F)(F)F)C(F)(F)F)cc6C5=O)cc4)cc3)cc2)cc1,497.15,train
698ddbe96c00d07d5428d0dd,[*]c1ccc(-c2nc3cc(Oc4ccc(NC(=O)CN5C(=O)c6ccc(C(c7ccc8c(c7)C(=O)N(CC(=O)Nc7ccc(Oc9ccc%10nc(-c%11ccccc%11)c[*]nc%10c9)cc7)C8=O)(C(F)(F)F)C(F)(F)F)cc6C5=O)cc4)ccc3nc2-c2ccccc2)cc1,553.15,train
698ddbe96c00d07d5428d0de,[*]c1ccc(Oc2ccc(-c3nc4cc(Oc5ccc(NC(=O)CN6C(=O)c7ccc(C(c8ccc9c(c8)C(=O)N(CC(=O)Nc8ccc(Oc%10ccc%11nc(-c%12ccccc%12)c[*]nc%11c%10)cc8)C9=O)(C(F)(F)F)C(F)(F)F)cc7C6=O)cc5)ccc4nc3-c3ccccc3)cc2)cc1,533.15,train
698ddbe96c00d07d5428d0df,[*]c1ccc(-c2nc3cc(Oc4ccc(NC(=O)CN5C(=O)c6ccc(C(c7ccc8c(c7)C(=O)N(CC(=O)Nc7ccc(Oc9ccc%10nc(-c%11ccccc%11)c(-c%11ccc(-n%12c(=O)c%13ccc%14c(=O)n[*]c(=O)c%15ccc(c%12=O)c%13c%14%15)cc%11)nc%10c9)cc7)C8=O)(C(F)(F)F)C(F)(F)F)cc6C5=O)cc4)ccc3nc2-c2ccccc2)cc1,579.15,train
698ddbe96c00d07d5428d0e0,[*]c1ccc(NC(=O)CN2C(=O)c3ccc(C(c4ccc5c(c4)C(=O)N(CC(=O)Nc4ccc(-c6nnc[*]o6)cc4)C5=O)(C(F)(F)F)C(F)(F)F)cc3C2=O)cc1,553.15,train
698ddbe96c00d07d5428d0e1,[*]c1ccc(Oc2ccc(NC(=O)CN3C(=O)c4ccc(C(c5ccc6c(c5)C(=O)N(CC(=O)Nc5ccc(Oc7ccc(-c8nnc[*]o8)cc7)cc5)C6=O)(C(F)(F)F)C(F)(F)F)cc4C3=O)cc2)cc1,536.15,train
698ddbe96c00d07d5428d0e2,[*]CN1C(=O)c2ccc(C(c3ccc4c(c3)C(=O)N(Cc3nnc(-c5ccc(-c6nnc[*]o6)cc5)o3)C4=O)(C(F)(F)F)C(F)(F)F)cc2C1=O,487.15,train
698ddbe96c00d07d5428d0e3,[*]CN1C(=O)c2ccc(C(c3ccc4c(c3)C(=O)N(Cc3nnc(-c5ccc(Oc6ccc(-c7nnc[*]o7)cc6)cc5)o3)C4=O)(C(F)(F)F)C(F)(F)F)cc2C1=O,483.15,train
698ddbe96c00d07d5428d0e4,[*]CN1C(=O)c2ccc(C(c3ccc4c(c3)C(=O)N(Cc3nnc(-c5ccc(-c6nnc[*]o6)c(Oc6ccccc6)c5)o3)C4=O)(C(F)(F)F)C(F)(F)F)cc2C1=O,481.15,train
698ddbe96c00d07d5428d0e6,[*]CN1C(=O)c2ccc(C(c3ccc4c(c3)C(=O)N(Cc3nc5ccc(Cc6ccc7nc[*]oc(=O)c7c6)cc5c(=O)o3)C4=O)(C(F)(F)F)C(F)(F)F)cc2C1=O,491.15,val
698ddbe96c00d07d5428d0e7,[*]c1ccc2c(c1)C(=O)N(c1ccc(C(=O)Nc3ccc(Oc4ccc(-c5ccc(Oc6ccc(NC(=O)c7ccc(N8C(=O)c9ccc(C[*](C(F)(F)F)C(F)(F)F)cc9C8=O)cc7)cc6)cc5)cc4)cc3)cc1)C2=O,569.15,train
698ddbe96c00d07d5428d0e8,[*]CCCCCOC(=O)CCCCCCCCCCN1C(=O)c2ccc(-c3ccc(-c4ccc5c(c4)C(=O)N(CCCCCCCCCCC(=O)OCCCCCN4C(=O)c6ccc(-c7ccc8c(c7)C(=O)N[*]C8=O)cc6C4=O)C5=O)cc3)cc2C1=O,314.15,train
698ddbe96c00d07d5428d0e9,[*]c1ccc(Oc2ccc(C3(c4ccc(Oc5ccc(N6C(=O)c7ccc(Oc8ccc(C9(c%10ccc(Oc%11ccc%12c(c%11)C(=O)N[*]C%12=O)cc%10)CCC(c%10ccccc%10)CC9)cc8)cc7C6=O)cc5)cc4)CCC(C(C)(C)C)CC3)cc2)cc1,516.15,train
698ddbe96c00d07d5428d0ea,[*]c1ccc(Oc2c(C)cc(C(C)(C)c3cc(C)c(Oc4ccc(N5C(=O)c6ccc(Oc7ccc(C8(c9ccc(Oc%10ccc%11c(c%10)C(=O)N[*]C%11=O)cc9)CCC(c9ccccc9)CC8)cc7)cc6C5=O)cc4)c(C)c3)cc2C)cc1,505.15,train
698ddbe96c00d07d5428d0eb,[*]c1ccc(Oc2ccc(C3(c4ccc(Oc5ccc(N6C(=O)c7ccc(Oc8ccc(C9(c%10ccc(Oc%11ccc%12c(c%11)C(=O)N[*]C%12=O)cc%10)CCC(c%10ccccc%10)CC9)cc8)cc7C6=O)cc5)cc4)CC4CCC3C4)cc2)cc1,518.15,test
698ddbe96c00d07d5428d0ec,[*]c1ccc(Oc2ccc(Oc3ccc(N4C(=O)c5ccc(Oc6ccc(C7(c8ccc(Oc9ccc%10c(c9)C(=O)N[*]C%10=O)cc8)CCC(c8ccccc8)CC7)cc6)cc5C4=O)cc3)c(C(C)(C)C)c2)cc1,509.15,train
698ddbe96c00d07d5428d0ed,[*]c1ccc(Oc2ccc(-c3ccc(Oc4ccc(N5C(=O)c6ccc(Oc7ccc(C8(c9ccc(Oc%10ccc%11c(c%10)C(=O)N[*]C%11=O)cc9)CCC(c9ccccc9)CC8)cc7)cc6C5=O)cc4)cc3C)c(C)c2)cc1,499.15,train
698ddbe96c00d07d5428d0ee,[*]c1ccc(Cc2ccc(N3C(=O)c4ccc(Oc5ccc(C6(c7ccc(Oc8ccc9c(c8)C(=O)N[*]C9=O)cc7)CCC(c7ccccc7)CC6)cc5)cc4C3=O)cc2)cc1,505.15,train
698ddbe96c00d07d5428d0ef,[*]c1ccc(Oc2ccc(N3C(=O)c4ccc(Oc5ccc(C6(c7ccc(Oc8ccc9c(c8)C(=O)N[*]C9=O)cc7)CCC(c7ccccc7)CC6)cc5)cc4C3=O)cc2)cc1,509.15,train
698ddbe96c00d07d5428d0f0,[*]c1ccc(Oc2ccccc2Oc2ccc(-n3c(=O)c4cc5c(=O)n[*]c(=O)c5cc4c3=O)cc2)cc1,586.15,train
698ddbe96c00d07d5428d0f1,[*]c1ccc(Oc2ccc(Oc3ccc(-n4c(=O)c5cc6c(=O)n[*]c(=O)c6cc5c4=O)cc3)cc2C)cc1,583.15,train
698ddbe96c00d07d5428d0f2,[*]c1ccc(Oc2ccc(Oc3ccc(-n4c(=O)c5cc6c(=O)n[*]c(=O)c6cc5c4=O)cc3)cc2C(C)(C)C)cc1,587.15,train
698ddbe96c00d07d5428d0f3,[*]c1ccc(Oc2ccc(Oc3ccc(-n4c(=O)c5cc6c(=O)n[*]c(=O)c6cc5c4=O)cc3)cc2-c2ccccc2)cc1,544.15,train
698ddbe96c00d07d5428d0f4,[*]c1ccc(Oc2cc(C(C)(C)C)ccc2Oc2ccc(-n3c(=O)c4cc5c(=O)n[*]c(=O)c5cc4c3=O)cc2)cc1,594.15,train
698ddbe96c00d07d5428d0f5,[*]c1ccc(Oc2ccc(Oc3ccc(N4C(=O)c5ccc(-c6ccc7c(c6)C(=O)N[*]C7=O)cc5C4=O)cc3)cc2)cc1,538.15,test
698ddbe96c00d07d5428d0f6,[*]c1ccc(Oc2ccccc2Oc2ccc(N3C(=O)c4ccc(-c5ccc6c(c5)C(=O)N[*]C6=O)cc4C3=O)cc2)cc1,514.15,test
698ddbe96c00d07d5428d0f7,[*]c1ccc(Oc2ccc(Oc3ccc(N4C(=O)c5ccc(-c6ccc7c(c6)C(=O)N[*]C7=O)cc5C4=O)cc3)c(C)c2)cc1,538.15,train
698ddbe96c00d07d5428d0f8,[*]c1ccc(Oc2ccc(Oc3ccc(N4C(=O)c5ccc(-c6ccc7c(c6)C(=O)N[*]C7=O)cc5C4=O)cc3)c(C(C)(C)C)c2)cc1,547.15,train
698ddbe96c00d07d5428d0f9,[*]c1ccc(Oc2ccc(Oc3ccc(N4C(=O)c5ccc(-c6ccc7c(c6)C(=O)N[*]C7=O)cc5C4=O)cc3)c(-c3ccccc3)c2)cc1,520.15,test
698ddbe96c00d07d5428d0fa,[*]c1ccc(Oc2cc(C(C)(C)C)ccc2Oc2ccc(N3C(=O)c4ccc(-c5ccc6c(c5)C(=O)N[*]C6=O)cc4C3=O)cc2)cc1,530.15,train
698ddbe96c00d07d5428d0fb,[*]c1ccc(Oc2ccc(Oc3ccc(Oc4ccc(N5C(=O)c6ccc(-c7ccc8c(c7)C(=O)N[*]C8=O)cc6C5=O)cc4)cc3)cc2)cc1,501.65999999999997,train
698ddbe96c00d07d5428d0fc,[*]c1ccc(Oc2ccc(-c3ccc(Oc4ccc(N5C(=O)c6ccc(Oc7cccc(Oc8ccc9c(c8)C(=O)N[*]C9=O)c7)cc6C5=O)cc4)cc3)cc2)cc1,473.15,val
698ddbe96c00d07d5428d0fd,[*]c1ccc(Cc2ccc(-n3c(=O)c4cc5c(=O)n[*]c(=O)c5cc4c3=O)c(C(C)(C)C)c2)cc1C(C)(C)C,490.15,train
698ddbe96c00d07d5428d0fe,[*]c1ccc(Cc2ccc(N3C(=O)c4ccc(-c5ccc6c(c5)C(=O)N[*]C6=O)cc4C3=O)c(C(C)(C)C)c2)cc1C(C)(C)C,597.15,train
698ddbe96c00d07d5428d0ff,[*]C(=O)c1ccc2c(c1)C(=O)N(c1ccc(Cc3ccc(N4C(=O)c5ccc[*]cc5C4=O)c(C(C)(C)C)c3)cc1C(C)(C)C)C2=O,486.15,train
698ddbe96c00d07d5428d100,[*]c1ccc(Cc2ccc(N3C(=O)c4ccc(Oc5ccc6c(c5)C(=O)N[*]C6=O)cc4C3=O)c(C(C)(C)C)c2)cc1C(C)(C)C,489.15,train
698ddbe96c00d07d5428d101,[*]c1ccc(Oc2ccc(C3(c4ccc(Oc5ccc(N6C(=O)c7ccc(Oc8ccc(C9(c%10ccc(Oc%11ccc%12c(c%11)C(=O)N[*]C%12=O)cc%10)CCC(c%10ccccc%10)CC9)cc8)cc7C6=O)cc5)cc4)CC4CC3C3CCCC43)cc2)cc1,528.15,train
698ddbe96c00d07d5428d102,[*]c1cccc(P(C)(=O)c2cccc(N3C(=O)c4ccc(Oc5ccc(C(C)(C)c6ccc(Oc7ccc8c(c7)C(=O)N[*]C8=O)cc6)cc5)cc4C3=O)c2)c1,501.15,train
698ddbe96c00d07d5428d103,[*]c1cccc(P(=O)(c2ccccc2)c2cccc(N3C(=O)c4ccc(Oc5ccc(C(C)(C)c6ccc(Oc7ccc8c(c7)C(=O)N[*]C8=O)cc6)cc5)cc4C3=O)c2)c1,486.15,test
698ddbe96c00d07d5428d104,[*]c1ccc(NC2CC(=O)N(c3ccc(-c4sc(-c5ccc(N6C(=O)CC(Nc7ccc(-c8nc(-c9ccc(/C=C/c%10ccc([N+](=O)[O-])cc%10)s9)[nH]c8[*])cc7)C6=O)cc5)c(-c5ccccc5)c4-c4ccccc4)cc3)C2=O)cc1,577.15,train
698ddbe96c00d07d5428d105,[*]c1cccc(Oc2ccc(P(=O)(c3ccccc3)c3ccccc3)c(Oc3cccc(N4C(=O)c5ccc(Oc6ccc7c(c6)C(=O)N[*]C7=O)cc5C4=O)c3)c2)c1,485.15,train
698ddbe96c00d07d5428d106,[*]c1cccc(Oc2ccc(P(=O)(c3ccccc3)c3ccccc3)c(Oc3cccc(N4C(=O)c5ccc(Oc6ccc(-c7ccc(Oc8ccc9c(c8)C(=O)N[*]C9=O)cc7)cc6)cc5C4=O)c3)c2)c1,500.15,train
698ddbe96c00d07d5428d107,[*]c1ccc2c(c1)C(=O)N(c1cccc(Oc3cc(Oc4cccc(N5C(=O)c6ccc(C[*](C(F)(F)F)C(F)(F)F)cc6C5=O)c4)ccc3P(=O)(c3ccccc3)c3ccccc3)c1)C2=O,503.15,val
698ddbe96c00d07d5428d108,[*]c1cccc(Oc2ccc(P(=O)(c3ccccc3)c3ccccc3)c(Oc3cccc(N4C(=O)c5ccc(-c6ccc7c(c6)C(=O)N[*]C7=O)cc5C4=O)c3)c2)c1,507.15,val
698ddbe96c00d07d5428d109,[*]c1cccc(Oc2ccc(P(=O)(c3ccccc3)c3ccccc3)c(Oc3cccc(-n4c(=O)c5cc6c(=O)n[*]c(=O)c6cc5c4=O)c3)c2)c1,524.15,train
698ddbe96c00d07d5428d10a,[*]c1ccc2c(c1)C(=O)N(c1ccc(C(=O)Nc3ccc(C(c4ccc(NC(=O)c5ccc(N6C(=O)c7ccc(C[*](C(F)(F)F)C(F)(F)F)cc7C6=O)cc5)cc4)(C(F)(F)F)C(F)(F)F)cc3)cc1)C2=O,624.15,train
698ddbe96c00d07d5428d10b,[*]c1ccc2c(c1)C(=O)N(c1ccc(C(=O)Nc3ccc(C(c4ccc(NC(=O)c5ccc(N6C(=O)c7ccc(C[*](C(F)(F)F)C(F)(F)F)cc7C6=O)c(C)c5)cc4)(C(F)(F)F)C(F)(F)F)cc3)cc1C)C2=O,617.15,train
698ddbe96c00d07d5428d10c,[*]C(=O)Nc1ccc(Cc2ccc(NC(=O)c3ccc4c(c3)C(=O)N(c3c(C)cc(-c5cc(C)c(N6C(=O)c7ccc[*]cc7C6=O)c(C)c5)cc3C)C4=O)c(C)c2)cc1C,602.15,train
698ddbe96c00d07d5428d10d,[*]c1ccc2c(c1)C(=O)N(c1cc(C(=O)Oc3ccc(C(c4ccc(OC(=O)c5ccc(C)c(N6C(=O)c7ccc(C[*](C(F)(F)F)C(F)(F)F)cc7C6=O)c5)cc4)(C(F)(F)F)C(F)(F)F)cc3)ccc1C)C2=O,562.15,test
698ddbe96c00d07d5428d10e,[*]C(=O)Oc1ccc(C(c2ccc(OC(=O)c3ccc4c(c3)C(=O)N(c3c(C)cc(-c5cc(C)c(N6C(=O)c7ccc[*]cc7C6=O)c(C)c5)cc3C)C4=O)cc2)(C(F)(F)F)C(F)(F)F)cc1,608.15,test
698ddbe96c00d07d5428d10f,[*]C(=O)Oc1c(C)cc(C(c2cc(C)c(OC(=O)c3ccc4c(c3)C(=O)N(c3c(C)cc(-c5cc(C)c(N6C(=O)c7ccc[*]cc7C6=O)c(C)c5)cc3C)C4=O)c(C)c2)(C(F)(F)F)C(F)(F)F)cc1C,600.15,train
698ddbe96c00d07d5428d110,[*]c1ccc2c(c1)C(=O)N(c1c(C)cc(-c3cc(C)c(-c4cc(C)c(N5C(=O)c6ccc(C[*](C(F)(F)F)C(F)(F)F)cc6C5=O)c(C)c4)cc3C)cc1C)C2=O,634.15,test
698ddbe96c00d07d5428d111,[*]c1cccc(C(c2ccccc2)(c2cccc(N3C(=O)c4ccc(Oc5ccc6c(c5)C(=O)N[*]C6=O)cc4C3=O)c2)C(F)(F)F)c1,566.15,test
698ddbe96c00d07d5428d112,[*]C(=O)c1ccc2c(c1)C(=O)N(c1cccc(C(c3ccccc3)(c3cccc(N4C(=O)c5ccc[*]cc5C4=O)c3)C(F)(F)F)c1)C2=O,584.15,test
698ddbe96c00d07d5428d113,[*]c1ccc2c(c1)C(=O)N(c1cccc(C(c3ccccc3)(c3cccc(N4C(=O)c5ccc(C[*](C(F)(F)F)C(F)(F)F)cc5C4=O)c3)C(F)(F)F)c1)C2=O,578.15,train
698ddbe96c00d07d5428d114,[*]CCN(CCN1C(=O)c2ccc(C(c3ccc4c(c3)C(=O)N[*]C4=O)(C(F)(F)F)C(F)(F)F)cc2C1=O)c1ccc(/C=C/C2=CC(=C(C#N)C#N)CC(C)(C)C2)cc1,497.15,train
698ddbe96c00d07d5428d115,[*]CCN(CCN1C(=O)c2ccc(C(c3ccc4c(c3)C(=O)N[*]C4=O)(C(F)(F)F)C(F)(F)F)cc2C1=O)c1ccc(/N=N/c2ccc([N+](=O)[O-])cc2)cc1,483.15,train
698ddbe96c00d07d5428d116,[*]CCN(CCN1C(=O)c2ccc(C(c3ccc4c(c3)C(=O)N[*]C4=O)(C(F)(F)F)C(F)(F)F)cc2C1=O)c1ccc(/N=N/c2ccc([N+](=O)[O-])cc2C)cc1,478.15,train
698ddbe96c00d07d5428d117,[*]CCN(CCN1C(=O)c2ccc(C(c3ccc4c(c3)C(=O)N[*]C4=O)(C(F)(F)F)C(F)(F)F)cc2C1=O)c1ccc(/N=N/c2ccc(C#N)cc2)cc1,486.15,train
698ddbe96c00d07d5428d118,[*]c1ccc2c(c1)C(=O)N(c1ccc(C(=O)Nc3ccc(Oc4ccc(Oc5ccc(NC(=O)c6ccc(N7C(=O)c8ccc(C[*](C(F)(F)F)C(F)(F)F)cc8C7=O)cc6)cc5)cc4)cc3)cc1)C2=O,576.15,val
698ddbe96c00d07d5428d119,[*]c1ccc2c(c1)C(=O)N(c1ccc(C(=O)Nc3ccc(Oc4cccc(Oc5ccc(NC(=O)c6ccc(N7C(=O)c8ccc(C[*](C(F)(F)F)C(F)(F)F)cc8C7=O)cc6)cc5)c4)cc3)cc1)C2=O,559.15,train
698ddbe96c00d07d5428d11a,[*]c1ccc2c(c1)C(=O)N(c1ccc(C(=O)Nc3ccc(Oc4ccccc4Oc4ccc(NC(=O)c5ccc(N6C(=O)c7ccc(C[*](C(F)(F)F)C(F)(F)F)cc7C6=O)cc5)cc4)cc3)cc1)C2=O,554.15,train
698ddbe96c00d07d5428d11b,[*]c1ccc2c(c1)C(=O)N(c1ccc(C(=O)Nc3ccc(Oc4ccc(C(c5ccc(Oc6ccc(NC(=O)c7ccc(N8C(=O)c9ccc(C[*](C(F)(F)F)C(F)(F)F)cc9C8=O)cc7)cc6)cc5)(C(F)(F)F)C(F)(F)F)cc4)cc3)cc1)C2=O,566.15,train
698ddbe96c00d07d5428d11c,[*]c1ccc2c(c1)C(=O)N(c1cccc(C(=O)Nc3ccc(-c4ccc(NC(=O)c5cccc(N6C(=O)c7ccc(C[*](C(F)(F)F)C(F)(F)F)cc7C6=O)c5)cc4)cc3)c1)C2=O,597.15,train
698ddbe96c00d07d5428d11d,[*]c1ccc2c(c1)C(=O)N(c1cccc(C(=O)Nc3ccc(NC(=O)c4ccc(NC(=O)c5cccc(N6C(=O)c7ccc(C[*](C(F)(F)F)C(F)(F)F)cc7C6=O)c5)cc4)cc3)c1)C2=O,601.15,train
698ddbe96c00d07d5428d11e,[*]c1ccc2c(c1)C(=O)N(c1cccc(C(=O)Nc3ccc(Oc4ccc(Oc5ccc(NC(=O)c6cccc(N7C(=O)c8ccc(C[*](C(F)(F)F)C(F)(F)F)cc8C7=O)c6)cc5)cc4)cc3)c1)C2=O,556.15,train
698ddbe96c00d07d5428d11f,[*]c1ccc2c(c1)C(=O)N(c1cccc(C(=O)Nc3ccc(Oc4cccc(Oc5ccc(NC(=O)c6cccc(N7C(=O)c8ccc(C[*](C(F)(F)F)C(F)(F)F)cc8C7=O)c6)cc5)c4)cc3)c1)C2=O,537.15,train
698ddbe96c00d07d5428d120,[*]c1ccc2c(c1)C(=O)N(c1cccc(C(=O)Nc3ccc(Oc4ccccc4Oc4ccc(NC(=O)c5cccc(N6C(=O)c7ccc(C[*](C(F)(F)F)C(F)(F)F)cc7C6=O)c5)cc4)cc3)c1)C2=O,538.15,test
698ddbe96c00d07d5428d121,[*]c1ccc2c(c1)C(=O)N(c1cccc(C(=O)Nc3ccc(Oc4ccc(-c5ccc(Oc6ccc(NC(=O)c7cccc(N8C(=O)c9ccc(C[*](C(F)(F)F)C(F)(F)F)cc9C8=O)c7)cc6)cc5)cc4)cc3)c1)C2=O,553.15,train
698ddbe96c00d07d5428d122,[*]c1ccc2c(c1)C(=O)N(c1cccc(C(=O)Nc3ccc(Oc4ccc(C(C)(C)c5ccc(Oc6ccc(NC(=O)c7cccc(N8C(=O)c9ccc(C[*](C(F)(F)F)C(F)(F)F)cc9C8=O)c7)cc6)cc5)cc4)cc3)c1)C2=O,532.15,test
698ddbe96c00d07d5428d123,[*]c1ccc2c(c1)C(=O)N(c1cccc(C(=O)Nc3ccc(Oc4ccc(C(c5ccc(Oc6ccc(NC(=O)c7cccc(N8C(=O)c9ccc(C[*](C(F)(F)F)C(F)(F)F)cc9C8=O)c7)cc6)cc5)(C(F)(F)F)C(F)(F)F)cc4)cc3)c1)C2=O,539.15,train
698ddbe96c00d07d5428d124,[*]c1ccc(Oc2ccc(C(c3ccc(Oc4ccc(N5C(=O)c6ccc(Oc7c(C)cc(C(C)(C)c8cc(C)c(Oc9ccc%10c(c9)C(=O)N[*]C%10=O)c(C)c8)cc7C)cc6C5=O)cc4)cc3)(C(F)(F)F)C(F)(F)F)cc2)cc1,517.15,test
698ddbe96c00d07d5428d125,[*]c1ccc(Oc2ccc(Oc3ccc(N4C(=O)c5ccc(Oc6c(C)cc(C(C)(C)c7cc(C)c(Oc8ccc9c(c8)C(=O)N[*]C9=O)c(C)c7)cc6C)cc5C4=O)cc3)c(C(C)(C)C)c2)cc1,517.15,train
698ddbe96c00d07d5428d126,[*]c1ccc(-c2ccc(N3C(=O)c4ccc(Oc5c(C)cc(C(C)(C)c6cc(C)c(Oc7ccc8c(c7)C(=O)N[*]C8=O)c(C)c6)cc5C)cc4C3=O)cc2C(F)(F)F)c(C(F)(F)F)c1,535.15,train
698ddbe96c00d07d5428d127,[*]c1ccc(Oc2ccc(-c3ccc(Oc4ccc(N5C(=O)c6ccc(Oc7c(C)cc(C(C)(C)c8cc(C)c(Oc9ccc%10c(c9)C(=O)N[*]C%10=O)c(C)c8)cc7C)cc6C5=O)cc4)cc3C)c(C)c2)cc1,530.15,val
698ddbe96c00d07d5428d128,[*]c1ccc(Oc2ccc(C3(c4ccc(Oc5ccc(N6C(=O)c7ccc(Oc8c(C)cc(C(C)(C)c9cc(C)c(Oc%10ccc%11c(c%10)C(=O)N[*]C%11=O)c(C)c9)cc8C)cc7C6=O)cc5)cc4)C4CC5CC(C4)CC3C5)cc2)cc1,555.15,train
698ddbe96c00d07d5428d129,[*]c1ccc(Oc2ccc(C3(c4ccc(Oc5ccc(N6C(=O)c7ccc(Oc8c(C)cc(C(C)(C)c9cc(C)c(Oc%10ccc%11c(c%10)C(=O)N[*]C%11=O)c(C)c9)cc8C)cc7C6=O)cc5)cc4)CC4CCC3C4)cc2)cc1,538.15,test
698ddbe96c00d07d5428d12a,[*]c1ccc2c(c1)C(=O)N(c1ccc(Oc3ccccc3-c3ccccc3Oc3ccc(N4C(=O)c5ccc(C[*](C(F)(F)F)C(F)(F)F)cc5C4=O)cc3)cc1)C2=O,351.15,train
698ddbe96c00d07d5428d12b,[*]c1ccc(Oc2ccc(-c3ccc(Oc4ccc(N5C(=O)c6ccc(Oc7ccc8c(c7)C(=O)N[*]C8=O)cc6C5=O)cc4)cc3)cc2)cc1,518.15,test
698ddbe96c00d07d5428d12c,[*]c1ccc(Oc2ccc(C3(c4ccc(Oc5ccc(N6C(=O)c7ccc(Oc8c(C)cc(C(C)(C)c9cc(C)c(Oc%10ccc%11c(c%10)C(=O)N[*]C%11=O)c(C)c9)cc8C)cc7C6=O)cc5)cc4)CC4CC3C3CCCC43)cc2)cc1,535.15,train
698ddbe96c00d07d5428d12d,[*]c1ccc(Oc2ccc(N3C(=O)C4CCC(C5CCC6C(=O)N[*]C(=O)C6C5)CC4C3=O)cc2)cc1,530.15,train
698ddbe96c00d07d5428d12e,[*]c1ccc(Cc2ccc(N3C(=O)C4CCC(C5CCC6C(=O)N[*]C(=O)C6C5)CC4C3=O)cc2)cc1,533.15,train
698ddbe96c00d07d5428d12f,[*]c1ccc(Oc2ccc(Oc3ccc(N4C(=O)C5CCC(C6CCC7C(=O)N[*]C(=O)C7C6)CC5C4=O)cc3)cc2)cc1,511.15,train
698ddbe96c00d07d5428d130,[*]c1ccc(Oc2cccc(Oc3ccc(N4C(=O)C5CCC(C6CCC7C(=O)N[*]C(=O)C7C6)CC5C4=O)cc3)c2)cc1,488.15,train
698ddbe96c00d07d5428d131,[*]c1ccc(Oc2ccc(C(C)(C)c3ccc(Oc4ccc(N5C(=O)C6CCC(C7CCC8C(=O)N[*]C(=O)C8C7)CC6C5=O)cc4)cc3)cc2)cc1,498.15,train
698ddbe96c00d07d5428d132,[*]c1ccc(Oc2ccc(S(=O)(=O)c3ccc(Oc4ccc(N5C(=O)C6CCC(C7CCC8C(=O)N[*]C(=O)C8C7)CC6C5=O)cc4)cc3)cc2)cc1,529.65,train
698ddbe96c00d07d5428d133,[*]c1ccc(Oc2ccc(Oc3ccc(Oc4ccc(N5C(=O)C6CCC(C7CCC8C(=O)N[*]C(=O)C8C7)CC6C5=O)cc4)cc3)cc2)cc1,490.15,train
698ddbe96c00d07d5428d134,[*]c1cccc(N2C(=O)C3CCC(C4CCC5C(=O)N[*]C(=O)C5C4)CC3C2=O)c1,536.15,test
698ddbe96c00d07d5428d135,[*]C(=O)c1ccc2c(c1)C(=O)N(c1cc(C(c3ccc(O)c(N4C(=O)c5ccc[*]cc5C4=O)c3)(C(F)(F)F)C(F)(F)F)ccc1O)C2=O,588.15,test
698ddbe96c00d07d5428d136,[*]c1ccc2c(c1)C(=O)N(c1cc(-c3ccc(O)c(N4C(=O)c5ccc(C[*](C(F)(F)F)C(F)(F)F)cc5C4=O)c3)ccc1O)C2=O,643.15,train
698ddbe96c00d07d5428d137,[*]C(=O)c1ccc2c(c1)C(=O)N(c1ccc(-c3ccc(N4C(=O)c5ccc[*]cc5C4=O)c(OCCCCCCOc4ccc(/C=C/c5ccc(F)cc5)cc4)c3)cc1OCCCCCCOc1ccc(/C=C/c3ccc(F)cc3)cc1)C2=O,401.15,test
698ddbe96c00d07d5428d138,[*]c1ccc(-c2ccc(N3C(=O)c4ccc(Oc5ccc6c(c5)C(=O)N[*]C6=O)cc4C3=O)c(OCCCCCCOc3ccc(/C=C/c4ccc(F)cc4)cc3)c2)cc1OCCCCCCOc1ccc(/C=C/c2ccc(F)cc2)cc1,397.15,val
698ddbe96c00d07d5428d139,[*]c1ccc2c(c1)C(=O)N(c1ccc(-c3ccc(N4C(=O)c5ccc(C[*](C(F)(F)F)C(F)(F)F)cc5C4=O)c(OCCCCCCOc4ccc(/C=C/c5ccc(F)cc5)cc4)c3)cc1OCCCCCCOc1ccc(/C=C/c3ccc(F)cc3)cc1)C2=O,413.15,test
698ddbe96c00d07d5428d13a,[*]c1ccc2c(c1)C(=O)N(c1ccc(-c3ccc(N4C(=O)c5ccc(C[*](C(F)(F)F)C(F)(F)F)cc5C4=O)c(OC(=O)/C=C/c4ccccc4)c3)cc1OC(=O)/C=C/c1ccccc1)C2=O,454.15,train
698ddbe96c00d07d5428d13b,[*]C1=C(c2ccc(-c3ccc4c(c3)C(CCCCCC)(CCCCCC)c3cc(-c5ccc[*]cc5)ccc3-4)cc2)C(=O)N(CCCC)C1=O,428.15,train
698ddbe96c00d07d5428d13c,[*]C1=C(c2ccc(-c3ccc4c(c3)C(CCCCCC)(CCCCCC)c3cc(-c5ccc[*]cc5)ccc3-4)cc2)C(=O)N(CCCCCCCC)C1=O,395.15,train
698ddbe96c00d07d5428d13d,[*]C1=C(c2ccc(-c3ccc4c(c3)C(CCCCCC)(CCCCCC)c3cc(-c5ccc[*]cc5)ccc3-4)cc2)C(=O)N(CCCCCCCCCCCC)C1=O,373.15,train
698ddbe96c00d07d5428d13e,[*]c1ccc(NC2CC(=O)N(c3ccc(-c4sc(-c5ccc(N6C(=O)CC(Nc7ccc(-c8nc(C#N)c(C#N)nc8[*])cc7)C6=O)cc5)c(-c5ccccc5)c4-c4ccccc4)cc3)C2=O)cc1,504.15,train
698ddbe96c00d07d5428d13f,[*]c1ccc2c(c1)C(=O)N(c1ccc(-c3ccc(N4C(=O)c5ccc(C[*](C(F)(F)F)C(F)(F)F)cc5C4=O)c(OCCN(CC)c4ccc(C(C#N)=C(C#N)C#N)cc4)c3)cc1OCCN(CC)c1ccc(C(C#N)=C(C#N)C#N)cc1)C2=O,495.15,train
698ddbe96c00d07d5428d140,[*]C(=O)c1ccc2c(c1)C(=O)N(c1ccc(-c3ccc(N4C(=O)c5ccc[*]cc5C4=O)cc3C)c(C)c1)C2=O,658.15,test
698ddbe96c00d07d5428d141,[*]c1ccc(C2C3C(=O)N(c4ccc(N5C(=O)C6ON(C)C[*]C6C5=O)cc4)C(=O)C3ON2C)cc1,340.15,train
698ddbe96c00d07d5428d142,[*]c1ccc(OCCCCCCOc2ccc(C3C4C(=O)N(c5ccc(N6C(=O)C7ON(C)C[*]C7C6=O)cc5)C(=O)C4ON3C)cc2)cc1,325.15,train
698ddbe96c00d07d5428d143,[*]c1ccc2nc(-c3ccc4c(c3)C(=O)N(c3cc(C[*](C(F)(F)F)C(F)(F)F)ccc3O)C4=O)oc2c1,602.15,train
698ddbe96c00d07d5428d144,[*]c1cccc(N2C(=O)C(=O)N(CCCCCCN3C(=O)C(=O)N[*]C3=O)C2=O)n1,442.65,train
698ddbe96c00d07d5428d145,[*]c1cccc(N2C(=O)C(=O)N(c3ccc(Cc4ccc(N5C(=O)C(=O)N[*]C5=O)cc4)cc3)C2=O)n1,510.15,train
698ddbe96c00d07d5428d146,[*]c1ccc(Oc2ccc(N3C(=O)c4cc(-c5ccc(C(C)(C)C)cc5)c(-c5cc6c(cc5-c5ccc(C(C)(C)C)cc5)C(=O)N[*]C6=O)cc4C3=O)cc2)cc1,643.15,train
698ddbe96c00d07d5428d147,[*]c1ccc(Cc2ccc(N3C(=O)c4cc(-c5ccc(C(C)(C)C)cc5)c(-c5cc6c(cc5-c5ccc(C(C)(C)C)cc5)C(=O)N[*]C6=O)cc4C3=O)cc2)cc1,633.15,train
698ddbe96c00d07d5428d148,[*]c1ccc(C(c2ccc(N3C(=O)c4cc(-c5ccc(C(C)(C)C)cc5)c(-c5cc6c(cc5-c5ccc(C(C)(C)C)cc5)C(=O)N[*]C6=O)cc4C3=O)cc2)(C(F)(F)F)C(F)(F)F)cc1,654.15,train
698ddbe96c00d07d5428d149,[*]c1ccc(Oc2ccc(N3C(=O)c4cc(-c5ccc([Si](C)(C)C)cc5)c(-c5cc6c(cc5-c5ccc([Si](C)(C)C)cc5)C(=O)N[*]C6=O)cc4C3=O)cc2)cc1,621.15,train
698ddbe96c00d07d5428d14a,[*]c1ccc(Cc2ccc(N3C(=O)c4cc(-c5ccc([Si](C)(C)C)cc5)c(-c5cc6c(cc5-c5ccc([Si](C)(C)C)cc5)C(=O)N[*]C6=O)cc4C3=O)cc2)cc1,621.15,train
698ddbe96c00d07d5428d14b,[*]c1ccc(C(c2ccc(N3C(=O)c4cc(-c5ccc([Si](C)(C)C)cc5)c(-c5cc6c(cc5-c5ccc([Si](C)(C)C)cc5)C(=O)N[*]C6=O)cc4C3=O)cc2)(C(F)(F)F)C(F)(F)F)cc1,638.15,train
698ddbe96c00d07d5428d14c,[*]/C=C/C1CC[*]C2C(=O)N(CCCCCCC)C(=O)C12,332.15,train
698ddbe96c00d07d5428d14d,[*]/C=C/C1CC[*]C2C(=O)N(CCCCCCCC)C(=O)C12,329.65,train
698ddbe96c00d07d5428d14e,[*]/C=C/C1CC[*]C2C(=O)N(CCCCCCCCCC)C(=O)C12,319.15,test
698ddbe96c00d07d5428d14f,[*]/C=C/C1CC[*]C2C(=O)N(CCCCCCCCC)C(=O)C12,325.15,train
698ddbe96c00d07d5428d150,[*]/C=C/C1CC[*]C2C(=O)N(CCCCCCCCCCCC)C(=O)C12,323.15,train
698ddbe96c00d07d5428d151,[*]/C=C/C1CC[*]C2C(=O)N(CCC)C(=O)C12,412.15,train
698ddbe96c00d07d5428d152,[*]c1ccc(Oc2ccc(-c3ccc(Oc4ccc(N5C(=O)c6ccc(Oc7ccc(C8(c9ccc(Oc%10ccc%11c(c%10)C(=O)N[*]C%11=O)cc9)CCCCCCCCCCC8)cc7)cc6C5=O)cc4)cc3C)c(C)c2)cc1,530.15,train
698ddbe96c00d07d5428d153,[*]c1ccc(Cc2ccc(N3C(=O)c4ccc(Oc5ccc(C6(c7ccc(Oc8ccc9c(c8)C(=O)N[*]C9=O)cc7)CCCCCCCCCCC6)cc5)cc4C3=O)cc2)cc1,513.15,train
698ddbe96c00d07d5428d154,[*]c1ccc(Oc2ccc(Oc3ccc(N4C(=O)c5ccc(Oc6ccc(C7(c8ccc(Oc9ccc%10c(c9)C(=O)N[*]C%10=O)cc8)CCCCCCCCCCC7)cc6)cc5C4=O)cc3)c(C(C)(C)C)c2)cc1,535.15,train
698ddbe96c00d07d5428d155,[*]c1ccc(Oc2ccc(N3C(=O)c4ccc(Oc5ccc(C6(c7ccc(Oc8ccc9c(c8)C(=O)N[*]C9=O)cc7)CCCCCCCCCCC6)cc5)cc4C3=O)cc2)cc1,503.15,train
698ddbe96c00d07d5428d156,[*]c1ccc(Oc2ccc(C3(c4ccc(Oc5ccc(N6C(=O)c7ccc(Oc8ccc(C9(c%10ccc(Oc%11ccc%12c(c%11)C(=O)N[*]C%12=O)cc%10)CCCCCCCCCCC9)cc8)cc7C6=O)cc5)cc4)CC4CCC3C4)cc2)cc1,532.15,train
698ddbe96c00d07d5428d157,[*]c1ccc(Oc2ccc(C3(c4ccc(Oc5ccc(N6C(=O)c7ccc(Oc8ccc(C9(c%10ccc(Oc%11ccc%12c(c%11)C(=O)N[*]C%12=O)cc%10)CCCCCCCCCCC9)cc8)cc7C6=O)cc5)cc4)CCC(C(C)(C)C)CC3)cc2)cc1,527.15,val
698ddbe96c00d07d5428d158,[*]c1ccc(Oc2ccc(C3(c4ccc(Oc5ccc(N6C(=O)c7ccc(Oc8ccc(C9(c%10ccc(Oc%11ccc%12c(c%11)C(=O)N[*]C%12=O)cc%10)CCCCCCCCCCC9)cc8)cc7C6=O)cc5)cc4)C4CC5CC(C4)CC3C5)cc2)cc1,535.15,train
698ddbe96c00d07d5428d159,[*]c1ccc(Cc2ccc(N3C(=O)c4cccc5c(N6CCC(CCCC7CCN(c8ccc9c%10c(cccc8%10)C(=O)N[*]C9=O)CC7)CC6)ccc(c45)C3=O)c(C(C)(C)C)c2)cc1C(C)(C)C,475.84999999999997,train
698ddbe96c00d07d5428d15a,[*]C(=O)Nc1ccc(Oc2ccccc2-c2ccccc2Oc2ccc(NC(=O)c3ccc4c(c3)C(=O)N(c3ccc(N5C(=O)c6ccc[*]cc6C5=O)cc3)C4=O)cc2)cc1,541.15,train
698ddbe96c00d07d5428d15b,[*]C(=O)Nc1ccc(Oc2ccccc2-c2ccccc2Oc2ccc(NC(=O)c3ccc4c(c3)C(=O)N(c3cccc(N5C(=O)c6ccc[*]cc6C5=O)c3)C4=O)cc2)cc1,510.15,test
698ddbe96c00d07d5428d15c,[*]C(=O)Nc1ccc(Oc2ccc(-c3ccc(Oc4ccc(NC(=O)c5ccc6c(c5)C(=O)N(c5cccc(N7C(=O)c8ccc[*]cc8C7=O)c5)C6=O)cc4)cc3)cc2)cc1,565.15,train
698ddbe96c00d07d5428d15d,[*]C(=O)Nc1ccc(Oc2ccccc2-c2ccccc2Oc2ccc(NC(=O)c3ccc4c(c3)C(=O)N(c3ccc(C)c(N5C(=O)c6ccc[*]cc6C5=O)c3)C4=O)cc2)cc1,539.15,train
698ddbe96c00d07d5428d15e,[*]C(=O)Nc1ccc(Oc2ccc(-c3ccc(Oc4ccc(NC(=O)c5ccc6c(c5)C(=O)N(c5ccc(C)c(N7C(=O)c8ccc[*]cc8C7=O)c5)C6=O)cc4)cc3)cc2)cc1,572.15,test
698ddbe96c00d07d5428d15f,[*]C(=O)Nc1ccc(Oc2ccccc2-c2ccccc2Oc2ccc(NC(=O)c3ccc4c(c3)C(=O)N(c3ccc(Cc5ccc(N6C(=O)c7ccc[*]cc7C6=O)cc5)cc3)C4=O)cc2)cc1,513.15,test
698ddbe96c00d07d5428d160,[*]C(=O)Nc1ccc(Oc2ccccc2-c2ccccc2Oc2ccc(NC(=O)c3ccc4c(c3)C(=O)N(c3ccc(Oc5ccc(N6C(=O)c7ccc[*]cc7C6=O)cc5)cc3)C4=O)cc2)cc1,517.15,train
698ddbe96c00d07d5428d161,[*]C(=O)Nc1ccc(Oc2ccccc2-c2ccccc2Oc2ccc(NC(=O)c3ccc4c(c3)C(=O)N(c3ccc(Oc5ccc(N6C(=O)c7ccc[*]cc7C6=O)cc5)cc3)C4=O)cc2)cc1,517.15,test
698ddbe96c00d07d5428d162,[*]C(=O)Nc1ccc(Oc2ccc(-c3ccc(Oc4ccc(NC(=O)c5ccc6c(c5)C(=O)N(c5ccc(Oc7ccc(N8C(=O)c9ccc[*]cc9C8=O)cc7)cc5)C6=O)cc4)cc3)cc2)cc1,559.15,train
698ddbe96c00d07d5428d163,[*]C(=O)Nc1ccc(Oc2ccc(-c3ccc(Oc4ccc(NC(=O)c5ccc6c(c5)C(=O)N(c5ccc(Oc7ccc(N8C(=O)c9ccc[*]cc9C8=O)cc7)cc5)C6=O)cc4)cc3)cc2)cc1,559.15,train
698ddbe96c00d07d5428d164,[*]C(=O)Nc1ccc(Oc2ccccc2-c2ccccc2Oc2ccc(NC(=O)c3ccc4c(c3)C(=O)N(c3ccc(Oc5ccc(N6C(=O)c7ccc[*]cc7C6=O)cc5)cc3)C4=O)cc2)cc1,512.15,test
698ddbe96c00d07d5428d165,[*]C(=O)Nc1ccc(Oc2ccccc2-c2ccccc2Oc2ccc(NC(=O)c3ccc4c(c3)C(=O)N(c3ccc(Oc5ccc(N6C(=O)c7ccc[*]cc7C6=O)cc5)cc3)C4=O)cc2)cc1,512.15,train
698ddbe96c00d07d5428d166,[*]C(=O)Nc1ccc(Oc2ccc(-c3ccc(Oc4ccc(NC(=O)c5ccc6c(c5)C(=O)N(c5ccc(Oc7ccc(N8C(=O)c9ccc[*]cc9C8=O)cc7)cc5)C6=O)cc4)cc3)cc2)cc1,535.15,train
698ddbe96c00d07d5428d167,[*]C(=O)Nc1ccc(Oc2ccc(-c3ccc(Oc4ccc(NC(=O)c5ccc6c(c5)C(=O)N(c5ccc(Oc7ccc(N8C(=O)c9ccc[*]cc9C8=O)cc7)cc5)C6=O)cc4)cc3)cc2)cc1,535.15,train
698ddbe96c00d07d5428d168,[*]C(=O)Nc1ccc(Oc2ccccc2-c2ccccc2Oc2ccc(NC(=O)c3ccc4c(c3)C(=O)N(c3ccc(Oc5ccc(Oc6ccc(N7C(=O)c8ccc[*]cc8C7=O)cc6)cc5)cc3)C4=O)cc2)cc1,511.15,train
698ddbe96c00d07d5428d169,[*]C(=O)Nc1ccc(Oc2ccccc2-c2ccccc2Oc2ccc(NC(=O)c3ccc4c(c3)C(=O)N(c3ccc(Oc5cccc(Oc6ccc(N7C(=O)c8ccc[*]cc8C7=O)cc6)c5)cc3)C4=O)cc2)cc1,502.15,train
698ddbe96c00d07d5428d16a,[*]C(=O)Nc1ccc(Oc2ccccc2-c2ccccc2Oc2ccc(NC(=O)c3ccc4c(c3)C(=O)N(c3ccc(Oc5ccccc5-c5ccccc5Oc5ccc(N6C(=O)c7ccc[*]cc7C6=O)cc5)cc3)C4=O)cc2)cc1,500.15,test
698ddbe96c00d07d5428d16b,[*]C(=O)Nc1ccc(Oc2ccc(-c3ccc(Oc4ccc(NC(=O)c5ccc6c(c5)C(=O)N(c5ccc(Oc7ccccc7-c7ccccc7Oc7ccc(N8C(=O)c9ccc[*]cc9C8=O)cc7)cc5)C6=O)cc4)cc3)cc2)cc1,527.15,train
698ddbe96c00d07d5428d16c,[*]C(=O)Nc1ccc(Oc2ccccc2-c2ccccc2Oc2ccc(NC(=O)c3ccc4c(c3)C(=O)N(c3ccc(Oc5ccc(-c6ccc(Oc7ccc(N8C(=O)c9ccc[*]cc9C8=O)cc7)cc6)cc5)cc3)C4=O)cc2)cc1,512.15,test
698ddbe96c00d07d5428d16d,[*]C(=O)Nc1ccc(Oc2ccccc2-c2ccccc2Oc2ccc(NC(=O)c3ccc4c(c3)C(=O)N(c3ccc(Oc5ccc(C(C)(C)c6ccc(Oc7ccc(N8C(=O)c9ccc[*]cc9C8=O)cc7)cc6)cc5)cc3)C4=O)cc2)cc1,502.15,train
698ddbe96c00d07d5428d16e,[*]C(=O)Nc1ccc(Oc2ccc(-c3ccc(Oc4ccc(NC(=O)c5ccc6c(c5)C(=O)N(c5ccc(Oc7ccc(C(C)(C)c8ccc(Oc9ccc(N%10C(=O)c%11ccc[*]cc%11C%10=O)cc9)cc8)cc7)cc5)C6=O)cc4)cc3)cc2)cc1,556.15,train
698ddbe96c00d07d5428d16f,[*]C(=O)Nc1ccc(Oc2ccccc2-c2ccccc2Oc2ccc(NC(=O)c3ccc4c(c3)C(=O)N(c3ccc(Oc5ccc(S(=O)(=O)c6ccc(Oc7ccc(N8C(=O)c9ccc[*]cc9C8=O)cc7)cc6)cc5)cc3)C4=O)cc2)cc1,509.15,train
698ddbe96c00d07d5428d170,[*]C(=O)Nc1ccc(Oc2ccc(-c3ccc(Oc4ccc(NC(=O)c5ccc6c(c5)C(=O)N(c5ccc(Oc7ccc(S(=O)(=O)c8ccc(Oc9ccc(N%10C(=O)c%11ccc[*]cc%11C%10=O)cc9)cc8)cc7)cc5)C6=O)cc4)cc3)cc2)cc1,540.15,test
698ddbe96c00d07d5428d171,[*]c1ccc2c(c1)C(=O)N(c1ccc(Oc3ccc4ccc(Oc5ccc(N6C(=O)c7ccc(C[*](C(F)(F)F)C(F)(F)F)cc7C6=O)cc5)cc4c3)cc1)C2=O,575.45,train
698ddbe96c00d07d5428d172,[*]c1ccc(Oc2ccc3ccc(Oc4ccc(-n5c(=O)c6cc7c(=O)n[*]c(=O)c7cc6c5=O)cc4)cc3c2)cc1,593.95,train
698ddbe96c00d07d5428d173,[*]c1ccc(Cc2ccc(NC(=O)c3cccc(-c4nc5cc(-c6ccc7[nH]c(-c8cccc(C(=O)Nc9ccc(Cc%10ccc(-n%11c(=O)c%12cc%13c(=O)n[*]c(=O)c%13cc%12c%11=O)cc%10)cc9)c8)nc7c6)ccc5[nH]4)c3)cc2)cc1,550.15,train
698ddbe96c00d07d5428d175,[*]CCC1C(=O)N(C)C(=O)C1[*],414.34999999999997,train
698ddbe96c00d07d5428d176,[*]CCC1C(=O)N(CC)C(=O)C1[*],382.34999999999997,train
698ddbe96c00d07d5428d177,[*]CCC1C(=O)N(CCC)C(=O)C1[*],363.54999999999995,val
698ddbe96c00d07d5428d178,[*]CCC1C(=O)N(CCCC)C(=O)C1[*],341.04999999999995,val
698ddbe96c00d07d5428d179,[*]CCC1C(=O)N(CCCCCC)C(=O)C1[*],314.65,train
698ddbe96c00d07d5428d17a,[*]CCC1C(=O)N(CCCCCCCCCCCC)C(=O)C1[*],328.54999999999995,train
698ddbe96c00d07d5428d17b,[*]CCC1C(=O)N(CCCCCCCCCCCCCC)C(=O)C1[*],335.54999999999995,train
698ddbe96c00d07d5428d17c,[*]CCC1C(=O)N(CCCCCCCCCCCCCCCC)C(=O)C1[*],338.75,train
698ddbe96c00d07d5428d17d,[*]CCC1C(=O)N(CCCCCCCCCCCCCCCCCC)C(=O)C1[*],340.25,train
698ddbe96c00d07d5428d17e,[*]C(=O)N1C(=O)N(C(=O)c2ccc3c(c2)C(=O)N(c2ccc(Oc4ccc(N5C(=O)c6ccc[*]cc6C5=O)cc4)cc2)C3=O)C(C)(C)C1=O,429.15,train
698ddbe96c00d07d5428d17f,[*]C(=O)N1C(=O)N(C(=O)c2ccc3c(c2)C(=O)N(c2ccc(Oc4ccc(N5C(=O)c6ccc[*]cc6C5=O)cc4)cc2)C3=O)C(CC)(CC)C1=O,433.15,train
698ddbe96c00d07d5428d180,[*]CC(c1ccccc1)C1C(=O)N(C(C)(C)C)C(=O)C1[*],451.15,train
698ddbe96c00d07d5428d181,[*]CC(c1ccccc1)C1C(=O)N(c2ccc(C(C)(C)C)cc2)C(=O)C1[*],510.15,test
698ddbe96c00d07d5428d182,[*]CC(c1ccccc1)C1C(=O)N(c2ccc(Oc3ccccc3)cc2)C(=O)C1[*],467.15,train
698ddbe96c00d07d5428d183,[*]C(=O)Nc1ccc(NC(=O)c2ccc3c(c2)C(=O)N(c2c(C)cc(C)c(N4C(=O)c5ccc[*]cc5C4=O)c2C)C3=O)cc1,600.15,train
698ddbe96c00d07d5428d184,[*]C(=O)Nc1c(C)cc(C)c(NC(=O)c2ccc3c(c2)C(=O)N(c2c(C)cc(C)c(N4C(=O)c5ccc[*]cc5C4=O)c2C)C3=O)c1C,561.15,train
698ddbe96c00d07d5428d185,[*]C(=O)Nc1ccc(-c2ccc(NC(=O)c3ccc4c(c3)C(=O)N(c3c(C)cc(C)c(N5C(=O)c6ccc[*]cc6C5=O)c3C)C4=O)cc2C)c(C)c1,532.15,train
698ddbe96c00d07d5428d186,[*]C(=O)Nc1ccc(-c2ccc(NC(=O)c3ccc4c(c3)C(=O)N(c3c(C)cc(C)c(N5C(=O)c6ccc[*]cc6C5=O)c3C)C4=O)cc2C(F)(F)F)c(C(F)(F)F)c1,540.15,train
698ddbe96c00d07d5428d187,[*]C(=O)c1ccc2c(c1)C(=O)N(c1ccc(Oc3ccc(C(=O)c4ccc(Oc5ccc(N6C(=O)c7ccc[*]cc7C6=O)cc5)cc4)cc3)cc1)C2=O,525.15,train
698ddbe96c00d07d5428d188,[*]c1ccc(Oc2ccc(C(=O)c3ccc(Oc4ccc(N5C(=O)c6ccc(-c7ccc8c(c7)C(=O)N[*]C8=O)cc6C5=O)cc4)cc3)cc2)cc1,526.15,val
698ddbe96c00d07d5428d189,[*]c1ccc(Oc2ccc(C(=O)c3ccc(Oc4ccc(N5C(=O)c6ccc(Oc7ccc8c(c7)C(=O)N[*]C8=O)cc6C5=O)cc4)cc3)cc2)cc1,516.15,train
698ddbe96c00d07d5428d18a,[*]c1ccc(Oc2ccc(C(=O)c3ccc(Oc4ccc(N5C(=O)c6ccc(S(=O)(=O)c7ccc8c(c7)C(=O)N[*]C8=O)cc6C5=O)cc4)cc3)cc2)cc1,548.65,train
698ddbe96c00d07d5428d18b,[*]c1ccc2c(c1)C(=O)N(c1ccc(Oc3ccc(C(=O)c4ccc(Oc5ccc(N6C(=O)c7ccc(C[*](C(F)(F)F)C(F)(F)F)cc7C6=O)cc5)cc4)cc3)cc1)C2=O,539.15,train
698ddbe96c00d07d5428d18c,[*]c1cccc(P(=O)(c2cccc(-n3c(=O)c4c(-c5cc(C(F)(F)F)cc(C(F)(F)F)c5)c5c(=O)n[*]c(=O)c5c(-c5cc(C(F)(F)F)cc(C(F)(F)F)c5)c4c3=O)c2)c2cc(C(F)(F)F)cc(C(F)(F)F)c2)c1,566.15,test
698ddbe96c00d07d5428d18d,[*]c1cccc(P(=O)(c2ccc(C(F)(F)F)cc2)c2cccc(-n3c(=O)c4c(-c5cc(C(F)(F)F)cc(C(F)(F)F)c5)c5c(=O)n[*]c(=O)c5c(-c5cc(C(F)(F)F)cc(C(F)(F)F)c5)c4c3=O)c2)c1,584.15,train
698ddbe96c00d07d5428d18e,[*]c1cccc(P(=O)(c2ccccc2)c2cccc(-n3c(=O)c4c(-c5cc(C(F)(F)F)cc(C(F)(F)F)c5)c5c(=O)n[*]c(=O)c5c(-c5cc(C(F)(F)F)cc(C(F)(F)F)c5)c4c3=O)c2)c1,597.15,train
698ddbe96c00d07d5428d18f,[*]c1cccc(P(=O)(c2cccc(-n3c(=O)c4c(-c5ccc(C(F)(F)F)cc5)c5c(=O)n[*]c(=O)c5c(-c5ccc(C(F)(F)F)cc5)c4c3=O)c2)c2cc(C(F)(F)F)cc(C(F)(F)F)c2)c1,583.15,train
698ddbe96c00d07d5428d190,[*]c1cccc(P(=O)(c2ccc(C(F)(F)F)cc2)c2cccc(-n3c(=O)c4c(-c5ccc(C(F)(F)F)cc5)c5c(=O)n[*]c(=O)c5c(-c5ccc(C(F)(F)F)cc5)c4c3=O)c2)c1,597.15,test
698ddbe96c00d07d5428d191,[*]c1cccc(P(=O)(c2ccccc2)c2cccc(-n3c(=O)c4c(-c5ccc(C(F)(F)F)cc5)c5c(=O)n[*]c(=O)c5c(-c5ccc(C(F)(F)F)cc5)c4c3=O)c2)c1,607.15,train
698ddbe96c00d07d5428d192,[*]c1cccc(P(=O)(c2cccc(-n3c(=O)c4c(-c5ccccc5)c5c(=O)n[*]c(=O)c5c(-c5ccccc5)c4c3=O)c2)c2cc(C(F)(F)F)cc(C(F)(F)F)c2)c1,593.15,val
698ddbe96c00d07d5428d193,[*]c1cccc(P(=O)(c2ccc(C(F)(F)F)cc2)c2cccc(-n3c(=O)c4c(-c5ccccc5)c5c(=O)n[*]c(=O)c5c(-c5ccccc5)c4c3=O)c2)c1,610.15,train
698ddbe96c00d07d5428d194,[*]c1cccc(P(=O)(c2ccccc2)c2cccc(-n3c(=O)c4c(-c5ccccc5)c5c(=O)n[*]c(=O)c5c(-c5ccccc5)c4c3=O)c2)c1,615.15,train
698ddbe96c00d07d5428d195,[*]c1ccc(C(=O)Oc2ccc(OC(=O)c3ccc(N4C(=O)CC(SCCOCCSC5CC(=O)N[*]C5=O)C4=O)cc3)cc2)cc1,439.15,test
698ddbe96c00d07d5428d196,[*]c1ccc(C(=O)Oc2ccc3ccc(OC(=O)c4ccc(N5C(=O)CC(SCCOCCSC6CC(=O)N[*]C6=O)C5=O)cc4)cc3c2)cc1,433.15,train
698ddbe96c00d07d5428d197,[*]c1ccc(C(=O)Oc2ccc(C(C)(C)c3ccc(OC(=O)c4ccc(N5C(=O)CC(SCCOCCSC6CC(=O)N[*]C6=O)C5=O)cc4)cc3)cc2)cc1,416.15,train
698ddbe96c00d07d5428d198,[*]c1ccc(Oc2ccc(N3C(=O)c4cccc(Oc5cccc6c5C(=O)N[*]C6=O)c4C3=O)cc2)cc1,565.65,train
698ddbe96c00d07d5428d199,[*]c1ccc(Oc2ccc(N3C(=O)c4ccc(Oc5cccc6c5C(=O)N[*]C6=O)cc4C3=O)cc2)cc1,558.15,test
698ddbe96c00d07d5428d19a,[*]c1ccc(Oc2ccc(Oc3ccc(N4C(=O)c5cccc(Oc6cccc7c6C(=O)N[*]C7=O)c5C4=O)cc3)cc2)cc1,531.15,test
698ddbe96c00d07d5428d19b,[*]c1ccc(Oc2ccc(Oc3ccc(N4C(=O)c5ccc(Oc6cccc7c6C(=O)N[*]C7=O)cc5C4=O)cc3)cc2)cc1,522.15,train
698ddbe96c00d07d5428d19c,[*]C(=O)Oc1ccc(C(C)(C)c2ccc(OC(=O)c3ccc4c(c3)C(=O)N(c3ccc(-c5ccc(N6C(=O)c7ccc[*]cc7C6=O)cc5C)c(C)c3)C4=O)cc2)cc1,439.15,test
698ddbe96c00d07d5428d19d,[*]C(=O)Oc1c(C)cc(C(C)(C)c2cc(C)c(OC(=O)c3ccc4c(c3)C(=O)N(c3ccc(-c5ccc(N6C(=O)c7ccc[*]cc7C6=O)cc5C)c(C)c3)C4=O)c(C)c2)cc1C,455.15,train
698ddbe96c00d07d5428d19e,[*]C(=O)Oc1ccc(-c2ccc(OC(=O)c3ccc4c(c3)C(=O)N(c3ccc(-c5ccc(N6C(=O)c7ccc[*]cc7C6=O)cc5C)c(C)c3)C4=O)cc2C)c(C)c1,450.15,test
698ddbe96c00d07d5428d19f,[*]C(=O)Oc1ccc(C23CC4CC(CC(C4)C2)C3)c(OC(=O)c2ccc3c(c2)C(=O)N(c2ccc(-c4ccc(N5C(=O)c6ccc[*]cc6C5=O)cc4C)c(C)c2)C3=O)c1,498.15,train
698ddbe96c00d07d5428d1a0,[*]C(=O)Oc1ccc(C2(c3ccc(OC(=O)c4ccc5c(c4)C(=O)N(c4ccc(-c6ccc(N7C(=O)c8ccc[*]cc8C7=O)cc6C)c(C)c4)C5=O)cc3)C3CC4CC(C3)CC2C4)cc1,495.15,train
698ddbe96c00d07d5428d1a1,[*]C(=O)Oc1ccc(C2(c3ccc(OC(=O)c4ccc5c(c4)C(=O)N(c4ccc(-c6ccc(N7C(=O)c8ccc[*]cc8C7=O)cc6C)c(C)c4)C5=O)cc3)CC3CC2C2CCCC32)cc1,499.15,train
698ddbe96c00d07d5428d1a2,[*]C(=O)Oc1ccc(C2(c3ccc(OC(=O)c4ccc5c(c4)C(=O)N(c4ccc(-c6ccc(N7C(=O)c8ccc[*]cc8C7=O)cc6C)c(C)c4)C5=O)cc3)CCCCCCCCCCC2)cc1,477.15,test
698ddbe96c00d07d5428d1a3,[*]C(=O)Oc1ccc(C2(c3ccc(OC(=O)c4ccc5c(c4)C(=O)N(c4ccc(-c6ccc(N7C(=O)c8ccc[*]cc8C7=O)cc6C)c(C)c4)C5=O)cc3)CCC(C(C)(C)C)CC2)cc1,490.15,train
698ddbe96c00d07d5428d1a4,[*]c1ccc(Oc2ccc(N3C(=O)C4CCC5C(=O)N[*]C(=O)C5C4C3=O)cc2)cc1,615.15,train
698ddbe96c00d07d5428d1a5,[*]c1ccc(Cc2ccc(N3C(=O)C4CCC5C(=O)N[*]C(=O)C5C4C3=O)cc2)cc1,614.15,train
698ddbe96c00d07d5428d1a6,[*]c1ccc(Cc2ccc(N3C(=O)C4CCC5C(=O)N[*]C(=O)C5C4C3=O)c(C)c2)cc1C,613.15,train
698ddbe96c00d07d5428d1a7,[*]c1ccc(Oc2ccc(Oc3ccc(N4C(=O)C5CCC6C(=O)N[*]C(=O)C6C5C4=O)cc3)cc2)cc1,547.15,train
698ddbe96c00d07d5428d1a8,[*]c1ccc(Oc2ccc(C(C)(C)c3ccc(Oc4ccc(N5C(=O)C6CCC7C(=O)N[*]C(=O)C7C6C5=O)cc4)cc3)cc2)cc1,536.65,train
698ddbe96c00d07d5428d1a9,[*]c1ccc2c(c1)C(=O)N(c1ccc(-c3ccc(N4C(=O)c5ccc(C[*](C(F)(F)F)C(F)(F)F)cc5C4=O)c(OCCOc4ccc5c(C)cc(=O)oc5c4)c3)cc1OCCOc1ccc3c(C)cc(=O)oc3c1)C2=O,405.15,train
698ddbe96c00d07d5428d1aa,[*]c1ccc(Oc2ccccc2Oc2ccc(-n3c(=O)c4cc5c(=O)n[*]c(=O)c5cc4c3=O)cc2C(F)(F)F)c(C(F)(F)F)c1,550.15,train
698ddbe96c00d07d5428d1ab,[*]C(=O)c1ccc2c(c1)C(=O)N(c1ccc(Oc3ccccc3Oc3ccc(N4C(=O)c5ccc[*]cc5C4=O)cc3C(F)(F)F)c(C(F)(F)F)c1)C2=O,509.15,test
698ddbe96c00d07d5428d1ac,[*]c1ccc(Oc2ccccc2Oc2ccc(N3C(=O)c4ccc(-c5ccc6c(c5)C(=O)N[*]C6=O)cc4C3=O)cc2C(F)(F)F)c(C(F)(F)F)c1,522.15,train
698ddbe96c00d07d5428d1ad,[*]c1ccc(Oc2ccccc2Oc2ccc(N3C(=O)c4ccc(S(=O)(=O)c5ccc6c(c5)C(=O)N[*]C6=O)cc4C3=O)cc2C(F)(F)F)c(C(F)(F)F)c1,528.15,test
698ddbe96c00d07d5428d1ae,[*]c1ccc(Oc2ccccc2Oc2ccc(N3C(=O)c4ccc(Oc5ccc6c(c5)C(=O)N[*]C6=O)cc4C3=O)cc2C(F)(F)F)c(C(F)(F)F)c1,496.15,test
698ddbe96c00d07d5428d1af,[*]c1ccc2c(c1)C(=O)N(c1ccc(Oc3ccccc3Oc3ccc(N4C(=O)c5ccc(C[*](C(F)(F)F)C(F)(F)F)cc5C4=O)cc3C(F)(F)F)c(C(F)(F)F)c1)C2=O,520.15,train
698ddbe96c00d07d5428d1b0,[*]C(=O)Nc1cccc(P(=O)(c2ccccc2)c2cccc(NC(=O)c3ccc4c(c3)C(=O)N(c3cccc(P(=O)(c5ccccc5)c5cccc(N6C(=O)c7ccc[*]cc7C6=O)c5)c3)C4=O)c2)c1,479.15,train
698ddbe96c00d07d5428d1b1,[*]C(=O)Nc1ccc(-c2cc(-c3ccccc3)cc(-c3ccc(NC(=O)c4ccc5c(c4)C(=O)N(c4cccc(P(=O)(c6ccccc6)c6cccc(N7C(=O)c8ccc[*]cc8C7=O)c6)c4)C5=O)cc3)n2)cc1,531.15,train
698ddbe96c00d07d5428d1b2,[*]C(=O)Nc1ccc(S(=O)(=O)c2ccc(NC(=O)c3ccc4c(c3)C(=O)N(c3cccc(P(=O)(c5ccccc5)c5cccc(N6C(=O)c7ccc[*]cc7C6=O)c5)c3)C4=O)cc2)cc1,514.15,test
698ddbe96c00d07d5428d1b3,[*]C(=O)Nc1ccc(NC(=O)c2ccc3c(c2)C(=O)N(c2cccc(P(=O)(c4ccccc4)c4cccc(N5C(=O)c6ccc[*]cc6C5=O)c4)c2)C3=O)cc1,477.15,train
698ddbe96c00d07d5428d1b4,[*]C(=O)Nc1ccc(Cc2ccc(NC(=O)c3ccc4c(c3)C(=O)N(c3cccc(P(=O)(c5ccccc5)c5cccc(N6C(=O)c7ccc[*]cc7C6=O)c5)c3)C4=O)cc2)cc1,506.15,train
698ddbe96c00d07d5428d1b5,[*]C(=O)Nc1ccc(Oc2ccc(NC(=O)c3ccc4c(c3)C(=O)N(c3cccc(P(=O)(c5ccccc5)c5cccc(N6C(=O)c7ccc[*]cc7C6=O)c5)c3)C4=O)cc2)cc1,508.15,train
698ddbe96c00d07d5428d1b6,[*]C(=O)Nc1ccc2c(c1)-c1cc(NC(=O)c3ccc4c(c3)C(=O)N(c3cccc(P(=O)(c5ccccc5)c5cccc(N6C(=O)c7ccc[*]cc7C6=O)c5)c3)C4=O)ccc1C2,521.15,train
698ddbe96c00d07d5428d1b7,[*]C(=O)Nc1ccc(-c2ccc(NC(=O)c3ccc4c(c3)C(=O)N(c3cccc(P(=O)(c5ccccc5)c5cccc(N6C(=O)c7ccc[*]cc7C6=O)c5)c3)C4=O)cc2)cc1,526.15,train
698ddbe96c00d07d5428d1b8,[*]c1ccc(Oc2ccc(C(C)(C)c3ccccc3)cc2)c(-n2c(=O)c3cc4c(=O)n[*]c(=O)c4cc3c2=O)c1,613.15,train
698ddbe96c00d07d5428d1b9,[*]c1ccc(Oc2ccc(C(C)(C)c3ccccc3)cc2)c(N2C(=O)c3ccc(-c4ccc5c(c4)C(=O)N[*]C5=O)cc3C2=O)c1,548.15,train
698ddbe96c00d07d5428d1ba,[*]C(=O)c1ccc2c(c1)C(=O)N(c1ccc(Oc3ccc(C(C)(C)c4ccccc4)cc3)c(N3C(=O)c4ccc[*]cc4C3=O)c1)C2=O,540.15,val
698ddbe96c00d07d5428d1bb,[*]c1ccc(Oc2ccc(S(=O)(=O)c3ccc(C)cc3)cc2)c(-n2c(=O)c3cc4c(=O)n[*]c(=O)c4cc3c2=O)c1,593.15,train
698ddbe96c00d07d5428d1bc,[*]c1ccc(Oc2ccc(S(=O)(=O)c3ccc(C)cc3)cc2)c(N2C(=O)c3ccc(-c4ccc5c(c4)C(=O)N[*]C5=O)cc3C2=O)c1,554.15,train
698ddbe96c00d07d5428d1bd,[*]C(=O)c1ccc2c(c1)C(=O)N(c1ccc(Oc3ccc(S(=O)(=O)c4ccc(C)cc4)cc3)c(N3C(=O)c4ccc[*]cc4C3=O)c1)C2=O,566.15,train
698ddbe96c00d07d5428d1be,[*]C(=O)N1C(=S)N(C(=O)c2ccc3c(c2)C(=O)N(c2ccc(Oc4ccc(N5C(=O)c6ccc[*]cc6C5=O)cc4)cc2)C3=O)C(C)=C(C(=O)OCC)C1c1ccccc1,428.15,val
698ddbe96c00d07d5428d1bf,[*]C(=O)N1C(=S)N(C(=O)c2ccc3c(c2)C(=O)N(c2ccc(Oc4ccc(N5C(=O)c6ccc[*]cc6C5=O)cc4)cc2)C3=O)C(C)=C(C(=O)OCC)C1c1ccc(OC)cc1OC,438.15,train
698ddbe96c00d07d5428d1c0,[*]C(=O)Nc1ccc(C(=O)c2ccc(NC(=O)c3ccc4c(c3)C(=O)N(c3cccc(P(=O)(c5ccccc5)c5cccc(N6C(=O)c7ccc[*]cc7C6=O)c5)c3)C4=O)cc2)cc1,511.15,test
698ddbe96c00d07d5428d1c1,[*]C1C(=O)N(c2ccc(O[Si](C)(C)C)cc2)C(=O)C1[*],445.15,test
698ddbe96c00d07d5428d1c2,[*]C1C(=O)N(c2ccc(O[Si](c3ccccc3)(c3ccccc3)c3ccccc3)cc2)C(=O)C1[*],456.15,train
698ddbe96c00d07d5428d1c3,[*]C1C(=O)N(c2ccc(O[Si](C)(C)C(C)(C)C)cc2)C(=O)C1[*],442.15,test
698ddbe96c00d07d5428d1c4,[*]C1C(=O)N(c2ccc(O[Si](CC)(CC)CC)cc2)C(=O)C1[*],438.15,val
698ddbe96c00d07d5428d1c5,[*]C1C(=O)N(c2cc(Br)c(O[Si](C)(C)C)c(Br)c2)C(=O)C1[*],440.15,train
698ddbe96c00d07d5428d1c6,[*]C1C(=O)N(c2cc(Br)c(O[Si](c3ccccc3)(c3ccccc3)c3ccccc3)c(Br)c2)C(=O)C1[*],452.15,train
698ddbe96c00d07d5428d1c7,[*]C1C(=O)N(c2cc(Br)c(O[Si](C)(C)C(C)(C)C)c(Br)c2)C(=O)C1[*],437.15,train
698ddbe96c00d07d5428d1c8,[*]C1C(=O)N(c2cc(Br)c(O[Si](CC)(CC)CC)c(Br)c2)C(=O)C1[*],433.15,train
698ddbe96c00d07d5428d1c9,[*]CCC1C(=O)N(CCCCNC(=O)C(F)(F)C(F)(F)C(F)(F)C(F)(F)C(F)(F)C(F)(F)C(F)(F)F)C(=O)C1[*],373.15,train
698ddbe96c00d07d5428d1ca,[*]CC(c1ccccc1)C1C(=O)N(CCCCNC(=O)C(F)(F)C(F)(F)C(F)(F)C(F)(F)C(F)(F)C(F)(F)C(F)(F)F)C(=O)C1[*],386.15,train
698ddbe96c00d07d5428d1cb,[*]CC(CCCCCCCCCCCCCCCC)C1C(=O)N(CCCCNC(=O)C(F)(F)C(F)(F)C(F)(F)C(F)(F)C(F)(F)C(F)(F)C(F)(F)F)C(=O)C1[*],336.15,train
698ddbe96c00d07d5428d1cc,[*]CC(CCCCCCCCCCCCCCCC)C1C(=O)N(CCCCCCCCCCCC)C(=O)C1[*],303.15,train
698ddbe96c00d07d5428d1cd,[*]/C=C/C1CC[*]C2C(=O)N(c3cc(C(F)(F)F)cc(C(F)(F)F)c3)C(=O)C12,435.15,train
698ddbe96c00d07d5428d1ce,[*]C(=O)Nc1c(C)cc(Cc2cc(C)c(NC(=O)c3ccc4c(c3)C(=O)N(c3ccc(/N=N/c5ccc(F)cc5)c(N5C(=O)c6ccc[*]cc6C5=O)c3)C4=O)c(C)c2)cc1C,552.15,train
698ddbe96c00d07d5428d1cf,[*]C(=O)Nc1c(C)cc(Cc2cc(C)c(NC(=O)c3ccc4c(c3)C(=O)N(c3ccc(/N=N/c5ccc(OC(F)(F)F)cc5)c(N5C(=O)c6ccc[*]cc6C5=O)c3)C4=O)c(C)c2)cc1C,551.15,train
698ddbe96c00d07d5428d1d0,[*]C(=O)Nc1c(C)cc(Cc2cc(C)c(NC(=O)c3ccc4c(c3)C(=O)N(c3ccc(/N=N/c5ccc([N+](=O)[O-])cc5)c(N5C(=O)c6ccc[*]cc6C5=O)c3)C4=O)c(C)c2)cc1C,553.15,train
698ddbe96c00d07d5428d1d1,[*]C(=O)Nc1ccc(Cc2ccc(NC(=O)c3ccc4c(c3)C(=O)N(c3ccc(/N=N/c5ccc(C)cc5)c(N5C(=O)c6ccc[*]cc6C5=O)c3)C4=O)cc2)cc1,541.15,train
698ddbe96c00d07d5428d1d2,[*]C(=O)Nc1ccc(Cc2ccc(NC(=O)c3ccc4c(c3)C(=O)N(c3ccc(/N=N/c5ccc(C)cc5)c(N5C(=O)c6ccc[*]cc6C5=O)c3)C4=O)c(C)c2)cc1C,530.15,train
698ddbe96c00d07d5428d1d3,[*]C(=O)Nc1c(CC)cc(Cc2cc(CC)c(NC(=O)c3ccc4c(c3)C(=O)N(c3ccc(/N=N/c5ccc(C)cc5)c(N5C(=O)c6ccc[*]cc6C5=O)c3)C4=O)c(CC)c2)cc1CC,542.15,train
698ddbe96c00d07d5428d1d4,[*]c1cc(C(c2ccc(OCCN(C)c3ccc(/C=C/C4=CC(=C(C#N)C#N)CC(C)(C)C4)cc3)c(N3C(=O)c4ccc(Oc5ccc6c(c5)C(=O)N[*]C6=O)cc4C3=O)c2)(C(F)(F)F)C(F)(F)F)ccc1OCCN(C)c1ccc(/C=C/C2=CC(=C(C#N)C#N)CC(C)(C)C2)cc1,488.15,train
698ddbe96c00d07d5428d1d5,[*]c1cc(C(c2ccc(OCCN(C)c3ccc(/C=C/C4=C/C(=C(/C#N)S(C)(=O)=O)CC(C)(C)C4)cc3)c(N3C(=O)c4ccc(Oc5ccc6c(c5)C(=O)N[*]C6=O)cc4C3=O)c2)(C(F)(F)F)C(F)(F)F)ccc1OCCN(C)c1ccc(/C=C/C2=C/C(=C(/C#N)S(C)(=O)=O)CC(C)(C)C2)cc1,498.15,train
698ddbe96c00d07d5428d1d6,[*]c1cc(C(c2ccc(OCCN(CC)c3ccc(/C=C/C4=CC(=C(C#N)C#N)CC(C)(C)C4)cc3)c(N3C(=O)c4ccc(Oc5ccc6c(c5)C(=O)N[*]C6=O)cc4C3=O)c2)(C(F)(F)F)C(F)(F)F)ccc1OCCN(CC)c1ccc(/C=C/C2=CC(=C(C#N)C#N)CC(C)(C)C2)cc1,475.15,train
698ddbe96c00d07d5428d1d7,[*]c1cc(C(c2ccc(OCCN(c3ccccc3)c3ccc(/C=C/C4=CC(=C(C#N)C#N)CC(C)(C)C4)cc3)c(N3C(=O)c4ccc(Oc5ccc6c(c5)C(=O)N[*]C6=O)cc4C3=O)c2)(C(F)(F)F)C(F)(F)F)ccc1OCCN(c1ccccc1)c1ccc(/C=C/C2=CC(=C(C#N)C#N)CC(C)(C)C2)cc1,493.15,train
698ddbe96c00d07d5428d1d8,[*]c1cc(C(c2ccc(OCCN(c3ccccc3)c3ccc(/C=C/C4=C/C(=C(/C#N)S(C)(=O)=O)CC(C)(C)C4)cc3)c(N3C(=O)c4ccc(Oc5ccc6c(c5)C(=O)N[*]C6=O)cc4C3=O)c2)(C(F)(F)F)C(F)(F)F)ccc1OCCN(c1ccccc1)c1ccc(/C=C/C2=C/C(=C(/C#N)S(C)(=O)=O)CC(C)(C)C2)cc1,507.15,train
698ddbe96c00d07d5428d1d9,[*]c1cc(C(c2ccc(OCCN(C)c3ccc(/C=C/C4=C/C(=C(/C#N)C(=O)OC)CC(C)(C)C4)cc3)c(N3C(=O)c4ccc(Oc5ccc6c(c5)C(=O)N[*]C6=O)cc4C3=O)c2)(C(F)(F)F)C(F)(F)F)ccc1OCCN(c1ccccc1)c1ccc(/C=C/C2=C/C(=C(/C#N)C(=O)OC)CC(C)(C)C2)cc1,480.15,train
698ddbe96c00d07d5428d1da,[*]c1cc(C(c2ccc(OCCN(C)c3ccc(/C=C/C4=C/C(=C(/C#N)C(=O)OCCc5ccccc5)CC(C)(C)C4)cc3)c(N3C(=O)c4ccc(Oc5ccc6c(c5)C(=O)N[*]C6=O)cc4C3=O)c2)(C(F)(F)F)C(F)(F)F)ccc1OCCN(c1ccccc1)c1ccc(/C=C/C2=C/C(=C(/C#N)C(=O)OCCc3ccccc3)CC(C)(C)C2)cc1,450.15,val
698ddbe96c00d07d5428d1db,[*]c1cc(C(c2ccc(OCCN(C)c3ccc(/C=C/C4=C/C(=C(/C#N)C(=O)OCc5ccc(Oc6c(F)c(F)c(F)c(F)c6F)cc5)CC(C)(C)C4)cc3)c(N3C(=O)c4ccc(Oc5ccc6c(c5)C(=O)N[*]C6=O)cc4C3=O)c2)(C(F)(F)F)C(F)(F)F)ccc1OCCN(c1ccccc1)c1ccc(/C=C/C2=C/C(=C(/C#N)C(=O)OCc3ccc(Oc4c(F)c(F)c(F)c(F)c4F)cc3)CC(C)(C)C2)cc1,435.15,test
698ddbe96c00d07d5428d1dc,[*]Oc1ccc(/C=C/c2cc(OCCCCCCCC)c(/C=C/c3ccc(Oc4cc5c(=O)n(CCCCCCCC)c(=O)c6ccc7c8c[*]cc9c(=O)n(CCCCCCCC)c(=O)c%10ccc(c4c7c65)c8c%109)cc3)cc2OCCCCCCCC)cc1,376.15,train
698ddbe96c00d07d5428d1dd,[*]C(=O)Nc1ccc(NC(=O)Nc2ccc(NC(=O)c3ccc4c(c3)C(=O)N(c3ccc(NC(=O)Nc5ccc(N6C(=O)c7ccc[*]cc7C6=O)cc5)cc3)C4=O)cc2)cc1,481.15,train
698ddbe96c00d07d5428d1de,[*]C(=O)Nc1ccc(-c2cc(-c3ccccc3)cc(-c3ccc(NC(=O)c4ccc5c(c4)C(=O)N(c4ccc(NC(=O)Nc6ccc(N7C(=O)c8ccc[*]cc8C7=O)cc6)cc4)C5=O)cc3)n2)cc1,488.15,train
698ddbe96c00d07d5428d1df,[*]C(=O)Nc1ccc(S(=O)(=O)c2ccc(NC(=O)c3ccc4c(c3)C(=O)N(c3ccc(NC(=O)Nc5ccc(N6C(=O)c7ccc[*]cc7C6=O)cc5)cc3)C4=O)cc2)cc1,478.15,train
698ddbe96c00d07d5428d1e0,[*]C(=O)Nc1ccc(NC(=O)c2ccc3c(c2)C(=O)N(c2ccc(NC(=O)Nc4ccc(N5C(=O)c6ccc[*]cc6C5=O)cc4)cc2)C3=O)cc1,489.15,test
698ddbe96c00d07d5428d1e1,[*]C(=O)Nc1ccc(C(=O)c2ccc(NC(=O)c3ccc4c(c3)C(=O)N(c3ccc(NC(=O)Nc5ccc(N6C(=O)c7ccc[*]cc7C6=O)cc5)cc3)C4=O)cc2)cc1,485.15,test
698ddbe96c00d07d5428d1e2,[*]C(=O)Nc1ccc(Cc2ccc(NC(=O)c3ccc4c(c3)C(=O)N(c3ccc(NC(=O)Nc5ccc(N6C(=O)c7ccc[*]cc7C6=O)cc5)cc3)C4=O)cc2)cc1,484.15,train
698ddbe96c00d07d5428d1e3,[*]C(=O)Nc1ccc(Oc2ccc(NC(=O)c3ccc4c(c3)C(=O)N(c3ccc(NC(=O)Nc5ccc(N6C(=O)c7ccc[*]cc7C6=O)cc5)cc3)C4=O)cc2)cc1,478.15,train
698ddbe96c00d07d5428d1e4,[*]C(=O)Nc1ccc2c(c1)Cc1cc(NC(=O)c3ccc4c(c3)C(=O)N(c3ccc(NC(=O)Nc5ccc(N6C(=O)c7ccc[*]cc7C6=O)cc5)cc3)C4=O)ccc1-2,497.15,train
698ddbe96c00d07d5428d1e5,[*]C(=O)Nc1ccc(-c2ccc(NC(=O)c3ccc4c(c3)C(=O)N(c3ccc(NC(=O)Nc5ccc(N6C(=O)c7ccc[*]cc7C6=O)cc5)cc3)C4=O)cc2)cc1,506.15,train
698ddbe96c00d07d5428d1e6,[*]c1ccc(-c2ccc(N(c3ccccc3)c3ccc(-c4ccc(N(c5ccccc5)c5ccc(-c6ccc(-n7c(=O)c8cc9c(=O)n[*]c(=O)c9cc8c7=O)cc6)cc5)cc4)cc3)cc2)cc1,493.15,train
698ddbe96c00d07d5428d1e7,[*]C(=O)Nc1cccc(NC(=O)c2ccc3c(c2)C(=O)N(c2cccc(P(=O)(c4ccccc4)c4cccc(N5C(=O)c6ccc[*]cc6C5=O)c4)c2)C3=O)n1,429.15,test
698ddbe96c00d07d5428d1e8,[*]C(=O)c1ccc2c(c1)C(=O)N(c1ccc(C(C)(C)c3ccc(C(C)(C)c4ccc(N5C(=O)c6ccc[*]cc6C5=O)cc4)cc3)cc1)C2=O,595.15,train
698ddbe96c00d07d5428d1e9,[*]C(=O)c1ccc2c(c1)C(=O)N(c1ccc(C(C)(C)c3cccc(C(C)(C)c4ccc(N5C(=O)c6ccc[*]cc6C5=O)cc4)c3)cc1)C2=O,589.65,test
698ddbe96c00d07d5428d1ea,[*]c1ccc(C(=O)Nc2ccc(Oc3ccc(NC(=O)c4ccc(-n5c(=O)c6cc7c(=O)n[*]c(=O)c7cc6c5=O)cc4)cc3)cc2)cc1,633.15,train
698ddbe96c00d07d5428d1eb,[*]C(=O)c1ccc2c(c1)C(=O)N(c1ccc(C(=O)Nc3ccc(Oc4ccc(NC(=O)c5ccc(NC(=O)Nc6ccc(Cc7ccc(NC(=O)Nc8ccc(C(=O)Nc9ccc(Oc%10ccc(NC(=O)c%11ccc(N%12C(=O)c%13ccc[*]cc%13C%12=O)cc%11)cc%10)cc9)cc8)cc7)cc6)cc5)cc4)cc3)cc1)C2=O,502.15,train
698ddbe96c00d07d5428d1ec,[*]c1ccc(Oc2ccc(C(c3ccc(Oc4ccc(-n5c(=O)c6ccc7c(=O)n[*]c(=O)c8ccc(c5=O)c6c78)cc4)cc3)(C(F)(F)F)C(F)(F)F)cc2)cc1,553.15,train
698ddbe96c00d07d5428d1ed,[*]c1ccc(Oc2ccc(C(c3ccc(Oc4ccc(-n5c(=O)c6ccc7c(=O)n[*]c(=O)c8ccc(c5=O)c6c78)cc4)c(S(=O)(=O)O)c3)(C(F)(F)F)C(F)(F)F)cc2S(=O)(=O)O)cc1,543.15,train
698ddbe96c00d07d5428d1ee,[*]C(=O)c1ccc2c(c1)C(=O)N(c1c(C)cc(Cc3cc(C)c(N4C(=O)c5ccc[*]cc5C4=O)c(C)c3)cc1C)C2=O,604.15,train
698ddbe96c00d07d5428d1ef,[*]C(=O)c1ccc2c(c1)C(=O)N(c1c(CC)cc(Cc3cc(CC)c(N4C(=O)c5ccc[*]cc5C4=O)c(CC)c3)cc1CC)C2=O,569.15,train
698ddbe96c00d07d5428d1f0,[*]C(=O)c1ccc2c(c1)C(=O)N(c1c(C(C)C)cc(Cc3cc(C(C)C)c(N4C(=O)c5ccc[*]cc5C4=O)c(C(C)C)c3)cc1C(C)C)C2=O,536.15,train
698ddbe96c00d07d5428d1f1,[*]c1cc(Oc2c(C)cc(-c3cc(C)c(Oc4cc(N5C(=O)c6ccc(-c7ccc8c(c7)C(=O)N[*]C8=O)cc6C5=O)cc(C(F)(F)F)c4)c(C)c3)cc2C)cc(C(F)(F)F)c1,554.25,train
698ddbe96c00d07d5428d1f2,[*]C(=O)c1ccc2c(c1)C(=O)N(c1cc(Oc3c(C)cc(-c4cc(C)c(Oc5cc(N6C(=O)c7ccc[*]cc7C6=O)cc(C(F)(F)F)c5)c(C)c4)cc3C)cc(C(F)(F)F)c1)C2=O,538.55,train
698ddbe96c00d07d5428d1f3,[*]c1cc(Oc2c(C)cc(-c3cc(C)c(Oc4cc(N5C(=O)c6ccc(Oc7ccc8c(c7)C(=O)N[*]C8=O)cc6C5=O)cc(C(F)(F)F)c4)c(C)c3)cc2C)cc(C(F)(F)F)c1,525.3499999999999,train
698ddbe96c00d07d5428d1f4,[*]c1ccc2c(c1)C(=O)N(c1cc(Oc3c(C)cc(-c4cc(C)c(Oc5cc(N6C(=O)c7ccc(C[*](C(F)(F)F)C(F)(F)F)cc7C6=O)cc(C(F)(F)F)c5)c(C)c4)cc3C)cc(C(F)(F)F)c1)C2=O,537.95,train
698ddbe96c00d07d5428d1f5,[*]c1ccc(Oc2ccc(Oc3ccc(N4C(=O)c5ccc(Oc6ccccc6Oc6ccc7c(c6)C(=O)N[*]C7=O)cc5C4=O)cc3C(F)(F)F)cc2)c(C(F)(F)F)c1,470.15,train
698ddbe96c00d07d5428d1f6,[*]c1ccc(Oc2ccccc2Oc2ccc(N3C(=O)c4ccc(Oc5ccccc5Oc5ccc6c(c5)C(=O)N[*]C6=O)cc4C3=O)cc2C(F)(F)F)c(C(F)(F)F)c1,458.15,train
698ddbe96c00d07d5428d1f7,[*]c1ccc(Oc2ccc(-c3ccc(Oc4ccc(N5C(=O)c6ccc(Oc7ccccc7Oc7ccc8c(c7)C(=O)N[*]C8=O)cc6C5=O)cc4C(F)(F)F)cc3)cc2)c(C(F)(F)F)c1,481.15,train
698ddbe96c00d07d5428d1f8,[*]c1ccc(Oc2c(C)cc(-c3cc(C)c(Oc4ccc(N5C(=O)c6ccc(Oc7ccccc7Oc7ccc8c(c7)C(=O)N[*]C8=O)cc6C5=O)cc4C(F)(F)F)c(C)c3)cc2C)c(C(F)(F)F)c1,543.15,train
698ddbe96c00d07d5428d1f9,[*]c1ccc(Oc2ccc(C(C)(C)c3ccc(Oc4ccc(N5C(=O)c6ccc(Oc7ccccc7Oc7ccc8c(c7)C(=O)N[*]C8=O)cc6C5=O)cc4C(F)(F)F)cc3)cc2)c(C(F)(F)F)c1,465.15,train
698ddbe96c00d07d5428d1fa,[*]c1ccc(Oc2ccc(C(c3ccc(Oc4ccc(N5C(=O)c6ccc(Oc7ccccc7Oc7ccc8c(c7)C(=O)N[*]C8=O)cc6C5=O)cc4C(F)(F)F)cc3)(C(F)(F)F)C(F)(F)F)cc2)c(C(F)(F)F)c1,464.15,train
698ddbe96c00d07d5428d1fb,[*]c1ccc(Oc2ccc(C3(c4ccc(Oc5ccc(N6C(=O)c7ccc(Oc8ccccc8Oc8ccc9c(c8)C(=O)N[*]C9=O)cc7C6=O)cc5C(F)(F)F)cc4)c4ccccc4-c4ccccc43)cc2)c(C(F)(F)F)c1,514.15,val
698ddbe96c00d07d5428d1fc,[*]c1ccc2c(c1)C(=O)N(c1cccc(P(=O)(c3ccc(Oc4ccc(C56CC7CC(CC(C7)C5)C6)cc4)cc3)c3cccc(N4C(=O)c5ccc(C[*](C(F)(F)F)C(F)(F)F)cc5C4=O)c3)c1)C2=O,571.15,train
698ddbe96c00d07d5428d1fd,[*]C(=O)c1ccc2c(c1)C(=O)N(c1cccc(P(=O)(c3ccc(Oc4ccc(C56CC7CC(CC(C7)C5)C6)cc4)cc3)c3cccc(N4C(=O)c5ccc[*]cc5C4=O)c3)c1)C2=O,578.15,train
698ddbe96c00d07d5428d1fe,[*]c1cccc(P(=O)(c2ccc(Oc3ccc(C45CC6CC(CC(C6)C4)C5)cc3)cc2)c2cccc(N3C(=O)c4ccc(Oc5ccc6c(c5)C(=O)N[*]C6=O)cc4C3=O)c2)c1,563.15,train
698ddbe96c00d07d5428d1ff,[*]c1cccc(P(=O)(c2ccc(Oc3ccc(C45CC6CC(CC(C6)C4)C5)cc3)cc2)c2cccc(-n3c(=O)c4cc5c(=O)n[*]c(=O)c5cc4c3=O)c2)c1,603.15,test
698ddbe96c00d07d5428d200,[*]C(=O)OCCN(CCOC(=O)c1ccc2c(c1)C(=O)N(c1cccc(N3C(=O)c4ccc[*]cc4C3=O)c1)C2=O)c1ccc(/N=N/c2ccc([N+](=O)[O-])cc2)cc1,483.15,val
698ddbe96c00d07d5428d201,[*]C(=O)OCCN(CCOC(=O)c1ccc2c(c1)C(=O)N(c1cccc(N3C(=O)c4ccc[*]cc4C3=O)c1)C2=O)c1ccc(/N=N/c2ccc(C)cc2)cc1,444.15,test
698ddbe96c00d07d5428d202,[*]C(=O)OCCN(CCOC(=O)c1ccc2c(c1)C(=O)N(c1cccc(N3C(=O)c4ccc[*]cc4C3=O)c1)C2=O)c1ccc(/N=N/c2ccc(F)cc2)cc1,441.15,test
698ddbe96c00d07d5428d203,[*]C(=O)Nc1ccc(/N=N/c2ccc([N+](=O)[O-])cc2)c(NC(=O)c2ccc3c(c2)C(=O)N(c2c(C)cc(Cc4cc(C)c(N5C(=O)c6ccc[*]cc6C5=O)c(C)c4)cc2C)C3=O)c1,537.15,test
698ddbe96c00d07d5428d204,[*]C(=O)Nc1ccc(/N=N/c2ccc([N+](=O)[O-])cc2)c(NC(=O)c2ccc3c(c2)C(=O)N(c2c(C)cc(-c4cc(C)c(N5C(=O)c6ccc[*]cc6C5=O)c(C)c4)cc2C)C3=O)c1,551.15,train
698ddbe96c00d07d5428d205,[*]c1cccc(C(=O)c2c(C)cc(C)c(N3C(=O)c4ccc(-c5ccc6c(c5)C(=O)N[*]C6=O)cc4C3=O)c2C)c1,593.15,train
698ddbe96c00d07d5428d206,[*]c1cccc(C(=O)c2c(C)cc(C)c(N3C(=O)c4ccc(Oc5ccc6c(c5)C(=O)N[*]C6=O)cc4C3=O)c2C)c1,560.15,val
698ddbe96c00d07d5428d207,[*]C(=O)c1ccc2c(c1)C(=O)N(c1cccc(C(=O)c3c(C)cc(C)c(N4C(=O)c5ccc[*]cc5C4=O)c3C)c1)C2=O,573.15,test
698ddbe96c00d07d5428d208,[*]c1ccc2c(c1)C(=O)N(c1c(C)cc(C)c(C(=O)c3cccc(N4C(=O)c5ccc(C[*](C(F)(F)F)C(F)(F)F)cc5C4=O)c3)c1C)C2=O,553.15,test
698ddbe96c00d07d5428d209,[*]c1ccc2c(c1)C(=O)N(c1cc(N3C(=O)c4ccc(C[*](C(F)(F)F)C(F)(F)F)cc4C3=O)ccc1OCCCCCCOc1ccc(-c3ccc(OCC)cc3)cc1)C2=O,423.45,val
698ddbe96c00d07d5428d20a,[*]c1ccc2c(c1)C(=O)N(c1cc(N3C(=O)c4ccc(C[*](C(F)(F)F)C(F)(F)F)cc4C3=O)ccc1OCCCCCCOc1ccc(/N=N/c3ccc(OCC)cc3)cc1)C2=O,471.15,train
698ddbe96c00d07d5428d20b,[*]c1cccc(P(=O)(c2cccc(-n3c(=O)c4cc5c(=O)n[*]c(=O)c5c(-c5cc(C(F)(F)F)cc(C(F)(F)F)c5)c4c3=O)c2)c2cc(C(F)(F)F)cc(C(F)(F)F)c2)c1,553.15,train
698ddbe96c00d07d5428d20c,[*]c1cccc(P(=O)(c2ccc(C(F)(F)F)cc2)c2cccc(-n3c(=O)c4cc5c(=O)n[*]c(=O)c5c(-c5cc(C(F)(F)F)cc(C(F)(F)F)c5)c4c3=O)c2)c1,563.15,train
698ddbe96c00d07d5428d20d,[*]c1cccc(P(=O)(c2ccccc2)c2cccc(-n3c(=O)c4cc5c(=O)n[*]c(=O)c5c(-c5cc(C(F)(F)F)cc(C(F)(F)F)c5)c4c3=O)c2)c1,572.15,test
698ddbe96c00d07d5428d20e,[*]c1cccc(P(=O)(c2cccc(-n3c(=O)c4cc5c(=O)n[*]c(=O)c5c(-c5ccc(C(F)(F)F)cc5)c4c3=O)c2)c2cc(C(F)(F)F)cc(C(F)(F)F)c2)c1,565.15,train
698ddbe96c00d07d5428d20f,[*]c1cccc(P(=O)(c2ccc(C(F)(F)F)cc2)c2cccc(-n3c(=O)c4cc5c(=O)n[*]c(=O)c5c(-c5ccc(C(F)(F)F)cc5)c4c3=O)c2)c1,576.15,train
698ddbe96c00d07d5428d210,[*]c1cccc(P(=O)(c2ccccc2)c2cccc(-n3c(=O)c4cc5c(=O)n[*]c(=O)c5c(-c5ccc(C(F)(F)F)cc5)c4c3=O)c2)c1,594.15,val
698ddbe96c00d07d5428d211,[*]c1cccc(P(=O)(c2cccc(-n3c(=O)c4cc5c(=O)n[*]c(=O)c5c(-c5ccccc5)c4c3=O)c2)c2cc(C(F)(F)F)cc(C(F)(F)F)c2)c1,573.15,train
698ddbe96c00d07d5428d212,[*]c1cccc(P(=O)(c2ccc(C(F)(F)F)cc2)c2cccc(-n3c(=O)c4cc5c(=O)n[*]c(=O)c5c(-c5ccccc5)c4c3=O)c2)c1,584.15,test
698ddbe96c00d07d5428d213,[*]c1cccc(P(=O)(c2ccccc2)c2cccc(-n3c(=O)c4cc5c(=O)n[*]c(=O)c5c(-c5ccccc5)c4c3=O)c2)c1,598.15,train
698ddbe96c00d07d5428d214,[*]c1ccc(N(c2ccc(C#N)cc2)c2ccc(-n3c(=O)c4cc5c(=O)n[*]c(=O)c5cc4c3=O)cc2)cc1,626.15,val
698ddbe96c00d07d5428d215,[*]c1ccc(N(c2ccc(C#N)cc2)c2ccc(N3C(=O)c4ccc(-c5ccc6c(c5)C(=O)N[*]C6=O)cc4C3=O)cc2)cc1,631.15,train
698ddbe96c00d07d5428d216,[*]C(=O)c1ccc2c(c1)C(=O)N(c1ccc(N(c3ccc(C#N)cc3)c3ccc(N4C(=O)c5ccc[*]cc5C4=O)cc3)cc1)C2=O,588.15,train
698ddbe96c00d07d5428d217,[*]c1ccc(N(c2ccc(C#N)cc2)c2ccc(N3C(=O)c4ccc(Oc5ccc6c(c5)C(=O)N[*]C6=O)cc4C3=O)cc2)cc1,577.15,train
698ddbe96c00d07d5428d218,[*]c1ccc2c(c1)C(=O)N(c1ccc(N(c3ccc(C#N)cc3)c3ccc(N4C(=O)c5ccc(C[*](C(F)(F)F)C(F)(F)F)cc5C4=O)cc3)cc1)C2=O,594.15,train
698ddbe96c00d07d5428d219,[*]c1ccc(-c2cc(-c3ccc(OCCCC#N)cc3)cc(-c3ccc(-n4c(=O)c5cc6c(=O)n[*]c(=O)c6cc5c4=O)cc3)n2)cc1,618.15,test
698ddbe96c00d07d5428d21a,[*]c1ccc(-c2cc(-c3ccc(OCCCC#N)cc3)cc(-c3ccc(N4C(=O)c5ccc(-c6ccc7c(c6)C(=O)N[*]C7=O)cc5C4=O)cc3)n2)cc1,633.15,train
698ddbe96c00d07d5428d21b,[*]C(=O)c1ccc2c(c1)C(=O)N(c1ccc(-c3cc(-c4ccc(OCCCC#N)cc4)cc(-c4ccc(N5C(=O)c6ccc[*]cc6C5=O)cc4)n3)cc1)C2=O,615.15,train
698ddbe96c00d07d5428d21c,[*]c1ccc(-c2cc(-c3ccc(OCCCC#N)cc3)cc(-c3ccc(N4C(=O)c5ccc(Oc6ccc7c(c6)C(=O)N[*]C7=O)cc5C4=O)cc3)n2)cc1,588.15,test
698ddbe96c00d07d5428d21d,[*]c1ccc2c(c1)C(=O)N(c1ccc(-c3cc(-c4ccc(OCCCC#N)cc4)cc(-c4ccc(N5C(=O)c6ccc(C[*](C(F)(F)F)C(F)(F)F)cc6C5=O)cc4)n3)cc1)C2=O,612.15,test
698ddbe96c00d07d5428d21e,[*]C(=O)c1ccc2c(c1)C(=O)N(c1ccc(N(c3ccccc3)c3ccc(N4C(=O)c5ccc[*]cc5C4=O)cc3)cc1)C2=O,543.15,train
698ddbe96c00d07d5428d21f,[*]C(=O)c1ccc2c(c1)C(=O)N(c1ccc(-c3cc(-c4ccc(OC)cc4)cc(-c4ccc(N5C(=O)c6ccc[*]cc6C5=O)cc4)n3)cc1)C2=O,604.15,test
698ddbe96c00d07d5428d220,[*]c1ccc(C(=O)NC(CC)COC(=O)c2ccc(N3C(=O)CC(SCCCCCSC4CC(=O)N[*]C4=O)C3=O)cc2)cc1,364.15,test
698ddbe96c00d07d5428d221,[*]c1ccc(N2C(=O)c3ccc(Oc4ccc(C(C)(C)c5cccc(Oc6ccc7c(c6)C(=O)N[*]C7=O)c5)cc4)cc3C2=O)cc1,541.15,val
698ddbe96c00d07d5428d222,[*]C(=O)c1ccc2c(c1OCc1ccccc1[N+](=O)[O-])C(=O)N(c1ccc(Oc3ccc(N4C(=O)c5ccc[*]c(OCc6ccccc6[N+](=O)[O-])c5C4=O)cc3)cc1)C2=O,471.15,train
698ddbe96c00d07d5428d223,[*]c1c(C)cc(-c2cc(C)c(N3C(=O)c4cccc(Oc5ccc(C(C)(C)c6ccc(Oc7cccc8c7C(=O)N[*]C8=O)cc6)cc5)c4C3=O)c(C)c2)cc1C,538.15,train
698ddbe96c00d07d5428d224,[*]c1c(C)cc(Cc2cc(C)c(N3C(=O)c4cccc(Oc5ccc(C(C)(C)c6ccc(Oc7cccc8c7C(=O)N[*]C8=O)cc6)cc5)c4C3=O)c(C)c2)cc1C,496.15,train
698ddbe96c00d07d5428d225,[*]c1ccc(Oc2ccc(-c3ccc(Oc4ccc(N5C(=O)c6cccc(Oc7ccc(C(C)(C)c8ccc(Oc9cccc%10c9C(=O)N[*]C%10=O)cc8)cc7)c6C5=O)cc4)cc3)cc2)cc1,509.15,train
698ddbe96c00d07d5428d226,[*]c1ccc(Oc2ccc(Oc3ccc(N4C(=O)c5cccc(Oc6ccc(C(C)(C)c7ccc(Oc8cccc9c8C(=O)N[*]C9=O)cc7)cc6)c5C4=O)c(C)c3)cc2)cc1C,495.15,train
698ddbe96c00d07d5428d227,[*]c1ccc(Oc2ccc(N3C(=O)c4cccc(Oc5c(C)cc(Cc6cc(C)c(Oc7cccc8c7C(=O)N[*]C8=O)c(C)c6)cc5C)c4C3=O)cc2)cc1,543.15,train
698ddbe96c00d07d5428d228,[*]c1c(C)cc(-c2cc(C)c(N3C(=O)c4cccc(Oc5c(C)cc(Cc6cc(C)c(Oc7cccc8c7C(=O)N[*]C8=O)c(C)c6)cc5C)c4C3=O)c(C)c2)cc1C,549.15,train
698ddbe96c00d07d5428d229,[*]c1c(C)cc(Cc2cc(C)c(N3C(=O)c4cccc(Oc5c(C)cc(Cc6cc(C)c(Oc7cccc8c7C(=O)N[*]C8=O)c(C)c6)cc5C)c4C3=O)c(C)c2)cc1C,516.15,train
698ddbe96c00d07d5428d22a,[*]c1cccc(N2C(=O)c3cccc(Oc4c(C)cc(Cc5cc(C)c(Oc6cccc7c6C(=O)N[*]C7=O)c(C)c5)cc4C)c3C2=O)c1,542.15,test
698ddbe96c00d07d5428d22b,[*]c1c(C)cc(C)c(N2C(=O)c3cccc(Oc4c(C)cc(Cc5cc(C)c(Oc6cccc7c6C(=O)N[*]C7=O)c(C)c5)cc4C)c3C2=O)c1C,560.15,test
698ddbe96c00d07d5428d22c,[*]c1ccc(Oc2ccc(-c3ccc(Oc4ccc(N5C(=O)c6cccc(Oc7c(C)cc(Cc8cc(C)c(Oc9cccc%10c9C(=O)N[*]C%10=O)c(C)c8)cc7C)c6C5=O)cc4)cc3)cc2)cc1,532.15,test
698ddbe96c00d07d5428d22d,[*]c1ccc(Oc2ccc(Oc3ccc(N4C(=O)c5cccc(Oc6c(C)cc(Cc7cc(C)c(Oc8cccc9c8C(=O)N[*]C9=O)c(C)c7)cc6C)c5C4=O)c(C)c3)cc2)cc1C,511.15,train
698ddbe96c00d07d5428d22e,[*]c1ccc(Oc2ccc(N3C(=O)c4cccc(Oc5c(C)cc(-c6cc(C)c(Oc7cccc8c7C(=O)N[*]C8=O)c(C)c6)cc5C)c4C3=O)cc2)cc1,571.15,train
698ddbe96c00d07d5428d22f,[*]c1c(C)cc(-c2cc(C)c(N3C(=O)c4cccc(Oc5c(C)cc(-c6cc(C)c(Oc7cccc8c7C(=O)N[*]C8=O)c(C)c6)cc5C)c4C3=O)c(C)c2)cc1C,600.15,train
698ddbe96c00d07d5428d230,[*]c1c(C)cc(Cc2cc(C)c(N3C(=O)c4cccc(Oc5c(C)cc(-c6cc(C)c(Oc7cccc8c7C(=O)N[*]C8=O)c(C)c6)cc5C)c4C3=O)c(C)c2)cc1C,562.15,train
698ddbe96c00d07d5428d231,[*]c1cccc(N2C(=O)c3cccc(Oc4c(C)cc(-c5cc(C)c(Oc6cccc7c6C(=O)N[*]C7=O)c(C)c5)cc4C)c3C2=O)c1,584.15,train
698ddbe96c00d07d5428d232,[*]c1c(C)cc(C)c(N2C(=O)c3cccc(Oc4c(C)cc(-c5cc(C)c(Oc6cccc7c6C(=O)N[*]C7=O)c(C)c5)cc4C)c3C2=O)c1C,598.15,train
698ddbe96c00d07d5428d233,[*]c1ccc(Oc2ccc(-c3ccc(Oc4ccc(N5C(=O)c6cccc(Oc7c(C)cc(-c8cc(C)c(Oc9cccc%10c9C(=O)N[*]C%10=O)c(C)c8)cc7C)c6C5=O)cc4)cc3)cc2)cc1,563.15,train
698ddbe96c00d07d5428d234,[*]c1ccc(Oc2ccc(N3C(=O)c4cccc(Oc5c(Oc6cccc7c6C(=O)N[*]C7=O)cc(C(C)(C)C)cc5C(C)(C)C)c4C3=O)cc2)cc1,511.15,train
698ddbe96c00d07d5428d235,[*]c1ccc(Oc2ccc(-c3ccc(Oc4ccc(N5C(=O)c6cccc(Oc7c(Oc8cccc9c8C(=O)N[*]C9=O)cc(C(C)(C)C)cc7C(C)(C)C)c6C5=O)cc4)cc3)cc2)cc1,510.15,test
698ddbe96c00d07d5428d236,[*]c1ccc(Oc2ccc(-c3ccc(Oc4ccc(N5C(=O)c6cccc(Oc7cc(C(C)(C)C)c(Oc8cccc9c8C(=O)N[*]C9=O)cc7C(C)(C)C)c6C5=O)cc4)cc3)cc2)cc1,548.15,train
698ddbe96c00d07d5428d237,[*]c1ccc(Oc2ccc(-c3ccc(Oc4ccc(N5C(=O)c6cccc(Oc7ccc(C(c8ccc(Oc9cccc%10c9C(=O)N[*]C%10=O)cc8)(C(F)(F)F)C(F)(F)F)cc7)c6C5=O)cc4)cc3)cc2)cc1,507.15,val
698ddbe96c00d07d5428d238,[*]c1c(C)cc(-c2cc(C)c(N3C(=O)c4ccc(Oc5ccc(C(C)(C)c6ccc(Oc7ccc8c(c7)C(=O)N[*]C8=O)cc6)cc5)cc4C3=O)c(C)c2)cc1C,553.15,train
698ddbe96c00d07d5428d239,[*]c1c(C)cc(Cc2cc(C)c(N3C(=O)c4ccc(Oc5ccc(C(C)(C)c6ccc(Oc7ccc8c(c7)C(=O)N[*]C8=O)cc6)cc5)cc4C3=O)c(C)c2)cc1C,520.15,train
698ddbe96c00d07d5428d23a,[*]c1ccc(Oc2ccc(-c3ccc(Oc4ccc(N5C(=O)c6ccc(Oc7ccc(C(C)(C)c8ccc(Oc9ccc%10c(c9)C(=O)N[*]C%10=O)cc8)cc7)cc6C5=O)cc4)cc3)cc2)cc1,493.15,val
698ddbe96c00d07d5428d23b,[*]c1ccc(Oc2ccc(N3C(=O)c4ccc(Oc5c(C)cc(Cc6cc(C)c(Oc7ccc8c(c7)C(=O)N[*]C8=O)c(C)c6)cc5C)cc4C3=O)cc2)cc1,539.15,test
698ddbe96c00d07d5428d23c,[*]c1c(C)cc(-c2cc(C)c(N3C(=O)c4ccc(Oc5c(C)cc(Cc6cc(C)c(Oc7ccc8c(c7)C(=O)N[*]C8=O)c(C)c6)cc5C)cc4C3=O)c(C)c2)cc1C,693.15,train
698ddbe96c00d07d5428d23d,[*]c1c(C)cc(Cc2cc(C)c(N3C(=O)c4ccc(Oc5c(C)cc(Cc6cc(C)c(Oc7ccc8c(c7)C(=O)N[*]C8=O)c(C)c6)cc5C)cc4C3=O)c(C)c2)cc1C,537.15,train
698ddbe96c00d07d5428d23e,[*]c1cccc(N2C(=O)c3ccc(Oc4c(C)cc(Cc5cc(C)c(Oc6ccc7c(c6)C(=O)N[*]C7=O)c(C)c5)cc4C)cc3C2=O)c1,518.15,train
698ddbe96c00d07d5428d23f,[*]c1ccc(Oc2ccc(-c3ccc(Oc4ccc(N5C(=O)c6ccc(Oc7c(C)cc(Cc8cc(C)c(Oc9ccc%10c(c9)C(=O)N[*]C%10=O)c(C)c8)cc7C)cc6C5=O)cc4)cc3)cc2)cc1,521.15,train
698ddbe96c00d07d5428d240,[*]c1ccc(Oc2ccc(N3C(=O)c4ccc(Oc5c(C)cc(-c6cc(C)c(Oc7ccc8c(c7)C(=O)N[*]C8=O)c(C)c6)cc5C)cc4C3=O)cc2)cc1,572.15,train
698ddbe96c00d07d5428d241,[*]c1c(C)cc(Cc2cc(C)c(N3C(=O)c4ccc(Oc5c(C)cc(-c6cc(C)c(Oc7ccc8c(c7)C(=O)N[*]C8=O)c(C)c6)cc5C)cc4C3=O)c(C)c2)cc1C,693.15,train
698ddbe96c00d07d5428d242,[*]c1cccc(N2C(=O)c3ccc(Oc4c(C)cc(-c5cc(C)c(Oc6ccc7c(c6)C(=O)N[*]C7=O)c(C)c5)cc4C)cc3C2=O)c1,568.15,train
698ddbe96c00d07d5428d243,[*]c1ccc(Oc2ccc(N3C(=O)c4ccc(Oc5c(Oc6ccc7c(c6)C(=O)N[*]C7=O)cc(C(C)(C)C)cc5C(C)(C)C)cc4C3=O)cc2)cc1,501.15,val
698ddbe96c00d07d5428d244,[*]c1ccc(Oc2ccc(-c3ccc(Oc4ccc(N5C(=O)c6ccc(Oc7cc(C(C)(C)C)c(Oc8ccc9c(c8)C(=O)N[*]C9=O)cc7C(C)(C)C)cc6C5=O)cc4)cc3)cc2)cc1,535.15,val
698ddbe96c00d07d5428d245,[*]c1ccc(Oc2ccc(-c3ccc(Oc4ccc(N5C(=O)c6ccc(Oc7ccc(C(c8ccc(Oc9ccc%10c(c9)C(=O)N[*]C%10=O)cc8)(C(F)(F)F)C(F)(F)F)cc7)cc6C5=O)cc4)cc3)cc2)cc1,490.15,train
698ddbe96c00d07d5428d246,[*]c1c(C)cc(C(c2cccc(C(F)(F)F)c2)c2cc(C)c(N3C(=O)c4ccc(-c5ccc6c(c5)C(=O)N[*]C6=O)cc4C3=O)c(C)c2)cc1C,586.05,train
698ddbe96c00d07d5428d247,[*]C(=O)c1ccc2c(c1)C(=O)N(c1c(C)cc(C(c3cccc(C(F)(F)F)c3)c3cc(C)c(N4C(=O)c5ccc[*]cc5C4=O)c(C)c3)cc1C)C2=O,558.15,train
698ddbe96c00d07d5428d248,[*]c1c(C)cc(C(c2cccc(C(F)(F)F)c2)c2cc(C)c(N3C(=O)c4ccc(Oc5ccc6c(c5)C(=O)N[*]C6=O)cc4C3=O)c(C)c2)cc1C,537.25,train
698ddbe96c00d07d5428d249,[*]c1ccc2c(c1)C(=O)N(c1c(C)cc(C(c3cccc(C(F)(F)F)c3)c3cc(C)c(N4C(=O)c5ccc(C[*](C(F)(F)F)C(F)(F)F)cc5C4=O)c(C)c3)cc1C)C2=O,559.25,test
698ddbe96c00d07d5428d24a,[*]c1c(C)cc(C(c2cc(C(F)(F)F)cc(C(F)(F)F)c2)c2cc(C)c(N3C(=O)c4ccc(-c5ccc6c(c5)C(=O)N[*]C6=O)cc4C3=O)c(C)c2)cc1C,590.55,val
698ddbe96c00d07d5428d24b,[*]C(=O)c1ccc2c(c1)C(=O)N(c1c(C)cc(C(c3cc(C(F)(F)F)cc(C(F)(F)F)c3)c3cc(C)c(N4C(=O)c5ccc[*]cc5C4=O)c(C)c3)cc1C)C2=O,574.25,train
698ddbe96c00d07d5428d24c,[*]c1c(C)cc(C(c2cc(C(F)(F)F)cc(C(F)(F)F)c2)c2cc(C)c(N3C(=O)c4ccc(Oc5ccc6c(c5)C(=O)N[*]C6=O)cc4C3=O)c(C)c2)cc1C,555.05,train
698ddbe96c00d07d5428d24d,[*]c1ccc2c(c1)C(=O)N(c1c(C)cc(C(c3cc(C(F)(F)F)cc(C(F)(F)F)c3)c3cc(C)c(N4C(=O)c5ccc(C[*](C(F)(F)F)C(F)(F)F)cc5C4=O)c(C)c3)cc1C)C2=O,561.15,train
698ddbe96c00d07d5428d24e,[*]c1ccc(Oc2ccc(Oc3ccc(N4C(=O)c5ccc(Oc6ccc7c(c6)C(=O)N[*]C7=O)cc5C4=O)cc3C(F)(F)F)cc2)cc1,505.45,train
698ddbe96c00d07d5428d24f,[*]C(=O)c1ccc2c(c1)C(=O)N(c1ccc(Oc3ccc(Oc4ccc(N5C(=O)c6ccc[*]cc6C5=O)cc4C(F)(F)F)cc3)cc1)C2=O,510.25,train
698ddbe96c00d07d5428d250,[*]c1ccc2c(c1)C(=O)N(c1ccc(Oc3ccc(Oc4ccc(N5C(=O)c6ccc(C[*](C(F)(F)F)C(F)(F)F)cc6C5=O)cc4)cc3)c(C(F)(F)F)c1)C2=O,533.95,train
698ddbe96c00d07d5428d251,[*]c1ccc(Oc2ccc(Oc3ccc(-n4c(=O)c5cc6c(=O)n[*]c(=O)c6cc5c4=O)cc3)cc2)c(C(F)(F)F)c1,545.3499999999999,test
698ddbe96c00d07d5428d252,[*]c1ccc(Oc2ccc(S(=O)(=O)c3ccc(Oc4ccc(N5C(=O)c6ccc([Si](C)(C)c7ccc8c(c7)C(=O)N[*]C8=O)cc6C5=O)cc4)cc3)cc2)cc1,519.15,train
698ddbe96c00d07d5428d253,[*]CC(C)N1C(=O)C2C3C=CC(C4C(=O)N[*]C(=O)C34)C2C1=O,485.15,train
698ddbe96c00d07d5428d254,[*]CCCN1C(=O)C2C3C=CC(C4C(=O)N[*]C(=O)C34)C2C1=O,483.15,test
698ddbe96c00d07d5428d255,[*]CCCCN1C(=O)C2C3C=CC(C4C(=O)N[*]C(=O)C34)C2C1=O,484.15,test
698ddbe96c00d07d5428d256,[*]CCCCCCCCCCN1C(=O)C2C3C=CC(C4C(=O)N[*]C(=O)C34)C2C1=O,492.15,test
698ddbe96c00d07d5428d257,[*]C1CCC(CC2CCC(N3C(=O)C4C5C=CC(C6C(=O)N[*]C(=O)C56)C4C3=O)CC2)CC1,512.15,train
698ddbe96c00d07d5428d258,[*]C1CCC(CC2CCC(N3C(=O)C4C5C=CC(C6C(=O)N[*]C(=O)C56)C4C3=O)C(C)C2)CC1C,514.15,train
698ddbe96c00d07d5428d259,[*]c1ccc(Sc2cc3c(cc2Sc2ccc(N4C(=O)C5C6C=CC(C7C(=O)N[*]C(=O)C67)C5C4=O)cc2)C(=O)N(CCc2ccccc2)C3=O)cc1,531.15,train
698ddbe96c00d07d5428d25a,[*]c1ccc(Sc2cc3c(cc2Sc2ccc(N4C(=O)C5C6C=CC(C7C(=O)N[*]C(=O)C67)C5C4=O)cc2)C(=O)N(c2ccc(CC)cc2)C3=O)cc1,593.15,train
698ddbe96c00d07d5428d25b,[*]c1ccc(Sc2cc3c(cc2Sc2ccc(N4C(=O)C5C6C=CC(C7C(=O)N[*]C(=O)C67)C5C4=O)cc2)C(=O)N(CCN(C)C)C3=O)cc1,583.15,train
698ddbe96c00d07d5428d25c,[*]c1ccc(Sc2cc3c(cc2Sc2ccc(N4C(=O)c5ccc(Oc6ccc7c(c6)C(=O)N[*]C7=O)cc5C4=O)cc2)C(=O)N(CCCCCCCCCCCCCCCC)C3=O)cc1,429.15,train
698ddbe96c00d07d5428d25d,[*]c1ccc(Sc2cc3c(cc2Sc2ccc(N4C(=O)c5ccc(Oc6ccc7c(c6)C(=O)N[*]C7=O)cc5C4=O)cc2)C(=O)N(CCc2ccccc2)C3=O)cc1,491.15,val
698ddbe96c00d07d5428d25e,[*]c1ccc(Sc2cc3c(cc2Sc2ccc(N4C(=O)c5ccc(Oc6ccc7c(c6)C(=O)N[*]C7=O)cc5C4=O)cc2)C(=O)N(c2ccc(CC)cc2)C3=O)cc1,544.15,train
698ddbe96c00d07d5428d25f,[*]c1cc(C(c2ccc(OCc3cc(OCCN(C)c4ccc(/C=C/C5=CC(=C(C#N)C#N)CC(C)(C)C5)cc4)cc(OCCN(C)c4ccc(/C=C/C5=CC(=C(C#N)C#N)CC(C)(C)C5)cc4)c3)c(N3C(=O)c4ccc(Oc5ccc6c(c5)C(=O)N[*]C6=O)cc4C3=O)c2)(C(F)(F)F)C(F)(F)F)ccc1OCc1cc(OCCN(C)c2ccc(/C=C/C3=CC(=C(C#N)C#N)CC(C)(C)C3)cc2)cc(OCCN(C)c2ccc(/C=C/C3=CC(=C(C#N)C#N)CC(C)(C)C3)cc2)c1,451.15,test
698ddbe96c00d07d5428d260,[*]c1cc(C(c2ccc(O)c(N3C(=O)c4ccc(Oc5ccc6c(c5)C(=O)N[*]C6=O)cc4C3=O)c2)(C(F)(F)F)C(F)(F)F)ccc1O,539.15,test
698ddbe96c00d07d5428d261,[*]c1ccc(Oc2ccc(C(=O)c3cccc(C(=O)c4ccc(Oc5ccc(-n6c(=O)c7cc8c(=O)n[*]c(=O)c8cc7c6=O)cc5)cc4)n3)cc2)cc1,597.75,train
698ddbe96c00d07d5428d262,[*]c1ccc(Oc2ccc(C(=O)c3cccc(C(=O)c4ccc(Oc5ccc(N6C(=O)c7ccc(Oc8ccc9c(c8)C(=O)N[*]C9=O)cc7C6=O)cc5)cc4)n3)cc2)cc1,481.75,train
698ddbe96c00d07d5428d263,[*]C(=O)c1ccc2c(c1)C(=O)N(c1ccc(Oc3ccc(C(=O)c4cccc(C(=O)c5ccc(Oc6ccc(N7C(=O)c8ccc[*]cc8C7=O)cc6)cc5)n4)cc3)cc1)C2=O,587.65,train
698ddbe96c00d07d5428d264,[*]c1ccc2c(c1)C(=O)N(c1ccc(Oc3ccc(C(=O)c4cccc(C(=O)c5ccc(Oc6ccc(N7C(=O)c8ccc(C[*](C(F)(F)F)C(F)(F)F)cc8C7=O)cc6)cc5)n4)cc3)cc1)C2=O,500.04999999999995,train
698ddbe96c00d07d5428d265,[*]CCCCCCN1C(=O)C(C)C(SCCOCCSC2C(=O)N(CCCCCCN3C(=O)CC(C)(SCCOCCSC4(C)CC(=O)N[*]C4=O)C3=O)C(=O)C2C)C1=O,351.15,train
698ddbe96c00d07d5428d266,[*]c1ccc(Cc2ccc(N3C(=O)C(C)C(SCCOCCSC4C(=O)N(c5ccc(Cc6ccc(N7C(=O)CC(C)(SCCOCCSC8(C)CC(=O)N[*]C8=O)C7=O)cc6)cc5)C(=O)C4C)C3=O)cc2)cc1,378.15,val
698ddbe96c00d07d5428d267,[*]c1ccc(Oc2ccc(N3C(=O)C(C)C(SCCOCCSC4C(=O)N(c5ccc(Oc6ccc(N7C(=O)CC(C)(SCCOCCSC8(C)CC(=O)N[*]C8=O)C7=O)cc6)cc5)C(=O)C4C)C3=O)cc2)cc1,418.15,train
698ddbe96c00d07d5428d268,[*]c1ccc(S(=O)(=O)c2ccc(N3C(=O)C(C)C(SCCOCCSC4C(=O)N(c5ccc(S(=O)(=O)c6ccc(N7C(=O)CC(C)(SCCOCCSC8(C)CC(=O)N[*]C8=O)C7=O)cc6)cc5)C(=O)C4C)C3=O)cc2)cc1,430.15,test
698ddbe96c00d07d5428d269,[*]c1ccc(Oc2cccc(Oc3ccc(N4C(=O)c5ccc(Oc6ccc(C(C)(C)c7ccc(Oc8ccc9c(c8)C(=O)N[*]C9=O)cc7)cc6)cc5C4=O)cc3)c2C#N)cc1,486.15,train
698ddbe96c00d07d5428d26a,[*]c1ccc(Oc2cccc(Oc3ccc(N4C(=O)c5ccc(-c6ccc7c(c6)C(=O)N[*]C7=O)cc5C4=O)cc3)c2C#N)cc1,544.15,train
698ddbe96c00d07d5428d26b,[*]C(=O)c1ccc2c(c1)C(=O)N(c1ccc(Oc3cccc(Oc4ccc(N5C(=O)c6ccc[*]cc6C5=O)cc4)c3C#N)cc1)C2=O,518.15,train
698ddbe96c00d07d5428d26c,[*]c1ccc2c(c1)C(=O)N(c1ccc(Oc3cccc(Oc4ccc(N5C(=O)c6ccc(C[*](C(F)(F)F)C(F)(F)F)cc6C5=O)cc4)c3C#N)cc1)C2=O,553.15,test
698ddbe96c00d07d5428d26d,[*]c1ccc(Oc2cccc(Oc3ccc(-n4c(=O)c5cc6c(=O)n[*]c(=O)c6cc5c4=O)cc3)c2C#N)cc1,601.15,test
698ddbe96c00d07d5428d26e,[*]c1ccc(Oc2ccc(N3C(=O)c4ccc(C(c5ccc6c(c5)C(=O)N(c5ncc[*]s5)C6=O)(C(F)(F)F)C(F)(F)F)cc4C3=O)cc2)cc1,541.3499999999999,train
698ddbe96c00d07d5428d26f,[*]c1ccc(Oc2ccc(N3C(=O)c4ccc(Oc5ccc6c(c5)C(=O)N(c5ncc[*]s5)C6=O)cc4C3=O)cc2)cc1,573.15,val
698ddbe96c00d07d5428d270,[*]c1ccc(Oc2ccc(N3C(=O)c4ccc(C(=O)c5ccc6c(c5)C(=O)N(c5ncc[*]s5)C6=O)cc4C3=O)cc2)cc1,593.3499999999999,train
698ddbe96c00d07d5428d271,[*]c1ccc(Oc2ccc(-n3c(=O)c4cc5c(=O)n(-c6ncc[*]s6)c(=O)c5cc4c3=O)cc2)cc1,601.95,train
698ddbe96c00d07d5428d272,[*]c1ccc(Oc2ccc(C(C)(C)c3ccc(Oc4ccc(N5C(=O)c6ccc(Oc7ccc(C(C)(C)c8ccc(Oc9ccc%10c(c9)C(=O)N[*]C%10=O)cc8)cc7)cc6C5=O)cc4)cc3)cc2)cc1,449.15,train
698ddbe96c00d07d5428d273,[*]c1ccc(S(=O)(=O)c2ccc(N3C(=O)c4ccc(Oc5ccc(C(C)(C)c6ccc(Oc7ccc8c(c7)C(=O)N[*]C8=O)cc6)cc5)cc4C3=O)cc2)cc1,540.15,train
698ddbe96c00d07d5428d274,[*]c1ccc(Oc2ccc(C(=O)c3cccc(C(=O)c4ccc(Oc5ccc(N6C(=O)c7ccc(Oc8ccc9c(c8)C(=O)N[*]C9=O)cc7C6=O)cc5C(F)(F)F)cc4)n3)cc2)c(C(F)(F)F)c1,485.34999999999997,val
698ddbe96c00d07d5428d275,[*]c1ccc2c(c1)C(=O)N(c1ccc(Oc3ccc(C(=O)c4cccc(C(=O)c5ccc(Oc6ccc(N7C(=O)c8ccc(C[*](C(F)(F)F)C(F)(F)F)cc8C7=O)cc6C(F)(F)F)cc5)n4)cc3)c(C(F)(F)F)c1)C2=O,479.54999999999995,train
698ddbe96c00d07d5428d276,[*]C(=O)c1ccc2c(c1)C(=O)N(c1ccc(Oc3ccc(C(=O)c4cccc(C(=O)c5ccc(Oc6ccc(N7C(=O)c8ccc[*]cc8C7=O)cc6C(F)(F)F)cc5)n4)cc3)c(C(F)(F)F)c1)C2=O,498.34999999999997,test
698ddbe96c00d07d5428d277,[*]c1ccc(Oc2ccc(C(=O)c3cccc(C(=O)c4ccc(Oc5ccc(-n6c(=O)c7cc8c(=O)n[*]c(=O)c8cc7c6=O)cc5C(F)(F)F)cc4)n3)cc2)c(C(F)(F)F)c1,500.25,train
698ddbe96c00d07d5428d278,[*]c1ccc(Oc2cccc(Oc3ccc(N4C(=O)c5ccc(Oc6ccc(C(C)(C)c7ccc(Oc8ccc9c(c8)C(=O)N[*]C9=O)cc7)cc6)cc5C4=O)cc3)c2)cc1,519.15,train
698ddbe96c00d07d5428d279,[*]c1ccc(Oc2ccc3ccccc3c2-c2c(Oc3ccc(N4C(=O)c5ccc(NC(=O)Nc6cccc(NC(=O)Nc7ccc8c(c7)C(=O)N[*]C8=O)n6)cc5C4=O)cc3)ccc3ccccc23)cc1,556.15,test
698ddbe96c00d07d5428d27a,[*]c1ccc(Oc2ccc3ccccc3c2-c2c(Oc3ccc(N4C(=O)c5ccc(NC(=O)Nc6cccc7c(NC(=O)Nc8ccc9c(c8)C(=O)N[*]C9=O)cccc67)cc5C4=O)cc3)ccc3ccccc23)cc1,570.15,test
698ddbe96c00d07d5428d27b,[*]c1ccc(Oc2ccc3ccccc3c2-c2c(Oc3ccc(N4C(=O)c5ccc(NC(=O)Nc6ccc(Oc7ccc(NC(=O)Nc8ccc9c(c8)C(=O)N[*]C9=O)cc7)cc6)cc5C4=O)cc3)ccc3ccccc23)cc1,547.15,train
698ddbe96c00d07d5428d27c,[*]c1ccc(Oc2ccc3ccccc3c2-c2c(Oc3ccc(N4C(=O)c5ccc(NC(=O)Nc6ccc(Oc7ccccc7-c7ccccc7Oc7ccc(NC(=O)Nc8ccc9c(c8)C(=O)N[*]C9=O)cc7)cc6)cc5C4=O)cc3)ccc3ccccc23)cc1,558.15,train
698ddbe96c00d07d5428d27d,[*]c1ccc(Oc2ccc3ccccc3c2-c2c(Oc3ccc(N4C(=O)c5ccc(NC(=O)Nc6ccc(-c7cc(-c8ccc(-c9ccccc9)cc8)cc(-c8ccc(NC(=O)Nc9ccc%10c(c9)C(=O)N[*]C%10=O)cc8)n7)cc6)cc5C4=O)cc3)ccc3ccccc23)cc1,575.15,train
698ddbe96c00d07d5428d27e,[*]c1cccc(-n2c(=O)c3cc4c(=O)n[*]c(=O)c4cc3c2=O)n1,456.65,train
698ddbe96c00d07d5428d27f,[*]c1ccc(OCC2CCC(COc3ccc(-n4c(=O)c5cc6c(=O)n[*]c(=O)c6cc5c4=O)cc3)CC2)cc1,579.8499999999999,train
698ddbe96c00d07d5428d280,[*]c1ccc(OCC2CCC(COc3ccc(N4C(=O)c5ccc(-c6ccc7c(c6)C(=O)N[*]C7=O)cc5C4=O)cc3)CC2)cc1,527.55,train
698ddbe96c00d07d5428d281,[*]c1ccc(-c2cc(-c3ccc(-c4ccccc4)cc3)cc(-c3ccc(N4C(=O)c5ccc(NC(=O)Nc6ccc(Oc7ccccc7-c7ccccc7Oc7ccc(NC(=O)Nc8ccc9c(c8)C(=O)N[*]C9=O)cc7)cc6)cc5C4=O)cc3)n2)cc1,522.15,train
698ddbe96c00d07d5428d282,[*]c1ccc(-c2cc(-c3ccc(-c4ccccc4)cc3)cc(-c3ccc(N4C(=O)c5ccc(NC(=O)Nc6ccc(-c7cc(-c8ccc(-c9ccccc9)cc8)cc(-c8ccc(NC(=O)Nc9ccc%10c(c9)C(=O)N[*]C%10=O)cc8)n7)cc6)cc5C4=O)cc3)n2)cc1,545.15,val
698ddbe96c00d07d5428d283,[*]c1ccc(-c2cc(-c3ccc(-c4ccccc4)cc3)cc(-c3ccc(N4C(=O)c5ccc(NC(=O)Nc6ccc(NC(=O)Nc7ccc8c(c7)C(=O)N[*]C8=O)cc6)cc5C4=O)cc3)n2)cc1,516.15,train
698ddbe96c00d07d5428d284,[*]c1ccc(-c2cc(-c3ccc(-c4ccccc4)cc3)cc(-c3ccc(N4C(=O)c5ccc(NC(=O)Nc6cccc(NC(=O)Nc7ccc8c(c7)C(=O)N[*]C8=O)n6)cc5C4=O)cc3)n2)cc1,521.15,train
698ddbe96c00d07d5428d285,[*]c1ccc(-c2cc(-c3ccc(-c4ccccc4)cc3)cc(-c3ccc(N4C(=O)c5ccc(NC(=O)Nc6cccc7c(NC(=O)Nc8ccc9c(c8)C(=O)N[*]C9=O)cccc67)cc5C4=O)cc3)n2)cc1,527.15,test
698ddbe96c00d07d5428d286,[*]c1ccc(-c2cc(-c3ccc(-c4ccccc4)cc3)cc(-c3ccc(N4C(=O)c5ccc(NC(=O)Nc6ccc(Oc7ccc(NC(=O)Nc8ccc9c(c8)C(=O)N[*]C9=O)cc7)cc6)cc5C4=O)cc3)n2)cc1,514.15,train
698ddbe96c00d07d5428d287,[*]C(=O)Nc1ccc(Oc2cccc3c(NC(=O)c4ccc5c(c4)C(=O)N(c4ccc(Oc6cccc7c(N8C(=O)c9ccc[*]cc9C8=O)cccc67)cc4)C5=O)cccc23)cc1,549.15,train
698ddbe96c00d07d5428d288,[*]C(=O)Nc1cccc(NC(=O)c2ccc3c(c2)C(=O)N(c2ccc(Oc4cccc5c(N6C(=O)c7ccc[*]cc7C6=O)cccc45)cc2)C3=O)n1,566.15,train
698ddbe96c00d07d5428d289,[*]C(=O)Nc1ccc(-c2cc(-c3ccccc3)cc(-c3ccc(NC(=O)c4ccc5c(c4)C(=O)N(c4ccc(Oc6cccc7c(N8C(=O)c9ccc[*]cc9C8=O)cccc67)cc4)C5=O)cc3)n2)cc1,568.15,test
698ddbe96c00d07d5428d28a,[*]C(=O)Nc1nc(NC(=O)c2ccc3c(c2)C(=O)N(c2ccc(Oc4cccc5c(N6C(=O)c7ccc[*]cc7C6=O)cccc45)cc2)C3=O)nc(-c2ccccc2)n1,564.15,train
698ddbe96c00d07d5428d28b,[*]C(=O)Nc1ccc(NC(=O)c2ccc3c(c2)C(=O)N(c2ccc(Oc4cccc5c(N6C(=O)c7ccc[*]cc7C6=O)cccc45)cc2)C3=O)cc1,580.15,train
698ddbe96c00d07d5428d28c,[*]C(=O)Nc1ccc(-c2ccc(NC(=O)c3ccc4c(c3)C(=O)N(c3ccc(Oc5cccc6c(N7C(=O)c8ccc[*]cc8C7=O)cccc56)cc3)C4=O)cc2)cc1,574.15,test
698ddbe96c00d07d5428d28d,[*]C(=O)Nc1ccc(-c2ccc(NC(=O)c3ccc4c(c3)C(=O)N(c3ccc(Oc5cccc6c(N7C(=O)c8ccc[*]cc8C7=O)cccc56)cc3)C4=O)c(OC)c2)cc1OC,577.15,test
698ddbe96c00d07d5428d28e,[*]C(=O)Nc1ccc(Oc2ccc(NC(=O)c3ccc4c(c3)C(=O)N(c3ccc(Oc5cccc6c(N7C(=O)c8ccc[*]cc8C7=O)cccc56)cc3)C4=O)cc2)cc1,551.15,train
698ddbe96c00d07d5428d28f,[*]C(=O)Nc1cccc2c(NC(=O)c3ccc4c(c3)C(=O)N(c3ccc(Oc5cccc6c(N7C(=O)c8ccc[*]cc8C7=O)cccc56)cc3)C4=O)cccc12,572.15,train
698ddbe96c00d07d5428d290,[*]c1cc(C)c(/N=C/c2ccc(OCc3ccc(COc4ccc(/C=N/c5cc(C)c(-n6c(=O)c7ccc8c9ccc%10c(=O)n[*]c(=O)c%11ccc(c%12ccc(c6=O)c7c8%12)c9c%10%11)cc5C)cc4OC)cc3)c(OC)c2)cc1C,418.15,test
698ddbe96c00d07d5428d291,[*]c1cc(C)c(/N=C/c2ccc(OCc3ccccc3COc3ccc(/C=N/c4cc(C)c(-n5c(=O)c6ccc7c8ccc9c(=O)n[*]c(=O)c%10ccc(c%11ccc(c5=O)c6c7%11)c8c9%10)cc4C)cc3OC)c(OC)c2)cc1C,416.15,train
698ddbe96c00d07d5428d292,[*]c1cc(C)c(/N=C/c2ccc(OCc3ccc(COc4ccc(/C=N/c5cc(C)c(-n6c(=O)c7ccc8c9ccc%10c(=O)n[*]c(=O)c%11ccc(c%12ccc(c6=O)c7c8%12)c9c%10%11)cc5C)cc4)cc3)cc2)cc1C,403.15,val
698ddbe96c00d07d5428d293,[*]c1cc(C)c(/N=C/c2ccc(OCc3ccccc3COc3ccc(/C=N/c4cc(C)c(-n5c(=O)c6ccc7c8ccc9c(=O)n[*]c(=O)c%10ccc(c%11ccc(c5=O)c6c7%11)c8c9%10)cc4C)cc3)cc2)cc1C,401.15,train
698ddbe96c00d07d5428d294,[*]c1ccc(Sc2ccc(Sc3ccc(Sc4ccc(-n5c(=O)c6cc7c(=O)n[*]c(=O)c7cc6c5=O)cc4)cc3)cc2)cc1,507.2,test
698ddbe96c00d07d5428d295,[*]c1ccc(Sc2ccc3c(c2)Sc2ccc(Sc4ccc(-n5c(=O)c6cc7c(=O)n[*]c(=O)c7cc6c5=O)cc4)cc2S3)cc1,527.9,train
698ddbe96c00d07d5428d296,[*]C(=O)Nc1ccc(C2(c3ccc(NC(=O)c4ccc5c(c4)C(=O)N(c4cccc(N6C(=O)c7ccc[*]cc7C6=O)c4)C5=O)cc3)c3ccccc3-c3ccccc32)cc1,482.15,train
698ddbe96c00d07d5428d297,[*]C(=O)Nc1ccc(C2(c3ccc(NC(=O)c4ccc5c(c4)C(=O)N(c4ccc(-c6ccc(N7C(=O)c8ccc[*]cc8C7=O)c(OC)c6)cc4OC)C5=O)cc3)c3ccccc3-c3ccccc32)cc1,454.15,train
698ddbe96c00d07d5428d298,[*]C(=O)Nc1ccc(C2(c3ccc(NC(=O)c4ccc5c(c4)C(=O)N(c4ccc(Oc6ccc(N7C(=O)c8ccc[*]cc8C7=O)cc6)cc4)C5=O)cc3)c3ccccc3-c3ccccc32)cc1,513.15,train
698ddbe96c00d07d5428d299,[*]C(=O)Nc1ccc(C2(c3ccc(NC(=O)c4ccc5c(c4)C(=O)N(c4ccc(Oc6cccc(Oc7ccc(N8C(=O)c9ccc[*]cc9C8=O)cc7)c6)cc4)C5=O)cc3)c3ccccc3-c3ccccc32)cc1,551.15,train
698ddbe96c00d07d5428d29a,[*]c1c(C)cc(C(c2cccnc2)c2cc(C)c(N3C(=O)CC(Nc4ccc(Cc5ccc(NC6CC(=O)N[*]C6=O)cc5)cc4)C3=O)c(C)c2)cc1C,492.15,train
698ddbe96c00d07d5428d29b,[*]c1c(C)cc(C(c2cccnc2)c2cc(C)c(N3C(=O)CC(Nc4cccc(NC5CC(=O)N[*]C5=O)c4)C3=O)c(C)c2)cc1C,497.15,test
698ddbe96c00d07d5428d29c,[*]c1c(C)cc(C(c2cccnc2)c2cc(C)c(N3C(=O)CC(Nc4ccc(NC5CC(=O)N[*]C5=O)cc4)C3=O)c(C)c2)cc1C,504.15,test
698ddbe96c00d07d5428d29d,[*]c1ccc(Oc2c(C)cc(C(c3cccnc3)c3cc(C)c(Oc4ccc(N5C(=O)CC(Nc6ccc(Cc7ccc(NC8CC(=O)N[*]C8=O)cc7)cc6)C5=O)cc4)c(C)c3)cc2C)cc1,474.15,train
698ddbe96c00d07d5428d29e,[*]c1ccc(Oc2c(C)cc(C(c3cccnc3)c3cc(C)c(Oc4ccc(N5C(=O)CC(Nc6cccc(NC7CC(=O)N[*]C7=O)c6)C5=O)cc4)c(C)c3)cc2C)cc1,490.15,train
698ddbe96c00d07d5428d29f,[*]c1ccc(Oc2c(C)cc(C(c3cccnc3)c3cc(C)c(Oc4ccc(N5C(=O)CC(Nc6ccc(NC7CC(=O)N[*]C7=O)cc6)C5=O)cc4)c(C)c3)cc2C)cc1,502.15,train
698ddbe96c00d07d5428d2a0,[*]c1ccc(C(=O)Oc2c(C)cc(C(c3cccnc3)c3cc(C)c(OC(=O)c4ccc(N5C(=O)CC(Nc6ccc(Cc7ccc(NC8CC(=O)N[*]C8=O)cc7)cc6)C5=O)cc4)c(C)c3)cc2C)cc1,459.15,train
698ddbe96c00d07d5428d2a1,[*]c1ccc(C(=O)Oc2c(C)cc(C(c3cccnc3)c3cc(C)c(OC(=O)c4ccc(N5C(=O)CC(Nc6cccc(NC7CC(=O)N[*]C7=O)c6)C5=O)cc4)c(C)c3)cc2C)cc1,467.15,train
698ddbe96c00d07d5428d2a2,[*]c1ccc(C(=O)Oc2c(C)cc(C(c3cccnc3)c3cc(C)c(OC(=O)c4ccc(N5C(=O)CC(Nc6ccc(NC7CC(=O)N[*]C7=O)cc6)C5=O)cc4)c(C)c3)cc2C)cc1,485.15,train
698ddbe96c00d07d5428d2a3,[*]C(=O)Oc1ccc(OC(=O)c2ccc3c(c2)C(=O)N(C2CCC(N4C(=O)c5ccc[*]cc5C4=O)CC2)C3=O)cc1,633.15,train
698ddbe96c00d07d5428d2a4,[*]c1ccc(C(=O)Nc2ccc(N3C(=O)c4ccc(-c5ccc6c(c5)C(=O)N[*]C6=O)cc4C3=O)cc2)cc1,608.15,test
698ddbe96c00d07d5428d2a5,[*]c1ccc(Oc2ccc(C(C)(C)c3ccc(Oc4ccc(N5C(=O)c6ccc(Oc7ccc8c(c7)C(=O)N[*]C8=O)cc6C5=O)cc4)cc3)cc2)cc1,500.65,train
698ddbe96c00d07d5428d2a6,[*]c1ccc(N(c2ccc(C#N)cc2)c2ccc(N3C(=O)c4ccc(Oc5ccc(C6(c7ccc(Oc8ccc9c(c8)C(=O)N[*]C9=O)cc7)CCCCC6)cc5)cc4C3=O)cc2)cc1,516.15,train
698ddbe96c00d07d5428d2a7,[*]c1ccc(N(c2ccc(C#N)cc2)c2ccc(N3C(=O)c4ccc(Oc5ccc(C6(c7ccc(Oc8ccc9c(c8)C(=O)N[*]C9=O)cc7)c7ccccc7-c7ccccc76)cc5)cc4C3=O)cc2)cc1,552.15,test
698ddbe96c00d07d5428d2a8,[*]c1ccc(N(c2ccc(C#N)cc2)c2ccc(N3C(=O)c4ccc(Oc5ccc(C(C)(C)c6ccc(Oc7ccc8c(c7)C(=O)N[*]C8=O)cc6)cc5)cc4C3=O)cc2)cc1,503.15,train
698ddbe96c00d07d5428d2a9,[*]c1ccc(N(c2ccc(C#N)cc2)c2ccc(N3C(=O)c4ccc(Oc5ccc(C(c6ccc(Oc7ccc8c(c7)C(=O)N[*]C8=O)cc6)(C(F)(F)F)C(F)(F)F)cc5)cc4C3=O)cc2)cc1,507.15,test
698ddbe96c00d07d5428d2aa,[*]c1ccc(N(c2ccc(C#N)cc2)c2ccc(N3C(=O)c4ccc(Oc5ccc(C(C)(C)c6ccc(C(C)(C)c7ccc(Oc8ccc9c(c8)C(=O)N[*]C9=O)cc7)cc6)cc5)cc4C3=O)cc2)cc1,497.15,train
698ddbe96c00d07d5428d2ab,[*]c1ccc(O)c(N2C(=O)c3ccc(Oc4ccc(C(C)(C)c5ccc(Oc6ccc7c(c6)C(=O)N[*]C7=O)cc5)cc4)cc3C2=O)c1,519.15,train
698ddbe96c00d07d5428d2ac,[*]C(=O)Oc1ccc(C(C)(C)c2ccc(OC(=O)c3ccc4c(c3)C(=O)N(c3ccc(O)c(N5C(=O)c6ccc[*]cc6C5=O)c3)C4=O)cc2)cc1,498.15,train
698ddbe96c00d07d5428d2ad,[*]C(CC)COC(=O)NCCCCCCNC(=O)OCC(CC)n1c(=O)c2cc3c(=O)n[*]c(=O)c3cc2c1=O,334.15,train
698ddbe96c00d07d5428d2ae,[*]c1cccc(Oc2cccc(Oc3cccc(N4C(=O)c5ccc(Oc6ccc7c(c6)C(=O)N[*]C7=O)cc5C4=O)c3)c2C#N)c1,492.15,train
698ddbe96c00d07d5428d2b2,[*]c1cccc(P(C)(=O)c2cccc(N3C(=O)c4ccc(NC(=O)OCCOc5ccc(C(C)(C)c6ccc(OCCOC(=O)Nc7ccc8c(c7)C(=O)N[*]C8=O)cc6)cc5)cc4C3=O)c2)c1,484.15,train
698ddbe96c00d07d5428d2b3,[*]c1cccc(P(C)(=O)c2cccc(N3C(=O)c4ccc(NC(=O)OCCOc5ccc(C(c6ccc(OCCOC(=O)Nc7ccc8c(c7)C(=O)N[*]C8=O)cc6)(C(F)(F)F)C(F)(F)F)cc5)cc4C3=O)c2)c1,477.15,test
698ddbe96c00d07d5428d2b4,[*]c1cccc(P(C)(=O)c2cccc(N3C(=O)c4ccc(NC(=O)OCCOc5c(Br)cc(C(C)(C)c6cc(Br)c(OCCOC(=O)Nc7ccc8c(c7)C(=O)N[*]C8=O)c(Br)c6)cc5Br)cc4C3=O)c2)c1,464.15,train
698ddbe96c00d07d5428d2b5,[*]c1cccc(P(C)(=O)c2cccc(N3C(=O)c4ccc(NC(=O)OCCOc5ccc(P(=O)(c6ccccc6)c6ccc(OCCOC(=O)Nc7ccc8c(c7)C(=O)N[*]C8=O)cc6)cc5)cc4C3=O)c2)c1,474.15,train
698ddbe96c00d07d5428d2b6,[*]c1cccc(P(=O)(c2ccccc2)c2cccc(N3C(=O)c4ccc(NC(=O)OCCOc5ccc(C(C)(C)c6ccc(OCCOC(=O)Nc7ccc8c(c7)C(=O)N[*]C8=O)cc6)cc5)cc4C3=O)c2)c1,493.15,train
698ddbe96c00d07d5428d2b7,[*]c1cccc(P(=O)(c2ccccc2)c2cccc(N3C(=O)c4ccc(NC(=O)OCCOc5ccc(C(c6ccc(OCCOC(=O)Nc7ccc8c(c7)C(=O)N[*]C8=O)cc6)(C(F)(F)F)C(F)(F)F)cc5)cc4C3=O)c2)c1,487.15,train
698ddbe96c00d07d5428d2b8,[*]c1cccc(P(=O)(c2ccccc2)c2cccc(N3C(=O)c4ccc(NC(=O)OCCOc5c(Br)cc(C(C)(C)c6cc(Br)c(OCCOC(=O)Nc7ccc8c(c7)C(=O)N[*]C8=O)c(Br)c6)cc5Br)cc4C3=O)c2)c1,474.15,train
698ddbe96c00d07d5428d2b9,[*]c1cccc(P(=O)(c2ccccc2)c2cccc(N3C(=O)c4ccc(NC(=O)OCCOc5ccc(P(=O)(c6ccccc6)c6ccc(OCCOC(=O)Nc7ccc8c(c7)C(=O)N[*]C8=O)cc6)cc5)cc4C3=O)c2)c1,491.15,train
698ddbe96c00d07d5428d2ba,[*]C1CCC(N2C(=O)c3ccc(S(=O)(=O)c4ccc5c(c4)C(=O)N[*]C5=O)cc3C2=O)CC1,636.15,train
698ddbe96c00d07d5428d2bb,[*]c1ccc(-c2ccc(Oc3ccc(C4(C)CC(C)(C)c5ccc(Oc6ccc(-c7ccc(-n8c(=O)c9cc%10c(=O)n[*]c(=O)c%10cc9c8=O)cc7)cc6C(F)(F)F)cc54)cc3)c(C(F)(F)F)c2)cc1,538.15,val
698ddbe96c00d07d5428d2bc,[*]C(=O)c1ccc2c(c1)C(=O)N(c1ccc(-c3ccc(Oc4ccc(C5(C)CC(C)(C)c6ccc(Oc7ccc(-c8ccc(N9C(=O)c%10ccc[*]cc%10C9=O)cc8)cc7C(F)(F)F)cc65)cc4)c(C(F)(F)F)c3)cc1)C2=O,525.15,train
698ddbe96c00d07d5428d2bd,[*]c1ccc2c(c1)C(=O)N(c1ccc(-c3ccc(Oc4ccc5c(c4)C(C)(c4ccc(Oc6ccc(-c7ccc(N8C(=O)c9ccc(C[*](C(F)(F)F)C(F)(F)F)cc9C8=O)cc7)cc6C(F)(F)F)cc4)CC5(C)C)c(C(F)(F)F)c3)cc1)C2=O,535.15,test
698ddbe96c00d07d5428d2be,[*]c1ccc(-c2ccc(Oc3ccc(C4(C)CC(C)(C)c5ccc(Oc6ccc(-c7ccc(N8C(=O)c9ccc(Oc%10ccc%11c(c%10)C(=O)N[*]C%11=O)cc9C8=O)cc7)cc6C(F)(F)F)cc54)cc3)c(C(F)(F)F)c2)cc1,522.15,test
698ddbe96c00d07d5428d2bf,[*]c1ccc(-c2ccc(Oc3ccc(C4(C)CC(C)(C)c5ccc(Oc6ccc(-c7ccc(N8C(=O)c9ccc(Oc%10ccc(C(C)(C)c%11ccc(Oc%12ccc%13c(c%12)C(=O)N[*]C%13=O)cc%11)cc%10)cc9C8=O)cc7)cc6C(F)(F)F)cc54)cc3)c(C(F)(F)F)c2)cc1,514.15,train
698ddbe96c00d07d5428d2c0,[*]c1cc(OCCCC)cc(N2C(=O)c3ccc(Oc4ccc5c(c4)C(=O)N[*]C5=O)cc3C2=O)c1,510.15,train
698ddbe96c00d07d5428d2c1,[*]c1cc(OCCCCCCCC)cc(N2C(=O)c3ccc(Oc4ccc5c(c4)C(=O)N[*]C5=O)cc3C2=O)c1,458.15,train
698ddbe96c00d07d5428d2c2,[*]c1cc(OCCCCCCCCCCCC)cc(N2C(=O)c3ccc(Oc4ccc5c(c4)C(=O)N[*]C5=O)cc3C2=O)c1,435.15,train
698ddbe96c00d07d5428d2c3,[*]c1cc(OCCCCCCCCCCCCCCCC)cc(N2C(=O)c3ccc(Oc4ccc5c(c4)C(=O)N[*]C5=O)cc3C2=O)c1,432.15,val
698ddbe96c00d07d5428d2c4,[*]c1ccc2c(c1)C(=O)N(c1cc(OCCCC)cc(N3C(=O)c4ccc(C[*](C(F)(F)F)C(F)(F)F)cc4C3=O)c1)C2=O,519.15,test
698ddbe96c00d07d5428d2c5,[*]c1ccc2c(c1)C(=O)N(c1cc(OCCCCCCCC)cc(N3C(=O)c4ccc(C[*](C(F)(F)F)C(F)(F)F)cc4C3=O)c1)C2=O,468.15,val
698ddbe96c00d07d5428d2c6,[*]c1ccc2c(c1)C(=O)N(c1cc(OCCCCCCCCCCCC)cc(N3C(=O)c4ccc(C[*](C(F)(F)F)C(F)(F)F)cc4C3=O)c1)C2=O,438.15,train
698ddbe96c00d07d5428d2c7,[*]c1ccc2c(c1)C(=O)N(c1cc(OCCCCCCCCCCCCCCCC)cc(N3C(=O)c4ccc(C[*](C(F)(F)F)C(F)(F)F)cc4C3=O)c1)C2=O,434.15,train
698ddbe96c00d07d5428d2c8,[*]C(=O)c1ccc2c(c1)C(=O)N(c1cc(OCCCC)cc(N3C(=O)c4ccc[*]cc4C3=O)c1)C2=O,517.15,train
698ddbe96c00d07d5428d2c9,[*]C(=O)c1ccc2c(c1)C(=O)N(c1cc(OCCCCCCCC)cc(N3C(=O)c4ccc[*]cc4C3=O)c1)C2=O,468.15,test
698ddbe96c00d07d5428d2ca,[*]C(=O)c1ccc2c(c1)C(=O)N(c1cc(OCCCCCCCCCCCC)cc(N3C(=O)c4ccc[*]cc4C3=O)c1)C2=O,455.15,train
698ddbe96c00d07d5428d2cb,[*]C(=O)c1ccc2c(c1)C(=O)N(c1cc(OCCCCCCCCCCCCCCCC)cc(N3C(=O)c4ccc[*]cc4C3=O)c1)C2=O,452.15,train
698ddbe96c00d07d5428d2cc,[*]c1cccc(Oc2ccc(C#N)c(Oc3cccc(N4C(=O)c5ccc(Oc6ccc7c(c6)C(=O)N[*]C7=O)cc5C4=O)c3)c2)c1,469.15,train
698ddbe96c00d07d5428d2cd,[*]c1cccc(Oc2cccc(Oc3cccc(Oc4cccc(Oc5cccc(N6C(=O)c7ccc(Oc8ccc9c(c8)C(=O)N[*]C9=O)cc7C6=O)c5)c4C#N)c3)c2C#N)c1,449.15,train
698ddbe96c00d07d5428d2ce,[*]c1ccc(NC2CC(=O)N(c3ccc(-c4sc(-c5ccc(N6C(=O)CC(Nc7ccc(-c8nc(-c9ccc(-c%10nc(-c%11ccc([N+](=O)[O-])cc%11)c(-c%11ccc([N+](=O)[O-])cc%11)[nH]%10)cc9)[nH]c8[*])cc7)C6=O)cc5)c(-c5ccccc5)c4-c4ccccc4)cc3)C2=O)cc1,425.15,train
698ddbe96c00d07d5428d2cf,[*]c1ccc(-c2cc(C(C)(C)C)c(Oc3ccc(-n4c(=O)c5cc6c(=O)n[*]c(=O)c6cc5c4=O)cc3)c(C(C)(C)C)c2)cc1,671.65,test
698ddbe96c00d07d5428d2d0,[*]C(=O)c1ccc2c(c1)C(=O)N(c1ccc(-c3cc(C(C)(C)C)c(Oc4ccc(N5C(=O)c6ccc[*]cc6C5=O)cc4)c(C(C)(C)C)c3)cc1)C2=O,620.65,train
698ddbe96c00d07d5428d2d1,[*]c1ccc(-c2cc(C(C)(C)C)c(Oc3ccc(N4C(=O)c5ccc(Oc6ccc7c(c6)C(=O)N[*]C7=O)cc5C4=O)cc3)c(C(C)(C)C)c2)cc1,615.15,train
698ddbe96c00d07d5428d2d2,[*]c1ccc2c(c1)C(=O)N(c1ccc(Oc3c(C(C)(C)C)cc(-c4ccc(N5C(=O)c6ccc(C[*](C(F)(F)F)C(F)(F)F)cc6C5=O)cc4)cc3C(C)(C)C)cc1)C2=O,628.15,val
698ddbe96c00d07d5428d2d3,[*]c1ccc(-c2cc(C(C)(C)C)c(Oc3ccc(N4C(=O)c5ccc(-c6ccc7c(c6)C(=O)N[*]C7=O)cc5C4=O)cc3)c(C(C)(C)C)c2)cc1,654.65,train
698ddbe96c00d07d5428d2d4,[*]c1ccc(-c2cc(C(C)(C)C)c(Oc3ccc(N4C(=O)c5ccc(S(=O)(=O)c6ccc7c(c6)C(=O)N[*]C7=O)cc5C4=O)cc3)c(C(C)(C)C)c2)cc1,627.65,train
698ddbe96c00d07d5428d2d5,[*]c1ccc(-c2cc(C(C)(C)C)c(Oc3ccc(-n4c(=O)c5cc6c(=O)n[*]c(=O)c6cc5c4=O)cc3C(F)(F)F)c(C(C)(C)C)c2)cc1,693.15,train
698ddbe96c00d07d5428d2d6,[*]C(=O)c1ccc2c(c1)C(=O)N(c1ccc(-c3cc(C(C)(C)C)c(Oc4ccc(N5C(=O)c6ccc[*]cc6C5=O)cc4C(F)(F)F)c(C(C)(C)C)c3)cc1)C2=O,635.15,test
698ddbe96c00d07d5428d2d7,[*]c1ccc(-c2cc(C(C)(C)C)c(Oc3ccc(N4C(=O)c5ccc(Oc6ccc7c(c6)C(=O)N[*]C7=O)cc5C4=O)cc3C(F)(F)F)c(C(C)(C)C)c2)cc1,626.15,train
698ddbe96c00d07d5428d2d8,[*]c1ccc2c(c1)C(=O)N(c1ccc(Oc3c(C(C)(C)C)cc(-c4ccc(N5C(=O)c6ccc(C[*](C(F)(F)F)C(F)(F)F)cc6C5=O)cc4)cc3C(C)(C)C)c(C(F)(F)F)c1)C2=O,635.65,train
698ddbe96c00d07d5428d2d9,[*]c1ccc(-c2cc(C(C)(C)C)c(Oc3ccc(N4C(=O)c5ccc(-c6ccc7c(c6)C(=O)N[*]C7=O)cc5C4=O)cc3C(F)(F)F)c(C(C)(C)C)c2)cc1,662.15,val
698ddbe96c00d07d5428d2da,[*]c1ccc(-c2cc(C(C)(C)C)c(Oc3ccc(N4C(=O)c5ccc(S(=O)(=O)c6ccc7c(c6)C(=O)N[*]C7=O)cc5C4=O)cc3C(F)(F)F)c(C(C)(C)C)c2)cc1,638.65,test
698ddbe96c00d07d5428d2db,[*]c1ccc(-c2cc(C(C)(C)C)c(Oc3ccc(-n4c(=O)c5ccc6c(=O)n[*]c(=O)c7ccc(c4=O)c5c67)cc3C(F)(F)F)c(C(C)(C)C)c2)cc1,729.15,test
698ddbe96c00d07d5428d2dc,[*]c1cc(C(=O)Oc2ccc(-c3ccc(O[Si](C)(C)C(C)(C)C)cc3)cc2)cc(N2C(=O)c3ccc(-c4ccc5c(c4)C(=O)N[*]C5=O)cc3C2=O)c1,503.15,val
698ddbe96c00d07d5428d2dd,[*]c1ccc(Sc2ccc(Sc3ccc(N4C(=O)c5ccc(Sc6ccc(Sc7ccc(Sc8ccc9c(c8)C(=O)N[*]C9=O)cc7)cc6)cc5C4=O)cc3)cc2)cc1,463.9,train
698ddbe96c00d07d5428d2de,[*]c1ccc(Sc2ccc(Sc3ccc(Sc4ccc(N5C(=O)c6ccc(Sc7ccc(Sc8ccc(Sc9ccc%10c(c9)C(=O)N[*]C%10=O)cc8)cc7)cc6C5=O)cc4)cc3)cc2)cc1,449.59999999999997,test
698ddbe96c00d07d5428d2df,[*]c1ccc(Sc2ccc(Sc3ccc(Sc4ccc(N5C(=O)c6ccc(Oc7ccc8c(c7)C(=O)N[*]C8=O)cc6C5=O)cc4)cc3)cc2)cc1,475.79999999999995,train
698ddbe96c00d07d5428d2e0,[*]c1ccc(Sc2ccc(Sc3ccc(Sc4ccc(N5C(=O)c6ccc(-c7cccc8c7C(=O)N[*]C8=O)cc6C5=O)cc4)cc3)cc2)cc1,499.84999999999997,train
698ddbe96c00d07d5428d2e1,[*]c1ccc(Sc2ccc(Sc3ccc(Sc4ccc(N5C(=O)c6ccc(-c7ccc8c(c7)C(=O)N[*]C8=O)cc6C5=O)cc4)cc3)cc2)cc1,500.25,train
698ddbe96c00d07d5428d2e2,[*]Sc1ccc(Sc2ccc(Sc3cccc4c3C(=O)N(N3C(=O)c5cccc[*]c5C3=O)C4=O)cc2)cc1,539.15,val
698ddbe96c00d07d5428d2e3,[*]Sc1ccc(Sc2ccc(Sc3ccc4c(c3)C(=O)N(N3C(=O)c5cccc[*]c5C3=O)C4=O)cc2)cc1,515.15,train
698ddbe96c00d07d5428d2e4,[*]Sc1ccc(Sc2ccc(Sc3ccc4c(c3)C(=O)N(N3C(=O)c5ccc[*]cc5C3=O)C4=O)cc2)cc1,496.65,train
698ddbe96c00d07d5428d2e5,[*]c1ccc(Oc2ccc(N3C(=O)c4ccc(-c5ccc6c(c5)C(=O)N[*]C6=O)cc4C3=O)cc2Br)c(Br)c1,548.15,test
698ddbe96c00d07d5428d2e6,[*]C(=O)c1ccc2c(c1)C(=O)N(c1ccc(Oc3ccc(N4C(=O)c5ccc[*]cc5C4=O)cc3Br)c(Br)c1)C2=O,569.15,train
698ddbe96c00d07d5428d2e7,[*]c1ccc(Oc2ccc(N3C(=O)c4ccc(Oc5ccc6c(c5)C(=O)N[*]C6=O)cc4C3=O)cc2Br)c(Br)c1,524.15,test
698ddbe96c00d07d5428d2e8,[*]c1ccc(Oc2ccc(N3C(=O)c4ccc(S(=O)(=O)c5ccc6c(c5)C(=O)N[*]C6=O)cc4C3=O)cc2Br)c(Br)c1,554.15,train
698ddbe96c00d07d5428d2e9,[*]c1ccc2c(c1)C(=O)N(c1ccc(Oc3ccc(N4C(=O)c5ccc(C[*](C(F)(F)F)C(F)(F)F)cc5C4=O)cc3Br)c(Br)c1)C2=O,572.15,test
698ddbe96c00d07d5428d2ea,[*]c1cc(Br)c(Oc2c(Br)cc(N3C(=O)c4ccc(-c5ccc6c(c5)C(=O)N[*]C6=O)cc4C3=O)cc2Br)c(Br)c1,560.15,train
698ddbe96c00d07d5428d2eb,[*]C(=O)c1ccc2c(c1)C(=O)N(c1cc(Br)c(Oc3c(Br)cc(N4C(=O)c5ccc[*]cc5C4=O)cc3Br)c(Br)c1)C2=O,596.15,train
698ddbe96c00d07d5428d2ec,[*]c1cc(Br)c(Oc2c(Br)cc(N3C(=O)c4ccc(Oc5ccc6c(c5)C(=O)N[*]C6=O)cc4C3=O)cc2Br)c(Br)c1,556.15,test
698ddbe96c00d07d5428d2ed,[*]c1cc(Br)c(Oc2c(Br)cc(N3C(=O)c4ccc(S(=O)(=O)c5ccc6c(c5)C(=O)N[*]C6=O)cc4C3=O)cc2Br)c(Br)c1,601.15,train
698ddbe96c00d07d5428d2ee,[*]c1ccc2c(c1)C(=O)N(c1cc(Br)c(Oc3c(Br)cc(N4C(=O)c5ccc(C[*](C(F)(F)F)C(F)(F)F)cc5C4=O)cc3Br)c(Br)c1)C2=O,576.15,val
698ddbe96c00d07d5428d2ef,[*]c1ccc2c(c1)C(=O)N(c1cc(C(c3ccc(OC(=O)C45CC6CC(CC(C6)C4)C5)c(N4C(=O)c5ccc(C[*](C(F)(F)F)C(F)(F)F)cc5C4=O)c3)(C(F)(F)F)C(F)(F)F)ccc1OC(=O)C13CC4CC(CC(C4)C1)C3)C2=O,578.15,train
698ddbe96c00d07d5428d2f0,[*]c1ccc(Oc2cccc(-c3cc(-c4ccccc4)cc(-c4cccc(Oc5ccc(-n6c(=O)c7cc8c(=O)n[*]c(=O)c8cc7c6=O)cc5)c4)n3)c2)cc1,537.15,train
698ddbe96c00d07d5428d2f1,[*]c1ccc(Oc2cccc(-c3cc(-c4ccccc4)cc(-c4cccc(Oc5ccc(N6C(=O)c7ccc(Oc8ccc9c(c8)C(=O)N[*]C9=O)cc7C6=O)cc5)c4)n3)c2)cc1,497.15,train
698ddbe96c00d07d5428d2f2,[*]C(=O)c1ccc2c(c1)C(=O)N(c1ccc(Oc3cccc(-c4cc(-c5ccccc5)cc(-c5cccc(Oc6ccc(N7C(=O)c8ccc[*]cc8C7=O)cc6)c5)n4)c3)cc1)C2=O,533.15,train
698ddbe96c00d07d5428d2f3,[*]c1ccc2c(c1)C(=O)N(c1ccc(Oc3cccc(-c4cc(-c5ccccc5)cc(-c5cccc(Oc6ccc(N7C(=O)c8ccc(C[*](C(F)(F)F)C(F)(F)F)cc8C7=O)cc6)c5)n4)c3)cc1)C2=O,453.15,val
698ddbe96c00d07d5428d2f4,[*]C(CC(C)C)C(=O)Nc1ccc(Oc2ccc(NC(=O)Nc3ccc(Cc4ccc(NC(=O)Nc5ccc(Oc6ccc(NC(=O)C(CC(C)C)n7c(=O)c8cc9c(=O)n[*]c(=O)c9cc8c7=O)cc6)cc5)cc4)cc3)cc2)cc1,454.54999999999995,train
698ddbe96c00d07d5428d2f5,[*]C(CC(C)C)C(=O)Nc1ccc(Oc2ccc(NC(=O)NCC3(C)CC(NC(=O)Nc4ccc(Oc5ccc(NC(=O)C(CC(C)C)n6c(=O)c7cc8c(=O)n[*]c(=O)c8cc7c6=O)cc5)cc4)CC(C)(C)C3)cc2)cc1,420.65,val
698ddbe96c00d07d5428d2f6,[*]C(=O)OCCN(CCOC(=O)c1ccc2c(c1)C(=O)N(c1c(C)cc(Cc3cc(C)c(N4C(=O)c5ccc[*]cc5C4=O)c(C)c3)cc1C)C2=O)c1ccccc1,450.15,train
698ddbe96c00d07d5428d2f7,[*]C(=O)OCCN(CCOC(=O)c1ccc2c(c1)C(=O)N(c1c(C)cc(Cc3cc(C)c(N4C(=O)c5ccc[*]cc5C4=O)c(C)c3)cc1C)C2=O)c1ccc(/N=N/c2ccc([N+](=O)[O-])cc2)cc1,452.15,val
698ddbe96c00d07d5428d2f8,[*]C(=O)OCCN(CCOC(=O)c1ccc2c(c1)C(=O)N(c1c(C)cc(Cc3cc(C)c(N4C(=O)c5ccc[*]cc5C4=O)c(C)c3)cc1C)C2=O)c1ccc(/N=N/c2ccc([N+](=O)[O-])cc2[N+](=O)[O-])cc1,449.15,train
698ddbe96c00d07d5428d2f9,[*]C(=O)OCCN(CCOC(=O)c1ccc2c(c1)C(=O)N(c1c(C)cc(Cc3cc(C)c(N4C(=O)c5ccc[*]cc5C4=O)c(C)c3)cc1C)C2=O)c1ccc(/N=N/c2ccc([N+](=O)[O-])cc2C#N)cc1,489.15,val
698ddbe96c00d07d5428d2fa,[*]c1cccc(C(=O)c2ccc(Oc3ccc(N4C(=O)c5ccc(Oc6ccc7c(c6)C(=O)N[*]C7=O)cc5C4=O)cc3C(F)(F)F)cc2)c1,497.15,test
698ddbe96c00d07d5428d2fb,[*]C(=O)c1ccc2c(c1)C(=O)N(c1cccc(C(=O)c3ccc(Oc4ccc(N5C(=O)c6ccc[*]cc6C5=O)cc4C(F)(F)F)cc3)c1)C2=O,515.15,train
698ddbe96c00d07d5428d2fc,[*]c1ccc2c(c1)C(=O)N(c1ccc(Oc3ccc(C(=O)c4cccc(N5C(=O)c6ccc(C[*](C(F)(F)F)C(F)(F)F)cc6C5=O)c4)cc3)c(C(F)(F)F)c1)C2=O,495.15,train
698ddbe96c00d07d5428d2fd,[*]c1cccc(C(=O)c2ccc(Oc3ccc(N4C(=O)c5ccc(Oc6ccc7c(c6)C(=O)N[*]C7=O)cc5C4=O)cc3)cc2)c1,505.15,train
698ddbe96c00d07d5428d2fe,[*]C(=O)c1ccc2c(c1)C(=O)N(c1cccc(C(=O)c3ccc(Oc4ccc(N5C(=O)c6ccc[*]cc6C5=O)cc4)cc3)c1)C2=O,524.15,train
698ddbe96c00d07d5428d2ff,[*]c1ccc2c(c1)C(=O)N(c1ccc(Oc3ccc(C(=O)c4cccc(N5C(=O)c6ccc(C[*](C(F)(F)F)C(F)(F)F)cc6C5=O)c4)cc3)cc1)C2=O,515.15,train
698ddbe96c00d07d5428d300,[*]c1cc(/C=N/C(=S)Nc2ccc(-n3c(=O)c4cc5c(=O)n[*]c(=O)c5cc4c3=O)cc2)ccc1Cl,549.15,train
698ddbe96c00d07d5428d301,[*]C(=O)c1ccc2c(c1)C(=O)N(c1cc(/C=N/C(=S)Nc3ccc(N4C(=O)c5ccc[*]cc5C4=O)cc3)ccc1Cl)C2=O,547.15,train
698ddbe96c00d07d5428d302,[*]c1ccc2c(c1)C(=O)N(c1ccc(NC(=S)/N=C/c3ccc(Cl)c(N4C(=O)c5ccc(C[*](C(F)(F)F)C(F)(F)F)cc5C4=O)c3)cc1)C2=O,545.15,train
698ddbe96c00d07d5428d303,[*]c1ccc(Oc2ccc(N3C(=O)c4ccc([Si](C)(C)O[Si](C)(C)c5ccc6c(c5)C(=O)N(c5ccc(Oc7ccc(-c8nnc[*]o8)cc7)cc5)C6=O)cc4C3=O)cc2)cc1,463.65,train
698ddbe96c00d07d5428d304,[*]c1ccc(Oc2cccc(N3C(=O)c4ccc([Si](C)(C)O[Si](C)(C)c5ccc6c(c5)C(=O)N(c5cccc(Oc7ccc(-c8nnc[*]o8)cc7)c5)C6=O)cc4C3=O)c2)cc1,438.15,train
698ddbe96c00d07d5428d305,[*]c1cccc(N2C(=O)c3ccc(-c4cccc5c4C(=O)N[*]C5=O)cc3C2=O)c1,614.15,train
698ddbe96c00d07d5428d306,[*]c1ccc(-c2ccc(N3C(=O)c4ccc(-c5cccc6c5C(=O)N[*]C6=O)cc4C3=O)c(C)c2)cc1C,657.15,test
698ddbe96c00d07d5428d307,[*]c1ccc(-c2ccc(N3C(=O)c4ccc(-c5cccc6c5C(=O)N[*]C6=O)cc4C3=O)cc2C)c(C)c1,645.15,train
698ddbe96c00d07d5428d308,[*]c1ccc(-c2ccc(N3C(=O)c4ccc(-c5cccc6c5C(=O)N[*]C6=O)cc4C3=O)cc2C(F)(F)F)c(C(F)(F)F)c1,619.15,train
698ddbe96c00d07d5428d309,[*]c1ccc(Oc2cccc(N3C(=O)c4ccc(-c5cccc6c5C(=O)N[*]C6=O)cc4C3=O)c2)cc1,559.15,train
698ddbe96c00d07d5428d30a,[*]c1ccc(Oc2ccc(Oc3ccc(N4C(=O)c5ccc(-c6cccc7c6C(=O)N[*]C7=O)cc5C4=O)cc3)cc2)cc1,558.15,test
698ddbe96c00d07d5428d30b,[*]c1ccc(Oc2cccc(Oc3ccc(N4C(=O)c5ccc(-c6cccc7c6C(=O)N[*]C7=O)cc5C4=O)cc3)c2)cc1,532.15,val
698ddbe96c00d07d5428d30c,[*]c1cccc(Oc2cccc(Oc3cccc(N4C(=O)c5ccc(-c6cccc7c6C(=O)N[*]C7=O)cc5C4=O)c3)c2)c1,486.15,val
698ddbe96c00d07d5428d30d,[*]CCN1C(=O)c2ccc(C(c3ccc4c(c3)C(=O)N[*]C4=O)(C(F)(F)F)C(F)(F)F)cc2C1=O,453.15,train
698ddbe96c00d07d5428d30e,[*]CCCN1C(=O)c2ccc(C(c3ccc4c(c3)C(=O)N[*]C4=O)(C(F)(F)F)C(F)(F)F)cc2C1=O,463.15,test
698ddbe96c00d07d5428d30f,[*]CCCCN1C(=O)c2ccc(C(c3ccc4c(c3)C(=O)N[*]C4=O)(C(F)(F)F)C(F)(F)F)cc2C1=O,463.15,train
698ddbe96c00d07d5428d310,[*]CCCCCN1C(=O)c2ccc(C(c3ccc4c(c3)C(=O)N[*]C4=O)(C(F)(F)F)C(F)(F)F)cc2C1=O,453.15,train
698ddbe96c00d07d5428d311,[*]CCCCCCCN1C(=O)c2ccc(C(c3ccc4c(c3)C(=O)N[*]C4=O)(C(F)(F)F)C(F)(F)F)cc2C1=O,438.15,train
698ddbe96c00d07d5428d312,[*]CCCCCCCCN1C(=O)c2ccc(C(c3ccc4c(c3)C(=O)N[*]C4=O)(C(F)(F)F)C(F)(F)F)cc2C1=O,428.15,train
698ddbe96c00d07d5428d313,[*]CCCCCCCCCN1C(=O)c2ccc(C(c3ccc4c(c3)C(=O)N[*]C4=O)(C(F)(F)F)C(F)(F)F)cc2C1=O,408.15,train
698ddbe96c00d07d5428d314,[*]CCCCCCCCCCN1C(=O)c2ccc(C(c3ccc4c(c3)C(=O)N[*]C4=O)(C(F)(F)F)C(F)(F)F)cc2C1=O,396.15,train
698ddbe96c00d07d5428d315,[*]CCCCCCCCCCCCN1C(=O)c2ccc(C(c3ccc4c(c3)C(=O)N[*]C4=O)(C(F)(F)F)C(F)(F)F)cc2C1=O,374.15,val
698ddbe96c00d07d5428d316,[*]c1ccc(Sc2ccc(Sc3ccc(N4C(=O)c5ccc(Sc6ccc(Sc7ccc(Sc8ccc9c(c8)C(=O)N[*]C9=O)cc7)cc6)cc5C4=O)cc3)s2)cc1,458.65,train
698ddbe96c00d07d5428d317,[*]c1ccc(Sc2ccc(Sc3ccc(N4C(=O)c5ccc(Oc6ccc7c(c6)C(=O)N[*]C7=O)cc5C4=O)cc3)s2)cc1,491.15,test
698ddbe96c00d07d5428d318,[*]c1ccc(Sc2ccc(Sc3ccc(Sc4ccc(Sc5ccc(N6C(=O)c7ccc(Sc8ccc(Sc9ccc(Sc%10ccc%11c(c%10)C(=O)N[*]C%11=O)cc9)cc8)cc7C6=O)cc5)s4)s3)s2)cc1,450.15,train
698ddbe96c00d07d5428d319,[*]c1ccc(Sc2ccc(Sc3ccc(Sc4ccc(Sc5ccc(N6C(=O)c7ccc(Oc8ccc9c(c8)C(=O)N[*]C9=O)cc7C6=O)cc5)s4)s3)s2)cc1,431.65,val
698ddbe96c00d07d5428d31a,[*]c1ccc2c(c1)C(=O)N(c1cc(NC(=O)OCCN(CCOC(=O)Nc3cc(N4C(=O)c5ccc(C[*](C(F)(F)F)C(F)(F)F)cc5C4=O)ccc3C)c3ccc(/N=N/c4ccc([N+](=O)[O-])cc4)cc3)ccc1C)C2=O,469.15,val
698ddbe96c00d07d5428d31b,[*]C/C=C/c1cc(C(C)(C)c2ccc(O)c(/C=C/CC3CC(=O)N(c4ccc(Cc5ccc(N6C(=O)CC[*]C6=O)cc5)cc4)C3=O)c2)ccc1O,479.15,test
698ddbe96c00d07d5428d31c,[*]c1cccc(Oc2cccc(Oc3cccc(N4C(=O)C5C6C=CC(C7C(=O)N[*]C(=O)C67)C5C4=O)c3)c2)c1,450.15,test
698ddbe96c00d07d5428d31d,[*]Cc1ccc(C(C)(C)c2ccc(Cn3c(=O)c4cc5c(=O)n[*]c(=O)c5cc4c3=O)o2)o1,411.15,test
698ddbe96c00d07d5428d31e,[*]Cc1ccc(C(C)(C)c2ccc(CN3C(=O)c4ccc(Oc5ccc6c(c5)C(=O)N[*]C6=O)cc4C3=O)o2)o1,389.15,test
698ddbe96c00d07d5428d31f,[*]Cc1ccc(C(C)(C)c2ccc(CN3C(=O)c4ccc(C(c5ccc6c(c5)C(=O)N[*]C6=O)(C(F)(F)F)C(F)(F)F)cc4C3=O)o2)o1,407.15,test
698ddbe96c00d07d5428d320,[*]Cc1ccc(C(C)(C)c2ccc(CN3C(=O)c4ccc(-c5ccc6c(c5)C(=O)N[*]C6=O)cc4C3=O)o2)o1,402.15,train
698ddbe96c00d07d5428d321,[*]Cc1ccc(C(C)(CC)c2ccc(Cn3c(=O)c4cc5c(=O)n[*]c(=O)c5cc4c3=O)o2)o1,416.15,train
698ddbe96c00d07d5428d322,[*]Cc1ccc(C(C)(CCC)c2ccc(Cn3c(=O)c4cc5c(=O)n[*]c(=O)c5cc4c3=O)o2)o1,407.15,train
698ddbe96c00d07d5428d323,[*]Cc1ccc(C(C)c2ccc(Cn3c(=O)c4cc5c(=O)n[*]c(=O)c5cc4c3=O)o2)o1,389.15,train
698ddbe96c00d07d5428d324,[*]Cc1ccc(C(C)c2ccc(CN3C(=O)c4ccc(Oc5ccc6c(c5)C(=O)N[*]C6=O)cc4C3=O)o2)o1,402.15,train
698ddbe96c00d07d5428d325,[*]c1ccc(Oc2ccc(-n3c(=O)c4cc5c(=O)n[*]c(=O)c5cc4c3=O)cc2-c2ccccc2)cc1,602.15,train
698ddbe96c00d07d5428d326,[*]c1ccc(Oc2ccc(-c3cccc(-c4ccc(Oc5ccc(-c6c7c(c[*]c8ccccc68)C(=O)N(c6ccccc6)C7=O)cc5)c(C(F)(F)F)c4)c3)cc2C(F)(F)F)cc1,544.15,val
698ddbe96c00d07d5428d327,[*]c1ccc(Oc2ccc(-c3ccc(-c4ccc(Oc5ccc(-c6c7c(c[*]c8ccccc68)C(=O)N(c6ccccc6)C7=O)cc5)c(C(F)(F)F)c4)cc3)cc2C(F)(F)F)cc1,590.15,train
698ddbe96c00d07d5428d328,[*]c1ccc(Oc2ccc(-c3ccc(-c4ccc(-c5ccc(Oc6ccc(-c7c8c(c[*]c9ccccc79)C(=O)N(c7ccccc7)C8=O)cc6)c(C(F)(F)F)c5)cc4)cc3)cc2C(F)(F)F)cc1,607.15,test
698ddbe96c00d07d5428d329,[*]c1ccc(Oc2ccc(-c3c4ccccc4c(-c4ccc(Oc5ccc(-c6c7c(c[*]c8ccccc68)C(=O)N(c6ccccc6)C7=O)cc5)c(C(F)(F)F)c4)c4ccccc34)cc2C(F)(F)F)cc1,634.15,test
698ddbe96c00d07d5428d32a,[*]c1ccc(Oc2ccc(-c3cccc(-c4ccc(Oc5ccc(-c6c7c(c[*]c8ccccc68)C(=O)N(c6ccccc6)C7=O)cc5)c(C(F)(F)F)c4)n3)cc2C(F)(F)F)cc1,571.15,train
698ddbe96c00d07d5428d32b,[*]c1ccc(Oc2ccc(-c3ccc(-c4ccc(Oc5ccc(-c6c7c(c[*]c8ccccc68)C(=O)N(c6ccccc6)C7=O)cc5)c(C(F)(F)F)c4)s3)cc2C(F)(F)F)cc1,560.15,test
698ddbe96c00d07d5428d32c,[*]C(=O)Nc1cccc(NC(=O)c2ccc3c(c2)C(=O)N(c2cc(-c4nc5ccccc5o4)cc(N4C(=O)c5ccc[*]cc5C4=O)c2)C3=O)n1,638.15,train
698ddbe96c00d07d5428d32d,[*]C(=O)Nc1ccc(S(=O)(=O)c2ccc(NC(=O)c3ccc4c(c3)C(=O)N(c3cc(-c5nc6ccccc6o5)cc(N5C(=O)c6ccc[*]cc6C5=O)c3)C4=O)cc2)cc1,640.15,train
698ddbe96c00d07d5428d32e,[*]C(=O)Nc1cc(NC(=O)c2ccc3c(c2)C(=O)N(c2cc(-c4nc5ccccc5o4)cc(N4C(=O)c5ccc[*]cc5C4=O)c2)C3=O)cc(-c2nc3ccccc3[nH]2)c1,644.15,train
698ddbe96c00d07d5428d32f,[*]C(=O)Nc1cccc(NC(=O)c2ccc3c(c2)C(=O)N(c2cc(-c4nc5ccccc5s4)cc(N4C(=O)c5ccc[*]cc5C4=O)c2)C3=O)n1,631.15,train
698ddbe96c00d07d5428d330,[*]C(=O)Nc1ccc(NC(=O)c2ccc3c(c2)C(=O)N(c2cc(-c4nc5ccccc5s4)cc(N4C(=O)c5ccc[*]cc5C4=O)c2)C3=O)cc1,629.15,train
698ddbe96c00d07d5428d331,[*]C(=O)Nc1ccc(S(=O)(=O)c2ccc(NC(=O)c3ccc4c(c3)C(=O)N(c3cc(-c5nc6ccccc6s5)cc(N5C(=O)c6ccc[*]cc6C5=O)c3)C4=O)cc2)cc1,630.15,test
698ddbe96c00d07d5428d332,[*]C(=O)Nc1cc(NC(=O)c2ccc3c(c2)C(=O)N(c2cc(-c4nc5ccccc5s4)cc(N4C(=O)c5ccc[*]cc5C4=O)c2)C3=O)cc(-c2nc3ccccc3[nH]2)c1,641.15,train
698ddbe96c00d07d5428d333,[*]C(=O)Nc1cccc(NC(=O)c2ccc3c(c2)C(=O)N(c2cccc(N4C(=O)c5ccc[*]cc5C4=O)c2)C3=O)n1,612.15,train
698ddbe96c00d07d5428d334,[*]C(=O)Nc1ccc(NC(=O)c2ccc3c(c2)C(=O)N(c2cccc(N4C(=O)c5ccc[*]cc5C4=O)c2)C3=O)cc1,614.15,train
698ddbe96c00d07d5428d335,[*]C(=O)Nc1ccc(S(=O)(=O)c2ccc(NC(=O)c3ccc4c(c3)C(=O)N(c3cccc(N5C(=O)c6ccc[*]cc6C5=O)c3)C4=O)cc2)cc1,615.15,train
698ddbe96c00d07d5428d336,[*]C(=O)Nc1cc(NC(=O)c2ccc3c(c2)C(=O)N(c2cccc(N4C(=O)c5ccc[*]cc5C4=O)c2)C3=O)cc(-c2nc3ccccc3[nH]2)c1,634.15,train
698ddbe96c00d07d5428d337,[*]Nc1cccc(NC(=O)c2cccc(C(=O)Nc3ccc(C(=O)NC[*]=S)cc3)c2)c1,543.15,train
698ddbe96c00d07d5428d338,[*]Nc1cccc(NC(=O)c2ccc(C(=O)Nc3ccc(C(=O)NC[*]=S)cc3)cc2)c1,546.15,train
698ddbe96c00d07d5428d339,[*]Nc1cccc(NC(=O)CCCCC(=O)Nc2ccc(C(=O)NC[*]=S)cc2)c1,540.15,train
698ddbe96c00d07d5428d33a,[*]Nc1cccc(NC(=O)CCCCCCCCC(=O)Nc2ccc(C(=O)NC[*]=S)cc2)c1,538.15,train
698ddbe96c00d07d5428d33b,[*]C(=O)Nc1ccc(Oc2ccc(N3C(=O)CC(N4C(=O)c5ccc[*]cc5C4=O)C3=O)cc2)cc1,496.15,val
698ddbe96c00d07d5428d33c,[*]C(=O)Nc1cccc(N2C(=O)CC(N3C(=O)c4ccc[*]cc4C3=O)C2=O)c1,403.15,train
698ddbe96c00d07d5428d33d,[*]C(=O)Nc1ccc(-c2ccc(N3C(=O)CC(N4C(=O)c5ccc[*]cc5C4=O)C3=O)cc2)cc1,492.15,train
698ddbe96c00d07d5428d33e,[*]C(=O)Nc1ccc(N2C(=O)CC(N3C(=O)c4ccc[*]cc4C3=O)C2=O)cc1,393.15,train
698ddbe96c00d07d5428d33f,[*]C(=O)Nc1ccc(S(=O)(=O)c2ccc(N3C(=O)CC(N4C(=O)c5ccc[*]cc5C4=O)C3=O)cc2)cc1,418.15,test
698ddbe96c00d07d5428d340,[*]C(=O)Nc1ccc(Cc2ccc(N3C(=O)CC(N4C(=O)c5ccc[*]cc5C4=O)C3=O)cc2)cc1,396.15,train
698ddbe96c00d07d5428d341,[*]C(=O)Nc1ccc(C)cc1N1C(=O)CC(N2C(=O)c3ccc[*]cc3C2=O)C1=O,510.15,test
698ddbe96c00d07d5428d342,[*]C(=O)Nc1cccc2cccc(N3C(=O)CC(N4C(=O)c5ccc[*]cc5C4=O)C3=O)c12,466.15,train
698ddbe96c00d07d5428d343,[*]C(=O)Nc1cc(NC(=O)c2ccc3c(c2)C(=O)N(c2cc(-c4nnc(-c5ccccn5)o4)cc(N4C(=O)c5ccc[*]cc5C4=O)c2)C3=O)cc(-c2nnc(-c3ccccn3)o2)c1,437.15,test
698ddbe96c00d07d5428d344,[*]C(=O)Nc1cccc(S(=O)(=O)c2cccc(NC(=O)c3ccc4c(c3)C(=O)N(c3cc(-c5nnc(-c6ccccn6)o5)cc(N5C(=O)c6ccc[*]cc6C5=O)c3)C4=O)c2)c1,446.15,train
698ddbe96c00d07d5428d345,[*]C(=O)Nc1ccc(Oc2cccc(Oc3ccc(NC(=O)c4ccc5c(c4)C(=O)N(c4ccc(Sc6ccc(Oc7ccc(Sc8ccc(N9C(=O)c%10ccc[*]cc%10C9=O)cc8)cc7)cc6)cc4)C5=O)cc3)c2)cc1,452.15,train
698ddbe96c00d07d5428d346,[*]C(=O)Nc1ccc(C2(c3ccc(NC(=O)c4ccc5c(c4)C(=O)N(c4ccc(Sc6ccc(Oc7ccc(Sc8ccc(N9C(=O)c%10ccc[*]cc%10C9=O)cc8)cc7)cc6)cc4)C5=O)cc3)c3ccccc3-c3ccccc32)cc1,571.15,val
698ddbe96c00d07d5428d347,[*]c1ccc(Sc2ccc(Oc3ccc(Sc4ccc(N5C(=O)c6ccc(Oc7ccc(C(C)(C)c8ccc(Oc9ccc%10c(c9)C(=O)N[*]C%10=O)cc8)cc7)cc6C5=O)cc4)cc3)cc2)cc1,472.15,train
698ddbe96c00d07d5428d348,[*]c1ccc2c(c1)C(=O)N(c1ccc(Sc3ccc(Oc4ccc(Sc5ccc(N6C(=O)c7ccc(C[*](C(F)(F)F)C(F)(F)F)cc7C6=O)cc5)cc4)cc3)cc1)C2=O,515.15,train
698ddbe96c00d07d5428d349,[*]c1ccc(Cc2ccc(N3C(=O)c4ccc(Sc5ccc6c(c5)C(=O)N[*]C6=O)cc4C3=O)c(C(C)(C)C)c2)cc1C(C)(C)C,573.65,train
698ddbe96c00d07d5428d34a,[*]c1ccc(Cc2ccc(N3C(=O)c4ccc(S(=O)(=O)c5ccc6c(c5)C(=O)N[*]C6=O)cc4C3=O)c(C(C)(C)C)c2)cc1C(C)(C)C,609.15,train
698ddbe96c00d07d5428d34b,[*]C(=O)Nc1cccc(Oc2cccc(Oc3cccc(Oc4cccc(Oc5cccc(NC(=O)c6ccc7c(c6)C(=O)N(c6cccc(Oc8cccc(Oc9cccc(N%10C(=O)c%11ccc[*]cc%11C%10=O)c9)c8C#N)c6)C7=O)c5)c4C#N)c3)c2C#N)c1,466.15,val
698ddbe96c00d07d5428d34c,[*]C(=O)Nc1cccc(Oc2cccc(Oc3cccc(NC(=O)c4ccc5c(c4)C(=O)N(c4cccc(Oc6cccc(Oc7cccc(N8C(=O)c9ccc[*]cc9C8=O)c7)c6C#N)c4)C5=O)c3)c2C#N)c1,487.15,train
698ddbe96c00d07d5428d34d,[*]C(=O)Nc1ccc(Oc2cccc(Oc3ccc(NC(=O)c4ccc5c(c4)C(=O)N(c4cccc(Oc6cccc(Oc7cccc(N8C(=O)c9ccc[*]cc9C8=O)c7)c6C#N)c4)C5=O)cc3)c2)cc1,480.15,train
698ddbe96c00d07d5428d34e,[*]C(=O)Nc1cccc(Oc2cccc(Oc3cccc(Oc4cccc(Oc5cccc(NC(=O)c6ccc7c(c6)C(=O)N(c6ccc(Oc8cccc(Oc9ccc(N%10C(=O)c%11ccc[*]cc%11C%10=O)cc9)c8C#N)cc6)C7=O)c5)c4C#N)c3)c2C#N)c1,472.15,test
698ddbe96c00d07d5428d34f,[*]C(=O)Nc1ccc(Oc2cccc(Oc3ccc(NC(=O)c4ccc5c(c4)C(=O)N(c4ccc(Oc6cccc(Oc7ccc(N8C(=O)c9ccc[*]cc9C8=O)cc7)c6C#N)cc4)C5=O)cc3)c2C#N)cc1,493.15,train
698ddbe96c00d07d5428d350,[*]C(=O)Nc1ccc(Oc2cccc(Oc3ccc(NC(=O)c4ccc5c(c4)C(=O)N(c4ccc(Oc6cccc(Oc7ccc(N8C(=O)c9ccc[*]cc9C8=O)cc7)c6C#N)cc4)C5=O)cc3)c2)cc1,490.15,val
698ddbe96c00d07d5428d351,[*]C(=O)Nc1ccc(-c2ccc(NC(=O)c3ccc4c(c3)C(=O)N(c3ccc(Oc5ccc(N6C(=O)c7ccc[*]cc7C6=O)cc5-c5ccccc5)c(-c5ccccc5)c3)C4=O)cc2)cc1,631.15,train
698ddbe96c00d07d5428d352,[*]C(=O)Nc1ccc(Oc2ccc(NC(=O)c3ccc4c(c3)C(=O)N(c3ccc(Oc5ccc(N6C(=O)c7ccc[*]cc7C6=O)cc5-c5ccccc5)c(-c5ccccc5)c3)C4=O)cc2)cc1,618.15,train
698ddbe96c00d07d5428d353,[*]C(=O)Nc1cc(C(F)(F)F)ccc1Oc1cccc2c(Oc3ccc(C(F)(F)F)cc3NC(=O)c3ccc4c(c3)C(=O)N(c3ccc(Oc5ccc(N6C(=O)c7ccc[*]cc7C6=O)cc5-c5ccccc5)c(-c5ccccc5)c3)C4=O)cccc12,649.15,train
698ddbe96c00d07d5428d354,[*]C(=O)Nc1ccc(Oc2ccc(NC(=O)c3ccc4c(c3)C(=O)N(c3ccc(Oc5ccc(N6C(=O)c7ccc[*]cc7C6=O)cc5-c5ccccc5)c(-c5ccccc5)c3)C4=O)cc2-c2ccccc2)c(-c2ccccc2)c1,642.15,train
698ddbe96c00d07d5428d355,[*]c1ccc(Oc2ccc(S(=O)(=O)c3ccc(Oc4ccc(N5C(=O)c6ccc(Oc7ccc(Oc8ccc9c(c8)C(=O)N[*]C9=O)cc7)cc6C5=O)cc4)cc3)cc2)cc1,474.15,train
698ddbe96c00d07d5428d356,[*]c1ccc(Oc2ccc(S(=O)(=O)c3ccc(Oc4ccc(N5C(=O)c6ccc(Oc7ccc(C(C)(C)c8ccc(Oc9ccc%10c(c9)C(=O)N[*]C%10=O)cc8)cc7)cc6C5=O)cc4)cc3)cc2)cc1,473.15,val
698ddbe96c00d07d5428d357,[*]c1ccc(Oc2ccc(S(=O)(=O)c3ccc(Oc4ccc(N5C(=O)c6ccc(Oc7cccc8c(Oc9ccc%10c(c9)C(=O)N[*]C%10=O)cccc78)cc6C5=O)cc4)cc3)cc2)cc1,474.15,train
698ddbe96c00d07d5428d358,[*]c1ccc(Oc2ccc(C(=O)c3ccc(Oc4ccc(N5C(=O)c6ccc(Oc7cccc(Oc8ccc9c(c8)C(=O)N[*]C9=O)c7)cc6C5=O)cc4)cc3)cc2)cc1,474.15,train
698ddbe96c00d07d5428d359,[*]C(=S)Nc1ccc(Oc2ccc(NC(=S)n3c(=O)c4cc5c(=O)n[*]c(=O)c5cc4c3=O)cc2)cc1,538.15,train
698ddbe96c00d07d5428d35a,[*]C(=S)Nc1ccc(Oc2ccc(NC(=S)N3C(=O)c4ccc(C(=O)c5ccc6c(c5)C(=O)N[*]C6=O)cc4C3=O)cc2)cc1,535.15,test
698ddbe96c00d07d5428d35b,[*]C(=S)Nc1ccc(Oc2ccc(NC(=S)N3C(=O)c4ccc(C(c5ccc6c(c5)C(=O)N[*]C6=O)(C(F)(F)F)C(F)(F)F)cc4C3=O)cc2)cc1,533.15,train
698ddbe96c00d07d5428d35c,[*]c1ccc(Oc2ccc(N3C(=O)CC(C4C=C(C)C5C(=O)N[*]C(=O)C5C4)C3=O)cc2)cc1,551.15,train
698ddbe96c00d07d5428d35d,[*]c1cccc(-c2cc(C(=O)Nc3ccc(OC(=O)c4cc(OCCCCCCCCCCCC)c(OCCCCCCCCCCCC)c(OCCCCCCCCCCCC)c4)cc3)cc(-c3cccc(N4C(=O)CC(C5C=C(C)C6C(=O)N[*]C(=O)C6C5)C4=O)c3)c2)c1,543.15,test
698ddbe96c00d07d5428d35e,[*]c1cccc(-c2cc(C(=O)Nc3ccc(OC(=O)c4cc(OCCCCCCCCCCCC)c(OCCCCCCCCCCCC)c(OCCCCCCCCCCCC)c4)cc3)cc(-c3cccc(N4C(=O)c5ccc(S(=O)(=O)c6ccc7c(c6)C(=O)N[*]C7=O)cc5C4=O)c3)c2)c1,541.15,val
698ddbe96c00d07d5428d35f,[*]c1ccc2c(c1)C(=O)N(c1cc(C(c3ccc(OC(C)=O)c(N4C(=O)c5ccc(C[*](C(F)(F)F)C(F)(F)F)cc5C4=O)c3)(C(F)(F)F)C(F)(F)F)ccc1OC(C)=O)C2=O,539.65,train
698ddbe96c00d07d5428d360,[*]CC(OCC)C1C(=O)OC(=O)C1[*],419.15,train
698ddbe96c00d07d5428d361,[*]CC(OCC(C)C)C1C(=O)OC(=O)C1[*],418.15,test
698ddbe96c00d07d5428d362,[*]CC(OCCCC)C1C(=O)OC(=O)C1[*],391.15,val
698ddbe96c00d07d5428d363,[*]CC(OC)C1(C)C(=O)OC(=O)C1[*]C,533.15,train
698ddbe96c00d07d5428d364,[*]CC(OCC)C1(C)C(=O)OC(=O)C1[*]C,517.15,train
698ddbe96c00d07d5428d365,[*]CC(OCC(C)C)C1(C)C(=O)OC(=O)C1[*]C,492.15,train
698ddbe96c00d07d5428d366,[*]CC(OCCCC)C1(C)C(=O)OC(=O)C1[*]C,470.15,test
698ddbe96c00d07d5428d367,[*]CC(c1ccccc1)C1C(=O)OC(=O)C1[*],485.15,test
698ddbe96c00d07d5428d368,[*]CC(C)(N=C=O)C1C(=O)OC(=O)C1[*],373.15,train
698ddbe96c00d07d5428d369,[*]CC(C)(C)C1C(=O)OC(=O)C1[*],414.15,train
698ddbe96c00d07d5428d36a,[*]CC(OC(C)C)C1C(=O)OC(=O)C1[*],415.15,train
698ddbe96c00d07d5428d36b,[*]CC(OC1CCCCC1)C1C(=O)OC(=O)C1[*],474.15,val
698ddbe96c00d07d5428d36c,[*]C1C(=O)OC(=O)C1C1C2CC(C(=O)OCCOCC)C(C2)C1[*],428.15,test
698ddbe96c00d07d5428d36d,[*]C1C(=O)OC(=O)C1C1C2CC(C(=O)OC(C)CC)C(C2)C1[*],448.15,train
698ddbe96c00d07d5428d36e,[*]C1C(=O)OC(=O)C1C1C2CC(C(=O)OC3CCCCC3)C(C2)C1[*],468.15,train
698ddbe96c00d07d5428d36f,[*]C1C(=O)OC(=O)C1C1C2CC(COCCC)C(C2)C1[*],482.15,train
698ddbe96c00d07d5428d370,[*]Oc1ccc(C2(c3ccc(OC[*]=O)c(C)c3)CC3CCC2C3)cc1C,434.15,train
698ddbe96c00d07d5428d371,[*]Oc1ccc(C2(c3ccc(OC[*]=O)c(Cl)c3)CC3CCC2C3)cc1Cl,473.15,train
698ddbe96c00d07d5428d372,[*]Oc1c(Cl)cc(C2(c3cc(Cl)c(OC[*]=O)c(Cl)c3)CC3CCC2C3)cc1Cl,563.15,train
698ddbe96c00d07d5428d373,[*]Oc1c(Br)cc(C2(c3cc(Br)c(OC[*]=O)c(Br)c3)CC3CCC2C3)cc1Br,556.15,train
698ddbe96c00d07d5428d374,[*]Oc1c(Cl)cc(C(c2cc(Cl)c(OC[*]=O)c(Cl)c2)C2CC3CCC2C3)cc1Cl,543.15,train
698ddbe96c00d07d5428d375,[*]Oc1ccc(C(c2ccc(OC[*]=O)cc2)C2C3CCC(C3)C2C)cc1,505.15,train
698ddbe96c00d07d5428d376,[*]Oc1ccc(C(c2ccc(OC[*]=O)cc2)C2C3CCC(C3)C2c2ccccc2)cc1,469.15,train
698ddbe96c00d07d5428d377,[*]Oc1ccc(C(c2ccc(OC[*]=O)cc2)C2CCCCC2)cc1,463.15,test
698ddbe96c00d07d5428d378,[*]Oc1ccc(C(C)(C)c2ccc(OC(=O)OCCN(CCOC[*]=O)c3ccccc3)cc2)cc1,343.15,train
698ddbe96c00d07d5428d379,[*]Oc1ccc(C(C)(C)c2ccc(OC(=O)OCCN(CCOC[*]=O)c3ccc(OC)cc3)cc2)cc1,333.15,train
698ddbe96c00d07d5428d37a,[*]Oc1ccc(C(C)(C)c2ccc(OC(=O)OCCN(CCOC[*]=O)c3ccc4[nH]c5ccccc5c4c3)cc2)cc1,363.15,test
698ddbe96c00d07d5428d37b,[*]Oc1ccc(C2(c3ccc(OC[*]=O)cc3)CC3CC2C2CCCC32)cc1,524.65,train
698ddbe96c00d07d5428d37c,[*]Oc1ccc(C2(c3ccc(OC[*]=O)c(C)c3)CC3CC2C2CCCC32)cc1C,490.15,test
698ddbe96c00d07d5428d37d,[*]Oc1c(Cl)cc(C2(c3cc(Cl)c(OC[*]=O)c(Cl)c3)CC3CC2C2CCCC32)cc1Cl,554.15,train
698ddbe96c00d07d5428d37e,[*]Oc1ccc(C2(c3ccc(OC[*]=O)cc3)CC3CC2C2C4CCC(C4)C32)cc1,540.65,test
698ddbe96c00d07d5428d37f,[*]Oc1ccc(C2(c3ccc(OC[*]=O)cc3C)CC3CC2C2C4CCC(C4)C32)cc1C,505.15,train
698ddbe96c00d07d5428d380,[*]Oc1ccc(C(c2ccc(OC[*]=O)cc2)C2CC3CC2C2C4CCC(C4)C32)cc1,526.15,train
698ddbe96c00d07d5428d381,[*]Oc1ccc(C(CC)(c2ccccc2)c2ccc(OC[*]=O)cc2)cc1,420.15,train
698ddbe96c00d07d5428d382,[*]Oc1ccc(C2(c3ccc(OC[*]=O)cc3)CCc3ccccc32)cc1,492.15,train
698ddbe96c00d07d5428d383,[*]Oc1ccc(Cc2ccc(Cc3ccc(OC[*]=O)cc3)cc2)cc1,352.65,train
698ddbe96c00d07d5428d384,[*]OC(C)COC[*]=O,307.75,train
698ddbe96c00d07d5428d385,[*]Oc1ccc(C2(c3ccc(OC[*]=O)cc3)CC(C)CC(C)(C)C2)cc1,508.65,test
698ddbe96c00d07d5428d386,[*]Oc1c(C)cc(C(c2cc(C)c(OC[*]=O)c(C)c2)(C(F)(F)F)C(F)(F)F)cc1C,481.15,val
698ddbe96c00d07d5428d387,[*]OC1CCC(OC[*]=O)CC1,411.15,train
698ddbe96c00d07d5428d388,[*]CCCS(=O)(=O)CCCCS(=O)(=O)CCCOC(=O)O[*],316.15,train
698ddbe96c00d07d5428d389,[*]Oc1ccc2c(c1)C1(CC2(C)C)CC(C)(C)c2ccc(OC[*]=O)cc21,501.15,train
698ddbe96c00d07d5428d38a,[*]CCOC(=O)O[*],278.15,train
698ddbe96c00d07d5428d38b,[*]Oc1ccc(C(C)(C)c2ccc(OC[*]=O)c(CC)c2)cc1CC,338.15,train
698ddbe96c00d07d5428d38c,[*]Oc1ccc(C(C)(CCC#N)c2ccc(OC[*]=O)cc2)cc1,423.15,test
698ddbe96c00d07d5428d38d,[*]Oc1ccc(C(C)(CCC#N)c2ccc(OC[*]=O)c(C)c2)cc1C,390.15,val
698ddbe96c00d07d5428d38e,[*]Oc1ccc(C(CCC)(CCC)c2ccc(OC[*]=O)c(C)c2)cc1C,374.15,val
698ddbe96c00d07d5428d38f,[*]CC(OC(=O)OCC)C(COC(=O)O[*])OC(=O)OCC,322.95,test
698ddbe96c00d07d5428d390,[*]OC1CCC(OC(=O)OCCCCOC[*]=O)CC1,303.15,test
698ddbe96c00d07d5428d391,[*]CC(O)C(O)COC(=O)O[*],312.75,train
698ddbe96c00d07d5428d392,[*]CC(OC=O)C(COC(=O)O[*])OC=O,327.45,train
698ddbe96c00d07d5428d393,[*]CC(OC(C)=O)C(COC(=O)O[*])OC(C)=O,331.75,val
698ddbe96c00d07d5428d394,[*]CC(OC(=O)C(=O)OCC)C(COC(=O)O[*])OC(=O)C(=O)OCC,326.95,train
698ddbe96c00d07d5428d395,[*]CC(OC(=O)Oc1ccc(C(=O)OC)cc1)C(COC(=O)O[*])OC(=O)Oc1ccc(C(=O)OC)cc1,364.04999999999995,val
698ddbe96c00d07d5428d396,[*]CC(OC(=O)C(Cc1ccccc1)NC(=O)OC(C)(C)C)C(COC(=O)O[*])OC(=O)C(Cc1ccccc1)NC(=O)OC(C)(C)C,355.54999999999995,train
698ddbe96c00d07d5428d397,[*]CC(OC(=O)C(CC(C)C)NC(=O)OCc1ccccc1)C(COC(=O)O[*])OC(=O)C(CC(C)C)NC(=O)OCc1ccccc1,324.04999999999995,val
698ddbe96c00d07d5428d398,[*]CCCOC(=O)O[*],255.45,test
698ddbe96c00d07d5428d399,[*]OC1CCC(OC(=O)OCCCCCOC[*]=O)CC1,268.15,val
698ddbe96c00d07d5428d39a,[*]OC1CCC(OC(=O)OCCCCCCOC[*]=O)CC1,283.15,train
698ddbe96c00d07d5428d39b,[*]OC1CCC(OC(=O)OCCCCCCCOC[*]=O)CC1,268.15,train
698ddbe96c00d07d5428d39c,[*]CC(C)(C)COC(=O)O[*],298.15,train
698ddbe96c00d07d5428d39d,[*]Oc1ccc(C(CC)c2ccc(OC[*]=O)cc2)cc1,401.15,val
698ddbe96c00d07d5428d39e,[*]Oc1ccc(C(C)(CC)c2ccc(OC[*]=O)c(C)c2)cc1C,392.15,train
698ddbe96c00d07d5428d39f,[*]Oc1ccc(C(C)(CC)c2ccc(OC[*]=O)c(Cl)c2)cc1Cl,415.15,val
698ddbe96c00d07d5428d3a0,[*]Oc1ccc(C(C)(C)c2ccc(OC[*]=O)c(Cl)c2)cc1,419.15,train
698ddbe96c00d07d5428d3a1,[*]Oc1ccc(C(C)(C)c2cc(Cl)c(OC[*]=O)c(Cl)c2)cc1,459.15,val
698ddbe96c00d07d5428d3a2,[*]Oc1ccc(C(C)(C)c2ccc(OC[*]=O)c(Cl)c2)cc1C,411.15,train
698ddbe96c00d07d5428d3a3,[*]Oc1ccc(C(CCCC)(CCCC)c2ccc(OC[*]=O)cc2)cc1,386.15,test
698ddbe96c00d07d5428d3a4,[*]Oc1ccc(C2(c3ccc(OC[*]=O)cc3)CCCCCC2)cc1,428.15,test
698ddbe96c00d07d5428d3a5,[*]Oc1ccc(C(C)(C)c2ccc(OC(=O)OC3C(C)(C)C(OC[*]=O)C3(C)C)cc2)cc1,403.15,train
698ddbe96c00d07d5428d3a6,[*]Oc1ccc(C(C)(CC)c2ccc(OC(=O)OC3C(C)(C)C(OC[*]=O)C3(C)C)cc2)cc1,397.15,train
698ddbe96c00d07d5428d3a7,[*]Oc1ccc(C2(c3ccc(OC(=O)OC4C(C)(C)C(OC[*]=O)C4(C)C)cc3)CC3CCC2C3)cc1,457.15,train
698ddbe96c00d07d5428d3a8,[*]Oc1ccc(C2(c3ccc(OC(=O)OC4C(C)(C)C(OC[*]=O)C4(C)C)cc3)CCC(C(C)(C)C)CC2)cc1,445.15,test
698ddbe96c00d07d5428d3a9,[*]Oc1ccc(C(C)(c2ccccc2)c2ccc(OC(=O)OC3C(C)(C)C(OC[*]=O)C3(C)C)cc2)cc1,422.15,test
698ddbe96c00d07d5428d3aa,[*]Oc1ccc(C(c2ccccc2)(c2ccccc2)c2ccc(OC(=O)OC3C(C)(C)C(OC[*]=O)C3(C)C)cc2)cc1,434.15,train
698ddbe96c00d07d5428d3ab,[*]Oc1ccc(C2(c3ccc(OC(=O)OC4C(C)(C)C(OC[*]=O)C4(C)C)cc3)c3ccccc3-c3ccccc32)cc1,487.15,test
698ddbe96c00d07d5428d3ac,[*]Oc1ccc(-c2ccc(OC(=O)OC3C(C)(C)C(OC[*]=O)C3(C)C)cc2)cc1,438.15,test
698ddbe96c00d07d5428d3ad,[*]Oc1ccc(C(c2ccc(OC(=O)OC3C(C)(C)C(OC[*]=O)C3(C)C)cc2)(C(F)(F)F)C(F)(F)F)cc1,415.15,train
698ddbe96c00d07d5428d3ae,[*]Sc1ccc(Cc2ccc(SC[*]=O)cc2)cc1,390.15,test
698ddbe96c00d07d5428d3af,[*]CC(COC(=O)O[*])OCCOc1ccc(/C=C/c2ccc([N+](=O)[O-])cc2)cc1,326.15,test
698ddbe96c00d07d5428d3b0,[*]CC(COC(=O)O[*])OCCCCOc1ccc(/C=C/c2ccc([N+](=O)[O-])cc2)cc1,315.15,train
698ddbe96c00d07d5428d3b1,[*]CC(COC(=O)O[*])OCCCCCCOc1ccc(/C=C/c2ccc([N+](=O)[O-])cc2)cc1,305.15,train
698ddbe96c00d07d5428d3b2,[*]CC(COC(=O)O[*])OCCCCCCCCCCCOc1ccc(/C=C/c2ccc([N+](=O)[O-])cc2)cc1,294.15,train
698ddbe96c00d07d5428d3b3,[*]Oc1ccc(C2(c3ccc(OC[*]=O)cc3)c3cc(N(C)C)ccc3-c3ccc([N+](=O)[O-])cc32)cc1,551.15,train
698ddbe96c00d07d5428d3b4,[*]Oc1ccc(C2(c3ccc(OC[*]=O)cc3)c3cc(OC)ccc3-c3ccc([N+](=O)[O-])cc32)cc1,567.15,train
698ddbe96c00d07d5428d3b5,[*]Oc1ccc(C(c2ccc(OC[*]=O)cc2)C(Cl)Cl)cc1,438.15,train
698ddbe96c00d07d5428d3b6,[*]Oc1c(Br)cc(C(c2cc(Br)c(OC[*]=O)c(Br)c2)(C(F)(F)F)C(F)(F)F)cc1Br,479.15,train
698ddbe96c00d07d5428d3b7,[*]Oc1ccc(C(=O)c2ccc(OC(=O)OC3C(C)(C)C(OC[*]=O)C3(C)C)cc2)cc1,398.15,train
698ddbe96c00d07d5428d3b8,[*]Oc1ccc(S(=O)(=O)c2ccc(OC(=O)OC3C(C)(C)C(OC[*]=O)C3(C)C)cc2)cc1,435.15,val
698ddbe96c00d07d5428d3b9,[*]Oc1ccc(C(C)(C)c2ccc(OC(=O)SCCCSC[*]=O)cc2)cc1,363.15,train
698ddbe96c00d07d5428d3ba,[*]Oc1ccc(C(C)(C)c2ccc(OC(=O)SCCCCCCSC[*]=O)cc2)cc1,331.15,train
698ddbe96c00d07d5428d3bb,[*]Oc1ccc(C(C)(C)c2ccc(OC(=O)Sc3ccc(C(C)(C)c4ccc(SC[*]=O)cc4)cc3)cc2)cc1,427.15,test
698ddbe96c00d07d5428d3bc,[*]Oc1c(Br)cc(S(=O)(=O)c2cc(Br)c(OC[*]=O)c(Br)c2)cc1Br,469.15,train
698ddbe96c00d07d5428d3bd,[*]Oc1ccc2c(c1)C(C)(c1ccc(OC[*]=O)cc1)CC2(C)C,474.84999999999997,test
698ddbe96c00d07d5428d3be,[*]Oc1c(Cl)cc(C(c2cc(Cl)c(OC[*]=O)c(Cl)c2)C(Cl)(Cl)Cl)cc1Cl,546.15,train
698ddbe96c00d07d5428d3bf,[*]Oc1c(Cl)cc(C(=C(Cl)Cl)c2cc(Cl)c(OC[*]=O)c(Cl)c2)cc1Cl,523.15,test
698ddbe96c00d07d5428d3c0,[*]CC1CCC(COC(=O)O[*])CC1,311.84999999999997,val
698ddbe96c00d07d5428d3c1,[*]CC(C)(COC(=O)O[*])C(=O)OCc1ccccc1,271.15,train
698ddbe96c00d07d5428d3c2,[*]CCN(CCOC(=O)OCc1ccc(COC(=O)O[*])cc1)c1ccc(/N=N/c2ccc([N+](=O)[O-])cc2)cc1,411.95,train
698ddbe96c00d07d5428d3c3,[*]OC1CCCCC1OC[*]=O,390.45,test
698ddbe96c00d07d5428d3c4,[*]Oc1ccc(C(C)(C)c2ccc(OC(=O)OCCCOC[*]=O)cc2)cc1,341.25,train
698ddbe96c00d07d5428d3c5,[*]Oc1ccc(C(C)(C)c2ccc(OC(=O)OCCCCOC[*]=O)cc2)cc1,329.65,test
698ddbe96c00d07d5428d3c6,[*]Oc1ccc(C(C)(C)c2ccc(OC(=O)OCCCCCOC[*]=O)cc2)cc1,322.65,train
698ddbe96c00d07d5428d3c7,[*]Oc1cccc(OC(=O)Oc2ccc(C(C)(C)c3ccc(OC[*]=O)cc3)cc2)c1,356.25,test
698ddbe96c00d07d5428d3c8,[*]Oc1ccc(OC(=O)Oc2ccc(C(C)(C)c3ccc(OC[*]=O)cc3)cc2)cc1,370.15,test
698ddbe96c00d07d5428d3c9,[*]Oc1ccc(C(C)(C)c2ccc(OC(=O)Oc3ccc(Cc4ccc(OC[*]=O)cc4)cc3)cc2)cc1,380.95,train
698ddbe96c00d07d5428d3ca,[*]CCCCOC(=O)OCC1CCC(COC(=O)O[*])CC1,286.15,train
698ddbe96c00d07d5428d3cb,[*]Oc1ccc(C(C)(C)c2ccc(OC(=O)OCC3CCC(COC[*]=O)CC3)cc2)cc1,363.54999999999995,train
698ddbe96c00d07d5428d3cc,[*]Oc1ccc(Cc2ccc(OC(=O)OCC3CCC(COC[*]=O)CC3)cc2)cc1,330.04999999999995,train
698ddbe96c00d07d5428d3cd,[*]OC(COC[*]=O)COc1ccccc1,318.15,train
698ddbe96c00d07d5428d3ce,[*]OC(COC[*]=O)COC(C)(C)C,291.15,test
698ddbe96c00d07d5428d3cf,[*]OC(COCCCC)COC[*]=O,251.14999999999998,val
698ddbe96c00d07d5428d3d0,[*]OC(COCCOC)COC[*]=O,223.14999999999998,train
698ddbe96c00d07d5428d3d1,[*]C(=O)c1ccc2nc(-c3ccc(-c4nc5ccc[*]cc5nc4-c4ccccc4)cc3)c(-c3ccccc3)nc2c1,598.15,train
698ddbe96c00d07d5428d3d3,[*]c1ccc(-c2nc(-c3cccc(-c4nnc(-c5ccccc5)c[*]n4)n3)nnc2-c2ccccc2)cc1,533.15,train
698ddbe96c00d07d5428d3d4,[*]c1ccc(Cc2ccc(-c3nc(-c4cccc(-c5nnc(-c6ccccc6)c[*]n5)n4)nnc3-c3ccccc3)cc2)cc1,478.15,train
698ddbe96c00d07d5428d3d8,[*]c1cnc(C2C(c3ccccc3)C[*]C2c2ccccc2)cn1,423.15,train
698ddbe96c00d07d5428d3d9,[*]N=P[*](Oc1cccc(Cl)c1)Oc1cccc(Cl)c1,249.14999999999998,train
698ddbe96c00d07d5428d3da,[*]N=P[*](Oc1ccc(CC)cc1)Oc1ccc(CC)cc1,260.65,train
698ddbe96c00d07d5428d3db,[*]c1ccc(-c2ccc(-c3cc(-c4ccccc4)c4cc5c(-c6ccccc6)cc[*]nc5cc4n3)cc2)cc1,665.15,train
698ddbe96c00d07d5428d3dc,[*]c1ccc(-c2ccc(-c3cc(-c4ccccc4)c4cc5nc[*]cc(-c6ccccc6)c5cc4n3)cc2)cc1,656.15,train
698ddbe96c00d07d5428d3dd,[*]c1ccc[*][nH]1,376.15,train
698ddbe96c00d07d5428d3de,[*]N=P[*](OCCOCCOCCOC)OCCOCCOCCOC,265.15,test
698ddbe96c00d07d5428d3df,[*]N=P[*](OCCOCCOCCOCCOC)OCCOCCOCCOCCOC,193.14999999999998,train
698ddbe96c00d07d5428d3e0,[*]N=P[*](OCCOCCOCCOCCOCCOC)OCCOCCOCCOCCOCCOC,194.14999999999998,test
698ddbe96c00d07d5428d3e1,[*]N=P[*](OCCOCCOCCOCCOCCOCCOC)OCCOCCOCCOCCOCCOCCOC,197.14999999999998,val
698ddbe96c00d07d5428d3e2,[*]N=P[*](OCCOCCOCCOCCOCCOCCOCCOCCOC)OCCOCCOCCOCCOCCOCCOCCOCCOC,198.14999999999998,train
698ddbe96c00d07d5428d3e3,[*]N=P[*](OCC(COC)OC)OCC(COC)OC,194.14999999999998,train
698ddbe96c00d07d5428d3e4,[*]Nc1ccc[*]cc1,348.45,train
698ddbe96c00d07d5428d3e5,[*]Nc1ccc[*]cc1C,201.74999999999997,train
698ddbe96c00d07d5428d3e6,[*]CCN[*]CC[Si](C)(C)C,208.34999999999997,train
698ddbe96c00d07d5428d3e8,[*]N=P[*](OCC(COCCOC)OCCOC)OCC(COCCOC)OCCOC,192.14999999999998,test
698ddbe96c00d07d5428d3e9,[*]N=P[*](OCC(COCCOCCOC)OCCOCCOC)OCC(COCCOCCOC)OCCOCCOC,192.14999999999998,train
698ddbe96c00d07d5428d3ea,[*]N=P[*](OCC(COCCOCCCC)OCCOCCCC)OCC(COCCOCCCC)OCCOCCCC,187.14999999999998,train
698ddbe96c00d07d5428d3eb,[*]N=P[*](OCC(COCCOC(C)C)OCCOC(C)C)OCC(COCCOC(C)C)OCCOC(C)C,196.14999999999998,train
698ddbe96c00d07d5428d3ec,[*]c1ccc(Cc2ccc(-n3nc(-c4ccccc4)cc3-c3cccc(-c4cc(-c5ccccc5)nn4[*])c3)cc2)cc1,498.15,train
698ddbe96c00d07d5428d3ed,[*]c1ccc(Cc2ccc(-n3nc(-c4ccccc4)cc3-c3ccc(-c4cc(-c5ccccc5)nn4[*])cc3)cc2)cc1,525.15,val
698ddbe96c00d07d5428d3ee,[*]c1ccc(S(=O)(=O)c2ccc(-n3nccc3-c3ccc(-c4ccnn4[*])cc3)cc2)cc1,539.15,train
698ddbe96c00d07d5428d3ef,[*]c1ccc(Cc2ccc(-n3nccc3-c3ccc(-c4ccnn4[*])cc3)cc2)cc1,475.15,train
698ddbe96c00d07d5428d3f0,[*]c1ccc(S(=O)(=O)c2ccc(-n3nccc3-c3cccc(-c4ccnn4[*])c3)cc2)cc1,491.15,train
698ddbe96c00d07d5428d3f1,[*]c1ccc(Cc2ccc(-n3nccc3-c3cccc(-c4ccnn4[*])c3)cc2)cc1,485.15,train
698ddbe96c00d07d5428d3f2,[*]=Cc1cc(OCCCCCCCC)c(/C=N/c2ccc(N=[*])cc2)cc1OCCCCCCCC,305.84999999999997,train
698ddbe96c00d07d5428d3f3,[*]Nc1ccc[*]cc1OC,363.15,test
698ddbe96c00d07d5428d3f4,[*]N=P[*](OC1COCCOCCOCCOCCOC1)OC1COCCOCCOCCOCCOC1,269.29999999999995,train
698ddbe96c00d07d5428d3f5,[*]N=P[*](OCCCOC1COCCOCCOCCOCCOC1)OCCCOC1COCCOCCOCCOCCOC1,253.54999999999998,val
698ddbe96c00d07d5428d3f6,[*]N=P[*](OCCCCCCOC1COCCOCCOCCOCCOC1)OCCCCCCOC1COCCOCCOCCOCCOC1,247.04999999999998,train
698ddbe96c00d07d5428d3f7,[*]N=P[*](Oc1ccc(C(C)(C)C)cc1)Oc1ccc(C(C)(C)C)cc1,330.15,val
698ddbe96c00d07d5428d3f8,[*]N(C)[Si][*](C)C=C,253.14999999999998,test
698ddbe96c00d07d5428d3f9,[*]N(C)[Si][*](C)C,253.14999999999998,train
698ddbe96c00d07d5428d3fa,[*]N(C)[Si](C)(C)N(C)[Si][*](C)CC,253.14999999999998,train
698ddbe96c00d07d5428d3fb,[*]N(CCC)[Si](C)(C)C[Si][*](C)C,253.14999999999998,test
698ddbe96c00d07d5428d3fc,[*]N(C)[Si](C)(C=C)N(C)[Si][*](C)C,231.14999999999998,val
698ddbe96c00d07d5428d3fd,[*]CC(O)CN[*]c1ccccc1,351.65,train
698ddbe96c00d07d5428d3fe,[*]N=P(N=P(N=S[*](=O)NC)(NC)NC)(NC)NC,295.15,test
698ddbe96c00d07d5428d3ff,[*]N=P(N=P(N=S[*](=O)Nc1ccccc1)(Nc1ccccc1)Nc1ccccc1)(Nc1ccccc1)Nc1ccccc1,355.15,train
698ddbe96c00d07d5428d400,[*]N=P(N=P(N=S[*](=O)NCC)(NCC)NCC)(NCC)NCC,277.15,train
698ddbe96c00d07d5428d401,[*]N=P(N=P(N=S[*](=O)NCCC)(NCCC)NCCC)(NCCC)NCCC,279.15,train
698ddbe96c00d07d5428d402,[*]N=P(N=P(N=S[*](=O)NCCCC)(NCCCC)NCCCC)(NCCCC)NCCCC,257.15,train
698ddbe96c00d07d5428d403,[*]N=P(N=P(N=S[*](=O)NCCCCCC)(NCCCCCC)NCCCCCC)(NCCCCCC)NCCCCCC,255.14999999999998,val
698ddbe96c00d07d5428d404,[*]N=P(N=P(N=S[*](=O)NCC=C)(NCC=C)NCC=C)(NCC=C)NCC=C,255.14999999999998,test
698ddbe96c00d07d5428d405,[*]N=P[*](OCCOCCOCCOCCOCCCCCCCCCCCC)OCCOCCOCCOCCOCCCCCCCCCCCC,219.54999999999998,test
698ddbe96c00d07d5428d406,[*]N=P[*](NCCCC)NCCCC,300.15,train
698ddbe96c00d07d5428d407,[*]N=P[*](Oc1ccc(Cc2ccccc2)cc1)Oc1ccc(Cc2ccccc2)cc1,286.45,train
698ddbe96c00d07d5428d408,[*]CCN[*]C(=O)C12CC3CC(CC(C3)C1)C2,396.15,test
698ddbe96c00d07d5428d409,[*]CCN[*]C(=O)CC12CC3CC(CC(C3)C1)C2,412.15,train
698ddbe96c00d07d5428d40a,[*]N=P[*](Oc1ccc(Br)cc1)Oc1ccc(Br)cc1,293.79999999999995,train
698ddbe96c00d07d5428d40b,[*]c1ccc(-c2ccc(-c3cc(-c4ccccc4)c4cc(-c5ccc6nc[*]cc(-c7ccccc7)c6c5)ccc4n3)cc2)cc1,633.15,train
698ddbe96c00d07d5428d40c,[*]N=P[*](OCCOc1ccc(/N=N/c2ccc(CCCC)cc2)cc1)OCCOc1ccc(/N=N/c2ccc(CCCC)cc2)cc1,353.15,train
698ddbe96c00d07d5428d40d,[*]N=P[*](Oc1ccc(OC)cc1)Oc1ccc(OC)cc1,284.45,train
698ddbe96c00d07d5428d40e,[*]N=P[*](Oc1cccc(F)c1)Oc1cccc(F)c1,235.14999999999998,train
698ddbe96c00d07d5428d40f,[*]N=P[*](Oc1cccc(Br)c1)Oc1cccc(Br)c1,270.65,test
698ddbe96c00d07d5428d410,[*]N=P[*](C)c1ccccc1,310.15,val
698ddbe96c00d07d5428d411,[*]N=P[*](CC)c1ccccc1,293.15,test
698ddbe96c00d07d5428d413,[*]N=P[*](NCCC)NCCC,258.65,train
698ddbe96c00d07d5428d414,[*]c1ccc(-c2ccc3nc[*]cc(-c4ccccc4)c3c2)cc1,656.15,val
698ddbe96c00d07d5428d415,[*]c1ccc(-c2nc3ccc(-c4ccc5nc[*]c(-c6ccccc6)nc5c4)cc3nc2-c2ccccc2)cc1,627.65,val
698ddbe96c00d07d5428d416,[*]c1ccc(-c2c(-c3ccccc3)nc3ccc(-c4ccc5nc(-c6ccccc6)c[*]c(-c6ccccc6)c5c4)cc3c2-c2ccccc2)cc1,643.15,train
698ddbe96c00d07d5428d417,[*]c1ccc(-c2ccc(-c3c(-c4ccccc4)nc4ccc(-c5ccc6nc(-c7ccccc7)c[*]c(-c7ccccc7)c6c5)cc4c3-c3ccccc3)cc2)cc1,678.15,train
698ddbe96c00d07d5428d418,[*]c1ccc(C2(c3ccc(-c4cc(-c5ccccc5)c5cc(C6(c7ccc8nc[*]cc(-c9ccccc9)c8c7)c7ccccc7-c7ccccc76)ccc5n4)cc3)c3ccccc3-c3ccccc32)cc1,663.15,val
698ddbe96c00d07d5428d419,[*]c1ccc(C2(c3ccc(-c4cc(-c5ccccc5)c5cc(C6(c7ccc8nc[*]cc(-c9ccccc9)c8c7)c7ccccc7-c7ccccc76)ccc5n4)cc3)c3ccccc3C(=O)c3ccccc32)cc1,658.15,train
698ddbe96c00d07d5428d41a,[*]c1ccc(C2(c3ccc(-c4cc(-c5ccccc5)c5cc(C6(c7ccc8nc[*]cc(-c9ccccc9)c8c7)c7ccccc7C(=O)c7ccccc76)ccc5n4)cc3)c3ccccc3-c3ccccc32)cc1,678.15,train
698ddbe96c00d07d5428d41b,[*]c1ccc(C2(c3ccc(-c4cc(-c5ccccc5)c5cc(C6(c7ccc8nc[*]cc(-c9ccccc9)c8c7)c7ccccc7C(=O)c7ccccc76)ccc5n4)cc3)c3ccccc3C(=O)c3ccccc32)cc1,663.15,test
698ddbe96c00d07d5428d41c,[*]c1ccc(C2(c3ccc(-c4cc(-c5ccccc5)c5cc(-c6ccc7nc[*]cc(-c8ccccc8)c7c6)ccc5n4)cc3)c3ccccc3-c3ccccc32)cc1,693.15,test
698ddbe96c00d07d5428d41d,[*]c1ccc(C2(c3ccc(-c4cc(-c5ccccc5)c5cc(-c6ccc7nc[*]cc(-c8ccccc8)c7c6)ccc5n4)cc3)c3ccccc3C(=O)c3ccccc32)cc1,690.15,train
698ddbe96c00d07d5428d41e,[*]c1ccc(-c2ccc(-c3cc(-c4ccccc4)c4cc(C5(c6ccc7nc[*]cc(-c8ccccc8)c7c6)c6ccccc6-c6ccccc65)ccc4n3)cc2)cc1,653.15,test
698ddbe96c00d07d5428d41f,[*]c1ccc(-c2ccc(-c3cc(-c4ccccc4)c4cc(C5(c6ccc7nc[*]cc(-c8ccccc8)c7c6)c6ccccc6C(=O)c6ccccc65)ccc4n3)cc2)cc1,623.15,test
698ddbe96c00d07d5428d420,[*]c1ccc(-c2cc(-c3ccccc3)c3cc(-c4ccc5nc[*]cc(-c6ccccc6)c5c4)ccc3n2)cc1,668.15,val
698ddbe96c00d07d5428d421,[*]c1ccc(-c2ccc(-c3ccc(-c4cc(-c5ccccc5)c5cc(-c6ccc7nc[*]cc(-c8ccccc8)c7c6)ccc5n4)cc3)cc2)cc1,633.15,train
698ddbe96c00d07d5428d422,[*]c1ccc(-c2ccc(-c3ccc(-c4ccc(-c5cc(-c6ccccc6)c6cc(-c7ccc8nc[*]cc(-c9ccccc9)c8c7)ccc6n5)cc4)cc3)cc2)cc1,628.15,train
698ddbe96c00d07d5428d423,[*]c1ccc(-c2nc3ccc(-c4ccc5nc[*]c(-c6ccccc6)c(-c6ccccc6)c5c4)cc3c(-c3ccccc3)c2-c2ccccc2)cc1,673.15,train
698ddbe96c00d07d5428d424,[*]c1ccc(-c2ccc(-c3nc4ccc(-c5ccc6nc[*]c(-c7ccccc7)c(-c7ccccc7)c6c5)cc4c(-c4ccccc4)c3-c3ccccc3)cc2)cc1,693.15,train
698ddbe96c00d07d5428d425,[*]c1ccc(-c2ccc(-c3cc(-c4ccc(-c5ccc(Oc6ccccc6)cc5)cc4)c4cc(-c5ccc6nc[*]cc(-c7ccc(-c8ccc(Oc9ccccc9)cc8)cc7)c6c5)ccc4n3)cc2)cc1,647.15,train
698ddbe96c00d07d5428d426,[*]c1ccc(-c2ccc(-c3cc(-c4ccc(Oc5ccc(-c6ccccc6)cc5)cc4)c4cc(-c5ccc6nc[*]cc(-c7ccc(Oc8ccc(-c9ccccc9)cc8)cc7)c6c5)ccc4n3)cc2)cc1,637.15,train
698ddbe96c00d07d5428d427,[*]c1ccc(-c2ccc(-c3cc(-c4ccc(Oc5ccc(Oc6ccccc6)cc5)cc4)c4cc(-c5ccc6nc[*]cc(-c7ccc(Oc8ccc(Oc9ccccc9)cc8)cc7)c6c5)ccc4n3)cc2)cc1,628.15,train
698ddbe96c00d07d5428d428,[*]Nc1cccc2c(N[Se][*])cccc12,326.15,train
698ddbe96c00d07d5428d429,[*]=CNc1ccc(Cc2ccc(N=[*])cc2)cc1,368.65,train
698ddbe96c00d07d5428d42a,[*]=CNc1ccc(CCc2ccc(N=[*])cc2)cc1,398.15,train
698ddbe96c00d07d5428d42c,[*]c1ccc(N[Se]Nc2ccc(S[*](=O)=O)cc2)cc1,335.15,train
698ddbe96c00d07d5428d42d,[*]N=P[*](OCCOCCOc1ccc(CCCCCCCC)cc1)OCCOCCOc1ccc(CCCCCCCC)cc1,259.84999999999997,train
698ddbe96c00d07d5428d42e,[*]CCCC(O)CN(CCCC)c1ccc(C#Cc2ccc(S[*](=O)=O)cc2)cc1,321.15,test
698ddbe96c00d07d5428d42f,[*]N=P[*](Oc1ccc(I)cc1)Oc1ccc(I)cc1,316.25,train
698ddbe96c00d07d5428d430,[*]N=P[*](Oc1ccc2cc(I)ccc2c1)Oc1ccc2cc(I)ccc2c1,363.45,val
698ddbe96c00d07d5428d431,[*]N=P[*](OCCOc1ccc2ccccc2c1)OCCOc1ccc2ccccc2c1,303.75,train
698ddbe96c00d07d5428d432,[*]N=P[*](OCCOc1ccc2cc(Br)ccc2c1)OCCOc1ccc2cc(Br)ccc2c1,316.65,train
698ddbe96c00d07d5428d433,[*]N=P[*](OCCOc1ccc2cc(I)ccc2c1)OCCOc1ccc2cc(I)ccc2c1,337.95,train
698ddbe96c00d07d5428d434,[*]N=P[*](OCCOc1ccc(-c2ccccc2)cc1)OCCOc1ccc(-c2ccccc2)cc1,329.34999999999997,val
698ddbe96c00d07d5428d435,[*]N=P[*](OCCOc1ccc(-c2ccc(Br)cc2)cc1)OCCOc1ccc(-c2ccc(Br)cc2)cc1,362.84999999999997,train
698ddbe96c00d07d5428d436,[*]N=P[*](OCCOc1ccc(-c2ccc(I)cc2)cc1)OCCOc1ccc(-c2ccc(I)cc2)cc1,384.54999999999995,train
698ddbe96c00d07d5428d437,[*]N=P[*](OCCOc1ccc(-c2ccccc2)cc1I)OCCOc1ccc(-c2ccccc2)cc1I,342.65,train
698ddbe96c00d07d5428d438,[*]N=P[*](Oc1ccc(C(=O)OC)cc1)Oc1ccc(C(=O)OC)cc1,240.14999999999998,train
698ddbe96c00d07d5428d439,[*]c1ccc(N/C=N/c2ccc(S[*](=O)=O)cc2)cc1,436.15,test
698ddbe96c00d07d5428d43a,[*]N=P(Cl)(Cl)N=P(Cl)(Cl)N=S[*](=O)F,217.14999999999998,train
698ddbe96c00d07d5428d43b,[*]N=P[*](C)CCCC,222.14999999999998,test
698ddbe96c00d07d5428d43c,[*]N=P[*](C)CCCCCC,204.14999999999998,train
698ddbe96c00d07d5428d43d,[*]N=P[*](Oc1ccc(C(C)CC)cc1)Oc1ccc(C(C)CC)cc1,261.65,train
698ddbe96c00d07d5428d43e,[*]=NP(=NP(=NC(=[*])Oc1ccccc1)(Oc1ccccc1)Oc1ccccc1)(Oc1ccccc1)Oc1ccccc1,291.15,train
698ddbe96c00d07d5428d43f,[*]=NP(=NP(=NC(=[*])Oc1ccc(C(C)(C)C)cc1)(Oc1ccc(C(C)(C)C)cc1)Oc1ccc(C(C)(C)C)cc1)(Oc1ccc(C(C)(C)C)cc1)Oc1ccc(C(C)(C)C)cc1,347.15,train
698ddbe96c00d07d5428d440,[*]=NP(=NP(=NC(=[*])Oc1ccc(Br)cc1)(Oc1ccc(Br)cc1)Oc1ccc(Br)cc1)(Oc1ccc(Br)cc1)Oc1ccc(Br)cc1,318.15,test
698ddbe96c00d07d5428d441,[*]=NP(=NP(=NC(=[*])Oc1ccc(C(C)(C)c2ccccc2)cc1)(Oc1ccc(C(C)(C)c2ccccc2)cc1)Oc1ccc(C(C)(C)c2ccccc2)cc1)(Oc1ccc(C(C)(C)c2ccccc2)cc1)Oc1ccc(C(C)(C)c2ccccc2)cc1,328.15,test
698ddbe96c00d07d5428d442,[*]=NP(=NP(=NC(=[*])Oc1ccc(OC)cc1)(Oc1ccc(OC)cc1)Oc1ccc(OC)cc1)(Oc1ccc(OC)cc1)Oc1ccc(OC)cc1,310.15,train
698ddbe96c00d07d5428d443,[*]=NP(=NP(=NC(=[*])Oc1ccc(C(=O)OC)cc1)(Oc1ccc(C(=O)OC)cc1)Oc1ccc(C(=O)OC)cc1)(Oc1ccc(C(=O)OC)cc1)Oc1ccc(C(=O)OC)cc1,325.15,train
698ddbe96c00d07d5428d444,[*]=NP(=NP(=NC(=[*])Oc1ccc(C(F)(F)F)cc1)(Oc1ccc(C(F)(F)F)cc1)Oc1ccc(C(F)(F)F)cc1)(Oc1ccc(C(F)(F)F)cc1)Oc1ccc(C(F)(F)F)cc1,304.15,test
698ddbe96c00d07d5428d445,[*]=NP(=NP(=NC(=[*])Oc1ccccc1C(F)(F)F)(Oc1ccccc1C(F)(F)F)Oc1ccccc1C(F)(F)F)(Oc1ccccc1C(F)(F)F)Oc1ccccc1C(F)(F)F,253.14999999999998,train
698ddbe96c00d07d5428d446,[*]=Nc1ccc(Cc2ccc(NC(=[*])C)cc2)cc1,415.15,test
698ddbe96c00d07d5428d447,[*]=Nc1ccc(Cc2ccc(NC(=[*])CC)cc2)cc1,403.15,train
698ddbe96c00d07d5428d448,[*]=Nc1ccc(Cc2ccc(NC(=[*])CCC)cc2)cc1,383.15,train
698ddbe96c00d07d5428d449,[*]=Nc1ccc(Cc2ccc(NC(=[*])CCCC)cc2)cc1,379.15,train
698ddbe96c00d07d5428d44a,[*]=Nc1ccc(Cc2ccc(NC(=[*])c3ccccc3)cc2)cc1,431.15,train
698ddbe96c00d07d5428d44b,[*]Nc1ccc(N[Se][*])cc1,328.15,train
698ddbe96c00d07d5428d44c,[*]N=P[*](OC/C=C/c1ccccc1)OC/C=C/c1ccccc1,274.15,train
698ddbe96c00d07d5428d44d,[*]c1ccc(Cc2ccc(N(c3ccc(C)cc3)c3ccc(-c4ccc(N[*]c5ccc(C)cc5)cc4)cc3)cc2)cc1,456.15,test
698ddbe96c00d07d5428d44e,[*]c1ccc(C(c2ccccc2)c2ccc(N(c3ccc(C)cc3)c3ccc(-c4ccc(N[*]c5ccc(C)cc5)cc4)cc3)cc2)cc1,512.15,train
698ddbe96c00d07d5428d44f,[*]N=P[*](OCC1COCCOCCOCCOCCO1)OCC1COCCOCCOCCOCCO1,233.14999999999998,train
698ddbe96c00d07d5428d450,[*]c1cccc(N/C=C/C(=O)c2cccc(C(=O)/C=C/Nc3cccc(S[*](=O)=O)c3)c2)c1,488.15,train
698ddbe96c00d07d5428d451,[*]CC(O)C(O)CN[*]c1ccc(N(C)C)cc1,345.15,val
698ddbe96c00d07d5428d452,[*]CC(O)CCCCC(O)CN[*]c1ccc(N(C)C)cc1,345.15,train
698ddbe96c00d07d5428d453,[*]/N=N/c1ccc([Te]c2ccc[*]cc2)cc1,573.15,train
698ddbe96c00d07d5428d454,[*]c1ccc(-c2cc(CCCCCC)c(-c3ccc(-c4ccc5ccc6ccc[*]nc6c5n4)cc3)cc2CCCCCC)cc1,463.15,train
698ddbe96c00d07d5428d455,[*]N=P[*](OCCOCCOCCOP1(OCCOCCOC)=NP(OCCOCCOC)(OCCOCCOC)=NP(OCCOCCOC)(OCCOCCOC)=N1)OCCOCCOCCOP1(OCCOCCOC)=NP(OCCOCCOC)(OCCOCCOC)=NP(OCCOCCOC)(OCCOCCOC)=N1,235.14999999999998,train
698ddbe96c00d07d5428d456,[*]N=P[*](OCC1COCCOCCOCCOCCOCCO1)OCC1COCCOCCOCCOCCOCCO1,233.14999999999998,train
698ddbe96c00d07d5428d457,[*]N=P[*](CC1COCCOCCOCCO1)OCC1COCCOCCOCCO1,233.14999999999998,test
698ddbe96c00d07d5428d458,[*]c1cn[*]c2ccccc12,338.15,train
698ddbe96c00d07d5428d459,[*]Nc1cccc2c1C(=O)c1cccc(N[Se][*])c1C2=O,325.15,train
698ddbe96c00d07d5428d45a,[*]c1ccc(-c2ccc(N(c3ccc(OC)cc3)c3ccc4ccc(N[*]c5ccc(OC)cc5)cc4c3)cc2)cc1,505.15,train
698ddbe96c00d07d5428d45b,[*]Nc1cccc(NC(=C(C#N)C#N)c2cccc(C[*]=C(C#N)C#N)c2)c1,551.15,train
698ddbe96c00d07d5428d45c,[*]Nc1ccc(/C=C/c2ccc(NC(=C(C#N)C#N)c3ccc(C[*]=C(C#N)C#N)cc3)cc2)cc1,523.15,train
698ddbe96c00d07d5428d45d,[*]Nc1ccc(C(C)(C)c2cccc(C(C)(C)c3ccc(NC(=C(C#N)C#N)c4ccc(C[*]=C(C#N)C#N)cc4)cc3)c2)cc1,481.15,train
698ddbe96c00d07d5428d45e,[*]CCCCCCCCCCN/C(=N/[*])c1ccccc1,283.15,test
698ddbe96c00d07d5428d45f,[*]CCCCCCCCCCN/C(C)=N/[*],353.15,train
698ddbe96c00d07d5428d460,[*]c1ccc(/C=C(\c2ccc(OC)cc2)c2ccc(/C(=C/c3ccc(N[*]c4ccccc4)cc3)c3ccc(OC)cc3)cc2)cc1,470.15,train
698ddbe96c00d07d5428d461,[*]/C(C#N)=C/c1ccc(N(CC)Cc2ccccc2CN(CC)c2ccc(/C=C(\C#N)S[*](=O)=O)cc2)cc1,463.15,train
698ddbe96c00d07d5428d462,[*]c1ccc(-c2ccc(N[*]c3ccc(C)cc3)cc2)cc1,358.15,train
698ddbe96c00d07d5428d463,[*]c1ccc(-c2ccc(N[*]c3ccc(CCCC)cc3)cc2)cc1,453.15,train
698ddbe96c00d07d5428d464,[*]/C=C/c1cc(CCCCCCCCCC)c(/C=C/c2ccc(-c3ccc[*]nc3)cn2)cc1CCCCCCCCCC,341.15,train
698ddbe96c00d07d5428d465,[*]c1ccc(/C=C/c2cc(OCCCCCCCC)c(/C=C/c3ccc(N[*]c4ccccc4)cc3)cc2OCCCCCCCC)cc1,347.15,train
698ddbe96c00d07d5428d466,[*]c1ccc(C(c2ccccc2)c2ccc(N[*]c3ccc(C)cc3)cc2)cc1,472.15,train
698ddbe96c00d07d5428d467,[*]c1ccc(C(c2ccc(OCCCC)cc2)c2ccc(N[*]c3ccc(C)cc3)cc2)cc1,443.15,train
698ddbe96c00d07d5428d468,[*]c1ccc(C(c2ccc(C#N)cc2)c2ccc(N[*]c3ccc(C)cc3)cc2)cc1,503.15,test
698ddbe96c00d07d5428d469,[*]c1ccc(C(c2ccc(N[*]c3ccc(C)cc3)cc2)c2ccc([N+](=O)[O-])cc2)cc1,488.15,test
698ddbe96c00d07d5428d46a,[*]c1ccc(C(c2ccc(C(=O)OC)cc2)c2ccc(N[*]c3ccc(C)cc3)cc2)cc1,495.15,train
698ddbe96c00d07d5428d46b,[*]/C=C/c1ccc(-c2nnc(-c3ccc(/C=C/c4ccc5c(c4)c4cc[*]ccc4n5CCCCCCCC)cc3)n2-c2ccccc2)cc1,420.15,test
698ddbe96c00d07d5428d46c,[*]/C=C/c1ccc(-c2nnc(-c3ccc(/C=C/c4ccc5c(c4)c4cc(-c6ccc7c(c6)c6cc[*]ccc6n7CCCCCCCC)ccc4n5CCCCCCCC)cc3)n2-c2ccccc2)cc1,430.15,train
698ddbe96c00d07d5428d46d,[*]c1ccc(/C=C/c2cc(OCC(CC)CCCC)c(/C=C/c3ccc(N[*]c4ccccc4)cc3)cc2OC)cc1,420.15,test
698ddbe96c00d07d5428d46e,[*]c1ccc(/C=C(\C#N)c2cc(OCCCCCCCC)c(/C(C#N)=C/c3ccc(N[*]c4ccccc4)cc3)cc2OCCCCCCCC)cc1,351.15,train
698ddbe96c00d07d5428d46f,[*]Nc1ccc[*]cc1OCCCCCCCCCCOc1ccc(C2CCC(CCCCC)CC2)cc1,337.65,train
698ddbe96c00d07d5428d470,[*]CCN[*]C,242.14999999999998,train
698ddbe96c00d07d5428d471,[*]c1ccc(-c2ccc(-c3ccc(-c4ccc(N[*]c5ccc(C)cc5)cc4)c4c(C)ccc(C)c34)c3c(C)ccc(C)c23)cc1,421.15,train
698ddbe96c00d07d5428d472,[*]c1ccc(-c2cc3c(ccc4ccccc43)cc2-c2ccc(N[*]c3ccc(C)cc3)cc2)cc1,399.15,train
698ddbe96c00d07d5428d473,[*]CCCCCCCCCC[N+][*](C)C,339.04999999999995,train
698ddbe96c00d07d5428d474,[*]Cc1ccc(C[n+]2ccc(-c3cc[n+][*]cc3)cc2)cc1,368.15,test
698ddbe96c00d07d5428d475,[*]Cc1cccc(C[n+]2ccc(-c3cc[n+][*]cc3)cc2)c1,401.15,test
698ddbe96c00d07d5428d476,[*]Cc1ccccc1C[n+]1ccc(-c2cc[n+][*]cc2)cc1,343.65,train
698ddbe96c00d07d5428d477,[*]CCC1C[N+](C)(C)CC1[*],266.45,train
698ddbe96c00d07d5428d478,[*]/C(C#N)=C/c1cc(OCC(CC)CCCC)c(/C=C(\C#N)c2ccc3c4ccc[*]cc4n(CC(CC)CCCC)c3c2)cc1OCC(CC)CCCC,345.15,train
698ddbe96c00d07d5428d479,[*]/C=C/c1ccc(N(c2ccc(/C=C/c3ccc4c5ccc[*]cc5n(CC(CC)CCCC)c4c3)cc2)c2ccc(OCC(CC)CCCC)cc2)cc1,405.15,train
698ddbe96c00d07d5428d47a,[*]/C=C/c1cc(OCC(CC)CCCC)c(/C=C/c2ccc3c4ccc[*]cc4n(CC(CC)CCCC)c3c2)cc1OCC(CC)CCCC,334.15,test
698ddbe96c00d07d5428d47b,[*]c1cccc(-c2nc3cc(-c4ccc5c(c4)nc[*]n5C)ccc3[nH]2)c1,619.81,train
698ddbe96c00d07d5428d47c,[*]c1cc(CCOCCOC)c[*][nH]1,230.14999999999998,val
698ddbe96c00d07d5428d47d,[*]c1ccc2c(c1)C(CCCCCC)(CCCCCC)c1cc(-c3ccc4c(c3)c3cc[*]ccc3n4-c3ccccc3)ccc1-2,443.15,train
698ddbe96c00d07d5428d47e,[*]c1ccc2c(c1)C(CCCCCC)(CCCCCC)c1cc(-c3ccc4c(c3)c3cc[*]ccc3n4-c3ccc(C)cc3)ccc1-2,428.15,test
698ddbe96c00d07d5428d47f,[*]c1ccc2c(c1)C(CCCCCC)(CCCCCC)c1cc(-c3ccc4c(c3)c3cc[*]ccc3n4-c3ccc(OC)cc3)ccc1-2,447.15,train
698ddbe96c00d07d5428d480,[*]c1[nH]c2ccccc2c1[*],410.15,train
698ddbe96c00d07d5428d481,[*]Cc1cc(C23CC4CC(CC(C4)C2)C3)cc(CN[*]c2ccccc2)c1O,382.54999999999995,train
698ddbe96c00d07d5428d482,[*]Cc1cc(C23CC4CC(CC(C4)C2)C3)cc(CN[*]C)c1O,461.95,train
698ddbe96c00d07d5428d483,[*]/C=C/c1ccc2c(c1)C(CCCCCC)(CCCCCC)c1cc(/C=C/c3nc[*]c(C#N)c(/C=C/c4ccc(N(c5ccccc5)c5ccccc5)cc4)c3C#N)ccc1-2,451.15,train
698ddbe96c00d07d5428d484,[*]/C=C/c1nc(/C=C/c2ccc3c(c2)c2cc[*]ccc2n3CCCCCC)c(C#N)c(/C=C/c2ccc(N(c3ccccc3)c3ccccc3)cc2)c1C#N,407.15,test
698ddbe96c00d07d5428d485,[*]/C=C/c1cc(CCCCCCCCCCCCCCCC)c(/C=C/c2nc[*]c(C#N)c(/C=C/c3ccc(N(c4ccccc4)c4ccccc4)cc3)c2C#N)cc1CCCCCCCCCCCCCCCC,438.15,train
698ddbe96c00d07d5428d486,[*]Nc1ccc[*]cc1OCCCCCCCCCC,350.15,test
698ddbe96c00d07d5428d487,[*]Nc1ccc[*]cc1OCCCCCCCCCCCC,360.15,train
698ddbe96c00d07d5428d488,[*]Nc1ccc[*]cc1OCCCCCCCCCCCCCCCC,365.15,train
698ddbe96c00d07d5428d489,[*]O[Si](C)(C)CCC/N=C1\C=C/C(=N/CCC[Si][*](C)C)c2c(O)ccc(O)c21,306.04999999999995,train
698ddbe96c00d07d5428d48a,[*]O[Si](C)(C)CCC/N=C1\c2ccccc2/C(=N\CCC[Si][*](C)C)c2c(O)ccc(O)c21,280.65,val
698ddbe96c00d07d5428d48b,[*]=Nc1ccc(/N=C(\c2ccccc2)c2ccc(C(=[*])c3ccccc3)cc2)cc1,452.15,train
698ddbe96c00d07d5428d48c,[*]=Nc1cccc(/N=C(\c2ccccc2)c2ccc(C(=[*])c3ccccc3)cc2)c1,452.15,train
698ddbe96c00d07d5428d48d,[*]=Nc1ccc(/N=C(/C=C/C(=[*])c2ccccc2)c2ccccc2)cc1,430.15,train
698ddbe96c00d07d5428d48e,[*]=Nc1cccc(/N=C(/C=C/C(=[*])c2ccccc2)c2ccccc2)c1,451.15,test
698ddbe96c00d07d5428d48f,[*]c1ccc(C(c2ccc(-c3nc4ccc(-c5ccc6nc[*][nH]c6c5)cc4[nH]3)cc2)(C(F)(F)F)C(F)(F)F)cc1,542.15,train
698ddbe96c00d07d5428d490,[*]O[Si](C)(C)CCC/N=C1\C=C(O)/C(=N\CCC[Si][*](C)C)C=C1O,343.49,val
698ddbe96c00d07d5428d491,[*]/N=N/c1ccc(Nc2ccc(C(=O)c3ccc(Nc4ccc[*]cc4)cc3)cc2)cc1,489.56999999999994,test
698ddbe96c00d07d5428d492,[*]Nc1ccc(C(=O)c2ccc(Nc3ccc4c(c3)c3cc[*]ccc3n4CC(CC)CCCC)cc2)cc1,509.205,train
698ddbe96c00d07d5428d493,[*]CC(O)CN(CC(O)CN[*]c1ccccc1)c1ccc(/N=N/c2ccc([N+](=O)[O-])cc2)cc1,343.15,train
698ddbe96c00d07d5428d494,[*]CC(O)CN[*]c1ccc(/N=N/c2ccc(C(=O)O)cc2)cc1,372.15,train
698ddbe96c00d07d5428d495,[*]CCN[*]C(=O)C1(c2ccc(Cl)cc2)CCC1,385.15,train
698ddbe96c00d07d5428d496,[*]CCN[*]C(=O)Cc1ccc(C(F)(F)F)cc1,348.15,train
698ddbe96c00d07d5428d497,[*]CCN[*]C(=O)CSC,312.15,train
698ddbe96c00d07d5428d498,[*]CCN[*]C(=O)C(OC)(c1ccccc1)C(F)(F)F,362.15,train
698ddbe96c00d07d5428d499,[*]CCN[*]C(=O)c1ccc(SC(F)(F)F)cc1,373.15,train
698ddbe96c00d07d5428d49a,[*]C#CC#Cc1cc(C(C)(C)C)cc2c3cc(C(C)(C)C)cc[*]c3n(CCCCCCCCCCCCCCCC)c12,340.15,test
698ddbe96c00d07d5428d49b,[*]C#Cc1cc(C(C)(C)C)cc2c3cc(C(C)(C)C)cc[*]c3n(CCCCCCCCCCCCCCCC)c12,353.15,train
698ddbe96c00d07d5428d49c,[*]O[Si](C)(C)CCC/N=C/c1cc(Cc2ccc(O)c(/C=N/CCC[Si][*](C)C)c2)ccc1O,221.52499999999998,train
698ddbe96c00d07d5428d49d,[*]CCN[*]C(=O)c1ccccc1F,382.15,train
698ddbe96c00d07d5428d49e,[*]CCN[*]C(=O)c1cccc(F)c1,370.15,train
698ddbe96c00d07d5428d49f,[*]CCN[*]C(=O)c1ccc(F)cc1,377.15,test
698ddbe96c00d07d5428d4a0,[*]CCN[*]C(=O)c1cc(F)cc(F)c1,379.15,train
698ddbe96c00d07d5428d4a1,[*]CCN[*]C(=O)c1c(F)cccc1F,394.65,train
698ddbe96c00d07d5428d4a2,[*]CCN[*]C(=O)c1ccc(F)c(F)c1,374.15,train
698ddbe96c00d07d5428d4a3,[*]CCN[*]C(=O)c1cccc(F)c1F,383.15,test
698ddbe96c00d07d5428d4a4,[*]CCN[*]C(=O)c1cc(F)ccc1F,385.15,train
698ddbe96c00d07d5428d4a5,[*]CCN[*]C(=O)c1ccc(F)cc1F,381.15,val
698ddbe96c00d07d5428d4a6,[*]CCN[*]C(=O)c1c(F)cc(F)cc1F,408.15,test
698ddbe96c00d07d5428d4a7,[*]CCN[*]C(=O)c1cc(F)c(F)cc1F,378.15,train
698ddbe96c00d07d5428d4a8,[*]CCN[*]C(=O)c1c(F)ccc(F)c1F,397.15,train
698ddbe96c00d07d5428d4a9,[*]CCN[*]C(=O)c1cc(F)cc(F)c1F,383.15,train
698ddbe96c00d07d5428d4aa,[*]CCN[*]C(=O)c1ccc(F)c(F)c1F,375.15,test
698ddbe96c00d07d5428d4ab,[*]CCN[*]C(=O)c1cc(F)c(F)c(F)c1,338.15,train
698ddbe96c00d07d5428d4ac,[*]CCN[*]C(=O)c1cc(F)c(F)c(F)c1F,370.15,train
698ddbe96c00d07d5428d4ad,[*]CCN[*]C(=O)c1c(F)cc(F)c(F)c1F,395.15,test
698ddbe96c00d07d5428d4ae,[*]CCN[*]C(=O)c1c(F)c(F)cc(F)c1F,395.15,train
698ddbe96c00d07d5428d4af,[*]CCN[*]C(=O)c1c(F)c(F)c(F)c(F)c1F,409.15,test
698ddbe96c00d07d5428d4b0,[*]Nc1ccc(-c2ccc(Nc3ccc4c(c3)c3cc[*]ccc3n4CC(CC)CCCC)cc2)cc1,504.15,train
698ddbe96c00d07d5428d4b1,[*]Nc1ccc(C(=O)c2ccc(C(=O)c3ccc(Nc4ccc5c(c4)c4cc[*]ccc4n5CC(CC)CCCC)cc3)cc2)cc1,486.15,train
698ddbe96c00d07d5428d4b2,[*]/N=N/c1ccc(Nc2ccc(C(=O)c3ccc(C(=O)c4ccc(Nc5ccc[*]cc5)cc4)cc3)cc2)cc1,476.15,train
698ddbe96c00d07d5428d4b3,[*]Nc1ccc(C(C)(C)c2cccc(C(C)(C)c3ccc(Nc4ccc(C(=O)c5ccc(C(=O)c6ccc[*]cc6)cc5)cc4)cc3)c2)cc1,450.15,train
698ddbe96c00d07d5428d4b4,[*]Nc1ccc(Nc2ccc(C(=O)c3ccc(C(=O)c4ccc[*]cc4)cc3)cc2)cc1,476.65,train
698ddbe96c00d07d5428d4b5,[*]Nc1ccc(C(C)(C)c2ccc(C(C)(C)c3ccc(Nc4ccc(C(O)(c5ccccc5)c5ccc(C(O)(c6ccccc6)c6ccc[*]cc6)cc5)cc4)cc3)cc2)cc1,450.15,train
698ddbe96c00d07d5428d4b6,[*]Nc1ccc(C(C)(C)c2ccc(C(C)(C)c3ccc(Nc4ccc(C(=O)c5ccc(C(=O)c6ccc[*]cc6)cc5)cc4)cc3)cc2)cc1,430.15,train
698ddbe96c00d07d5428d4b7,[*]Nc1ccc(Nc2ccc(C(O)(c3ccccc3)c3ccc(C(O)(c4ccccc4)c4ccc[*]cc4)cc3)cc2)cc1,473.15,val
698ddbe96c00d07d5428d4b8,[*]CCCCCCN(C)c1ccc(C(=O)c2ccc(N[*]C)cc2)cc1,348.65,train
698ddbe96c00d07d5428d4b9,[*]CCCN(C)c1ccc(C(=O)c2ccc(N[*]C)cc2)cc1,374.15,train
698ddbe96c00d07d5428d4ba,[*]CCCCCCCCN(C)c1ccc(C(=O)c2ccc(N[*]C)cc2)cc1,323.15,train
698ddbe96c00d07d5428d4bb,[*]c1ccc(-c2ccc3c(c2)C(CCCCCCCC)(CCCCCCCC)c2cc(-c4ccc(N[*]c5ccc(N(c6ccc(C(C)(C)c7ccccc7)cc6)c6ccc(C(C)(C)c7ccccc7)cc6)cc5)cc4)ccc2-3)cc1,410.15,train
698ddbe96c00d07d5428d4bc,[*]/C=C/c1ccc2c3ccc[*]cc3n(-c3ccc(OCCCCCCCCCC)c(OCCCCCCCCCC)c3)c2c1,368.15,train
698ddbe96c00d07d5428d4bd,[*]CC(CC)N[*]C(=O)CCCC,325.15,train
698ddbe96c00d07d5428d4be,[*]CCN[*]CC,241.14999999999998,train
698ddbe96c00d07d5428d4bf,[*]CCN[*]Cc1ccccc1,257.15,train
698ddbe96c00d07d5428d4c0,[*]CCCN[*]C,235.64999999999998,train
698ddbe96c00d07d5428d4c1,[*]CCN[*]CCOCCOC,289.15,train
698ddbe96c00d07d5428d4c2,[*]c1ccc(-c2ccc(N[*]c3ccc(C(F)(F)F)cc3)cc2)cc1,498.15,train
698ddbe96c00d07d5428d4c3,[*]c1ccc(-c2ccc(N[*]c3cc(C(F)(F)F)cc(C(F)(F)F)c3)cc2)cc1,482.15,train
698ddbe96c00d07d5428d4c4,[*]c1ccc([Si](c2ccccc2)(c2ccccc2)c2ccc(-c3ccc4c(c3)c3cc[*]ccc3n4CCCCCC#N)cc2)cc1,438.15,train
698ddbe96c00d07d5428d4c5,[*]CC(O)CN[*]c1ccc(/N=N/c2ccc(Cl)cc2)cc1,433.15,val
698ddbe96c00d07d5428d4c6,[*]CC(O)CN[*]c1ccc(/N=N/c2ccc([N+](=O)[O-])cc2C)cc1,429.15,test
698ddbe96c00d07d5428d4c7,[*]CC(O)CN[*]c1cc(C)c(/N=N/c2ccc(Cl)cc2)c(C)c1,423.15,train
698ddbe96c00d07d5428d4c8,[*]CC(O)CN[*]c1cc(C)c(/N=N/c2ccc(C#N)cc2)c(C)c1,423.15,test
698ddbe96c00d07d5428d4c9,[*]CC(O)CN[*]c1cc(C)c(/N=N/c2ccc([N+](=O)[O-])cc2)c(C)c1,425.15,train
698ddbe96c00d07d5428d4ca,[*]CC(O)CN[*]c1cc(C)c(/N=N/c2ccc([N+](=O)[O-])cc2C)c(C)c1,422.15,test
698ddbe96c00d07d5428d4cb,[*]CC(O)CN[*]c1cc(C)cc(C)c1,353.15,train
698ddbe96c00d07d5428d4cc,[*]c1ccc(Nc2ccc(Nc3ccc(S[*](=O)=O)cc3)cc2)cc1,418.15,train
698ddbe96c00d07d5428d4cd,[*]c1ccc(Nc2cccc(Nc3ccc(S[*](=O)=O)cc3)c2)cc1,418.15,test
698ddbe96c00d07d5428d4ce,[*]c1ccc(Nc2ccc(C(c3ccc(Nc4ccc(S[*](=O)=O)cc4)cc3)(C(F)(F)F)C(F)(F)F)cc2)cc1,418.15,train
698ddbe96c00d07d5428d4cf,[*]c1ccc(Nc2c(F)c(F)c(-c3c(F)c(F)c(Nc4ccc(S[*](=O)=O)cc4)c(F)c3F)c(F)c2F)cc1,605.15,train
698ddbe96c00d07d5428d4d0,[*]c1ccc(Nc2ccc(C3(c4ccc(Nc5ccc(S[*](=O)=O)cc5)cc4)c4ccccc4-c4ccccc43)cc2)cc1,494.15,train
698ddbe96c00d07d5428d4d1,[*]c1ccc(Nc2ccc(C3(c4ccc(Nc5ccc(S[*](=O)=O)cc5)c(F)c4)c4ccccc4-c4ccccc43)cc2F)cc1,418.15,test
698ddbe96c00d07d5428d4d2,[*]c1ccc(Nc2ccc(C3(c4ccc(Nc5ccc(S[*](=O)=O)cc5)c(C)c4)c4ccccc4-c4ccccc43)cc2C)cc1,542.15,train
698ddbe96c00d07d5428d4d3,[*]CCN[*]C(=O)C1CC1,350.15,train
698ddbe96c00d07d5428d4d4,[*]O[Si](C)(CCC(F)(F)F)O[Si](C)(CCC(F)(F)F)O[Si](C)(CCC(F)(F)F)CCC(F)(F)C(F)(F)C(F)(F)C(F)(F)C(F)(F)C(F)(F)CC[Si][*](C)CCC(F)(F)F,230.14999999999998,train
698ddbe96c00d07d5428d4d5,[*]O[Si][*](C)CCCC(=O)O,244.14999999999998,val
698ddbe96c00d07d5428d4d6,[*]O[Si][*](C)CCCC(=O)OC,201.14999999999998,test
698ddbe96c00d07d5428d4d7,[*]O[Si][*](C)CCCC(=O)OCC,191.14999999999998,train
698ddbe96c00d07d5428d4d8,[*]O[Si][*](C)CCCC(=O)OCCCC,182.14999999999998,train
698ddbe96c00d07d5428d4d9,[*]O[Si][*](C)CCCC(=O)OCCO,215.14999999999998,test
698ddbe96c00d07d5428d4da,[*]O[Si][*](C)CCCOc1ccc(C(=O)Oc2ccc(C#N)cc2)cc1,330.15,train
698ddbe96c00d07d5428d4db,[*]O[Si][*](C)CCCCOc1ccc(C(=O)Oc2ccc(C#N)cc2)cc1,289.15,train
698ddbe96c00d07d5428d4dc,[*]O[Si][*](C)CCCCCCOc1ccc(-c2ccc(C#N)cc2)cc1,283.15,train
698ddbe96c00d07d5428d4dd,[*]/C=C/[Si][*](c1ccccc1)c1ccccc1,264.15,train
698ddbe96c00d07d5428d4de,[*]/C=C/[Ge](/C=C/[Si][*](c1ccccc1)c1ccccc1)(c1ccccc1)c1ccccc1,301.15,train
698ddbe96c00d07d5428d4df,[*]O[Si][*](C)CCCCCCOc1ccc(C(=O)Oc2ccc(C#N)cc2)cc1,281.15,train
698ddbe96c00d07d5428d4e0,[*]O[Si](C)(C)CC[Si][*](C)C,185.14999999999998,train
698ddbe96c00d07d5428d4e1,[*]O[Si](C)(C)CCCCCC[Si][*](C)C,183.14999999999998,train
698ddbe96c00d07d5428d4e2,[*]O[Si](C)(C)CCCCCCCC[Si][*](C)C,185.14999999999998,test
698ddbe96c00d07d5428d4e3,[*]O[Si](C)(C)c1cccc([Si][*](C)C)c1,225.14999999999998,test
698ddbe96c00d07d5428d4e4,[*]O[Si][*](C)OCCOCCOCCOCCOCCOCCOCCOCCOC,195.14999999999998,test
698ddbe96c00d07d5428d4e5,[*]O[Si][*](C)C=C,144.14999999999998,train
698ddbe96c00d07d5428d4e6,[*]O[Si][*](C)C=C,144.14999999999998,val
698ddbe96c00d07d5428d4e7,[*]O[Si](C)(C)CC[Si](C)(C)Oc1c(C)cc(-c2cc(C)c[*]c(C)c2)cc1C,328.15,train
698ddbe96c00d07d5428d4e8,[*]O[Si](C)(C)c1ccc([Si](C)(C)Oc2c(C)cc(-c3cc(C)c[*]c(C)c3)cc2C)cc1,340.15,val
698ddbe96c00d07d5428d4e9,[*]C[Si][*](C)c1ccccc1,301.15,train
698ddbe96c00d07d5428d4ea,[*][Si][*](CCCC)CCCC,232.64999999999998,test
698ddbe96c00d07d5428d4eb,[*][Si][*](CCCC)CCCCC,247.14999999999998,train
698ddbe96c00d07d5428d4ec,[*]O[Si](C)(C)[Si][*](C)C,154.14999999999998,train
698ddbe96c00d07d5428d4ed,[*]O[Si][*](C)CCC(F)(F)C(F)(F)C(F)(F)C(F)(F)F,198.14999999999998,test
698ddbe96c00d07d5428d4ee,[*]O[Si][*](C)C1CC2CC1CC2OC(=O)OC(C)(C)C,333.15,test
698ddbe96c00d07d5428d4ef,[*]C[Si](C)(C)[Si](C)(C)[Si](C)(C)[Si][*](C)C,205.14999999999998,train
698ddbe96c00d07d5428d4f0,[*]C#Cc1cccc(C#C[SiH][*]C)c1,345.15,train
698ddbe96c00d07d5428d4f1,[*]C#Cc1cccc(C#C[SiH2][*])c1,345.15,test
698ddbe96c00d07d5428d4f2,[*]C#Cc1cccc(C#C[SiH][*]c2ccccc2)c1,358.15,train
698ddbe96c00d07d5428d4f3,[*]C#Cc1ccccc1C#C[SiH][*]c1ccccc1,344.15,train
698ddbe96c00d07d5428d4f4,[*][Si][*](CCCC)CCCCCC,233.14999999999998,train
698ddbe96c00d07d5428d4f5,[*]O[Si](C)(C)c1ccc([Si](C)(C)O[SiH][*]C)cc1,208.14999999999998,train
698ddbe96c00d07d5428d4f6,[*]O[Si](C)(C=C)O[Si](C)(C)c1ccc([Si][*](C)C)cc1,210.14999999999998,train
698ddbe96c00d07d5428d4f7,[*]O[Si](C)(C)c1ccc([Si](C)(C)O[SiH][*]CCC(F)(F)F)cc1,236.14999999999998,train
698ddbe96c00d07d5428d4f8,[*]O[Si](C)(CCC(F)(F)C(F)(F)C(F)(F)C(F)(F)C(F)(F)C(F)(F)F)O[Si](C)(C)c1ccc([Si][*](C)C)cc1,218.14999999999998,train
698ddbe96c00d07d5428d4f9,[*][Si][*](C)c1ccccc1,361.15,train
698ddbe96c00d07d5428d4fa,[*]O[Si][*](C)OCCCCCCCCCCCOc1ccc(C2COC(c3ccc(OC)cc3)OC2)cc1,317.15,train
698ddbe96c00d07d5428d4fb,[*]O[Si][*](C)OCCCCCCCCCCCOc1ccc(C2COC(c3ccc(OCC(C)CC)cc3)OC2)cc1,303.15,val
698ddbe96c00d07d5428d4fc,[*]Cc1ccccc1[Si][*](C)C,321.15,val
698ddbe96c00d07d5428d4fd,[*]Cc1ccccc1[Si][*](C)c1ccccc1,366.95,train
698ddbe96c00d07d5428d4fe,[*]Cc1ccccc1[Si][*](c1ccccc1)c1ccccc1,395.15,val
698ddbe96c00d07d5428d4ff,[*]Cc1ccccc1C[Si][*](C)C,348.15,train
698ddbe96c00d07d5428d500,[*]C/C=C/C[Si][*](c1ccccc1)c1ccccc1,308.04999999999995,test
698ddbe96c00d07d5428d501,[*]C/C=C/C[Si][*](C=C)C=C,208.14999999999998,train
698ddbe96c00d07d5428d502,[*]O[Si][*](C)CCCCCCOc1ccc(C(=O)Oc2ccc(C#N)cc2C)cc1,318.15,val
698ddbe96c00d07d5428d503,[*][Si][*](CCCCCC)c1ccccc1,203.14999999999998,test
698ddbe96c00d07d5428d504,[*]O[Si][*](C)CCCOc1ccc(-c2ccc(C#N)cc2)cc1,311.15,train
698ddbe96c00d07d5428d505,[*]O[Si](C)(C)O[Si][*](C)CCCCOc1ccc(-c2ccc(C#N)cc2)cc1,267.65,train
698ddbe96c00d07d5428d506,[*]O[Si][*](C)c1ccc(C)cc1,256.15,train
698ddbe96c00d07d5428d507,[*]O[Si][*](C)CCCCCCCCCCC(=O)Oc1ccc(C(=O)Oc2ccc(-c3ccc(OCC(C)CC)cc3)cc2)cc1,299.84999999999997,train
698ddbe96c00d07d5428d508,[*][Si][*](C)CCC(F)(F)F,270.15,train
698ddbe96c00d07d5428d509,[*]O[Si][*](C)CCCCCCOc1ccc(C(=O)Oc2ccc(C(=O)OCC(C)CC)cc2)cc1,264.15,train
698ddbe96c00d07d5428d50a,[*]O[Si](C)(C)O[Si][*](C)CCCCCCCCOc1ccc(C(=O)Oc2ccc(C#N)cc2C)cc1,258.15,test
698ddbe96c00d07d5428d50b,[*]O[Si][*](C)CCCCCn1c2ccccc2c2ccccc21,280.15,test
698ddbe96c00d07d5428d50c,[*]O[Si][*](C)CCCCCCn1c2ccccc2c2ccccc21,268.15,test
698ddbe96c00d07d5428d50d,[*]O[Si][*](C)CCCCCCCCCCCn1c2ccccc2c2ccccc21,228.14999999999998,train
698ddbe96c00d07d5428d50e,[*]O[Si][*](C([2H])([2H])[2H])C([2H])([2H])[2H],148.14999999999998,train
698ddbe96c00d07d5428d50f,[*]O[Si][*](C)CCCCCCCCCCC(=O)OCCC(F)(F)C(F)(F)C(F)(F)C(F)(F)C(F)(F)C(F)(F)F,204.14999999999998,train
698ddbe96c00d07d5428d510,[*]O[Si][*](C)CCCCCCCCCCC(=O)OCCC(F)(F)C(F)(F)C(F)(F)C(F)(F)C(F)(F)C(F)(F)C(F)(F)C(F)(F)F,195.14999999999998,test
698ddbe96c00d07d5428d511,[*]O[Si][*](C)CCCCC(=O)OCCCCCCCCCCC(F)(F)C(F)(F)C(F)(F)C(F)(F)C(F)(F)C(F)(F)C(F)(F)C(F)(F)F,195.14999999999998,train
698ddbe96c00d07d5428d512,[*]O[Si][*](C)CCCCCCCCCCC(F)(F)C(F)(F)C(F)(F)C(F)(F)C(F)(F)C(F)(F)C(F)(F)C(F)(F)F,195.14999999999998,train
698ddbe96c00d07d5428d513,[*]O[Si][*](C)CCCCC1COC(=O)O1,249.7,train
698ddbe96c00d07d5428d514,[*]O[Si][*](C)CCCOCC1COC(=O)O1,247.24999999999997,train
698ddbe96c00d07d5428d515,[*]CC/C=C/C[Si][*](C)c1ccccc1,258.25,train
698ddbe96c00d07d5428d516,[*]CCCCC[Si][*](C)c1ccccc1,262.75,train
698ddbe96c00d07d5428d517,[*]O[Si](C)(C)C#C[Si](C)(C)C#C[Si](C)(C)C#C[Si](C)(C)C#C[Si](C)(C)C#C[Si](C)(C)C#C[Si][*](C)C,260.54999999999995,train
698ddbe96c00d07d5428d518,[*]O[Si](C)(C)C#C[Si](C)(C)C#C[Si](C)(C)C#C[Si](C)(C)C#C[Si](C)(C)C#C[Si][*](C)C,257.04999999999995,test
698ddbe96c00d07d5428d519,[*]O[Si](C)(C)C#C[Si](C)(C)C#C[Si](C)(C)C#C[Si](C)(C)C#C[Si][*](C)C,250.14999999999998,train
698ddbe96c00d07d5428d51a,[*]O[Si][*](C)CCCC,158.14999999999998,test
698ddbe96c00d07d5428d51b,[*]O[Si][*](C)CCCCC,161.14999999999998,train
698ddbe96c00d07d5428d51c,[*][Si][*](C)c1ccc(COCCN(CC)c2ccc(/N=N/c3ccc([N+](=O)[O-])cc3)cc2)cc1,425.15,train
698ddbe96c00d07d5428d51d,[*]O[Si][*](C)CCCOc1ccc(C(=O)Oc2ccc(-c3ccc(OC(=O)c4cc(OCC(C)CC)c(OCC(C)CC)c(OCC(C)CC)c4)cc3)cc2)cc1,333.15,train
698ddbe96c00d07d5428d51e,[*]O[Si][*](C)CCCOc1ccc(C(=O)Oc2ccc(-c3ccc(OC(=O)c4cc(OCCCCC)c(OCCCCC)c(OCCCCC)c4)cc3)cc2)cc1,322.15,train
698ddbe96c00d07d5428d51f,[*]O[Si][*](C)CCCOc1ccc(C(=O)Oc2ccc(-c3ccc(OC(=O)c4cc(OCCCCCCCCCCCC)c(OCCCCCCCCCCCC)c(OCCCCCCCCCCCC)c4)cc3)cc2)cc1,321.15,train
698ddbe96c00d07d5428d520,[*]O[Si](C=C)(C=C)O[Si](C)(C)c1ccc([Si][*](C)C)cc1,202.14999999999998,val
698ddbe96c00d07d5428d521,[*]O[Si](C)(C=C)O[Si](C)(C=C)O[Si](C)(C)c1ccc([Si][*](C)C)cc1,187.14999999999998,test
698ddbe96c00d07d5428d522,[*]O[Si][*](C)CCCOc1ccc(C(=O)Oc2ccc(OC)cc2)cc1,310.15,train
698ddbe96c00d07d5428d523,[*]O[Si][*](C)CCCOc1ccc(/N=N/c2ccc(S(=O)(=O)O)cc2)cc1,282.34999999999997,test
698ddbe96c00d07d5428d524,[*]CCC[Si][*](C)O[Si](C)(C)CCCOc1ccc(C#N)cc1,227.64999999999998,train
698ddbe96c00d07d5428d525,[*]CCC[Si][*](C)O[Si](C)(C)CCCOc1ccc(-c2ccc(C#N)cc2)cc1,268.54999999999995,train
698ddbe96c00d07d5428d526,[*]CCC[Si][*](C)O[Si](C)(C)CCCOc1ccc(C(=O)Oc2ccc(C#N)cc2)cc1,254.04999999999998,train
698ddbe96c00d07d5428d527,[*]CCC[Si][*](C)O[Si](C)(C)CCCOc1ccc(C(=O)Oc2ccc(-c3ccc(C#N)cc3)cc2)cc1,283.25,train
698ddbe96c00d07d5428d528,[*]O[Si](C)(C)O[Si](C)(C)O[SiH][*]O[Si](C)(C)C=C,205.14999999999998,test
698ddbe96c00d07d5428d529,[*]O[Si][*](C)CCCCCCOc1ccc(C(=O)Oc2ccc(OC)cc2)cc1,271.15,train
698ddbe96c00d07d5428d52a,[*]O[Si][*](C)CCCOc1ccc(C(=O)Oc2ccc(OCCCCCC)cc2)cc1,288.15,test
698ddbe96c00d07d5428d52b,[*]O[Si][*](C)CCCCCCOc1ccc(C(=O)Oc2ccc(OCCCCCC)cc2)cc1,285.15,train
698ddbe96c00d07d5428d52c,[*]O[Si][*](C)CCCOc1ccc(C(=O)Oc2ccc(C(=O)Oc3ccc(OC)cc3)cc2)cc1,311.15,test
698ddbe96c00d07d5428d52d,[*]O[Si][*](C)CCCOCCOCCOc1ccc(COc2ccc3cc(C#N)ccc3c2)cc1,303.15,train
698ddbe96c00d07d5428d52e,[*]O[Si][*](C)CCCCCCCCCCCOc1ccc(/C=C/c2ccc(OCCCC)cc2)cc1,240.14999999999998,train
698ddbe96c00d07d5428d52f,[*]O[Si][*](C)CCCCCCCCCCCOc1ccc(/C=C/c2ccc(OC)cc2)cc1,328.15,train
698ddbe96c00d07d5428d530,[*]O[Si][*](C)CCCCCCCCCCCOc1ccc(/C=C/c2ccc(C#N)cc2)cc1,218.14999999999998,test
698ddbe96c00d07d5428d531,[*]O[Si][*](C)CCCCCOc1ccc(/C=C/c2ccc(OC)cc2)cc1,325.15,train
698ddbe96c00d07d5428d532,[*]CC(C[Si][*](C)C)c1ccccc1,268.15,train
698ddbe96c00d07d5428d533,[*]CCC(c1ccccc1)[Si][*](C)C,300.15,train
698ddbe96c00d07d5428d534,[*]O[Si][*](C)CCCCCCOc1ccc(C(=O)Oc2ccc(C(=O)Oc3ccc(C=C(C(=O)OCCCCCCCCC)C(=O)OCCCCCCCCC)cc3)cc2)cc1,269.15,val
698ddbe96c00d07d5428d535,[*]O[Si][*](C)CCCCCCOc1ccc(C(=O)Oc2ccc(C(=O)Oc3ccc(C=C(C(=O)OCCCCCCCCC)C(=O)OCCCCCCCCC)cc3)cc2)cc1,269.15,train
698ddbe96c00d07d5428d536,[*]O[Si][*](C)CCc1ccc(O)cc1,312.15,test
698ddbe96c00d07d5428d537,[*]O[Si][*](C)C1CC2CC1C1C3CC(CC3C(=O)OC(C)(C)C)C21,363.15,train
698ddbe96c00d07d5428d538,[*]O[Si][*](c1ccccc1)c1ccc(OC(C)(C)C)cc1,329.15,test
698ddbe96c00d07d5428d539,[*]O[Si][*](CCCOCCOC)CCCOCCOC,218.14999999999998,val
698ddbe96c00d07d5428d53a,[*]O[Si][*](CCCOCCOCCOC)CCCOCCOCCOC,209.74999999999997,test
698ddbe96c00d07d5428d53b,[*]O[Si][*](CCCOCCOCCOCCOC)CCCOCCOCCOCCOC,203.95,val
698ddbe96c00d07d5428d53c,[*]O[Si][*](CCCOCCOCCOCCOCCOC)CCCOCCOCCOCCOCCOC,203.34999999999997,train
698ddbe96c00d07d5428d53d,[*]O[Si][*](CCCOCCOCCOCCOCCOCCOC)CCCOCCOCCOCCOCCOCCOC,203.45,train
698ddbe96c00d07d5428d53e,[*]O[Si][*](CCCOCCOCCOCCOCCOCCOCCOC)CCCOCCOCCOCCOCCOCCOCCOC,204.24999999999997,train
698ddbe96c00d07d5428d53f,[*]O[Si][*](CCCOCCOCCOCCOCCOCCOCCOCCOC)CCCOCCOCCOCCOCCOCCOCCOCCOC,206.74999999999997,train
698ddbe96c00d07d5428d540,[*]CC(Cc1cccc2ccccc12)C[Si][*](C)C,290.15,train
698ddbe96c00d07d5428d541,[*]CC(Cc1ccc(-c2ccccc2)cc1)C[Si][*](C)C,301.15,train
698ddbe96c00d07d5428d542,[*]CC(C[Si][*](C)C)c1cccc2ccccc12,312.15,train
698ddbe96c00d07d5428d543,[*]O[Si][*](C)CCCOC(=O)c1cc(OC(=O)c2ccc(OCCOCCOCCOCCOC)cc2)ccc1OC(=O)c1ccc(OCCOCCOCCOCCOC)cc1,236.14999999999998,test
698ddbe96c00d07d5428d544,[*]O[Si][*](C)CCCOC(=O)c1cc(OC(=O)c2ccc(OCCOCCOCCOCCOCCOCCOC)cc2)ccc1OC(=O)c1ccc(OCCOCCOCCOCCOCCOCCOC)cc1,227.14999999999998,train
698ddbe96c00d07d5428d545,[*]O[Si][*](C)CCCCCCOC(=O)c1cc(OC(=O)c2ccc(OCCOCCOCCOCCOCCOCCOC)cc2)ccc1OC(=O)c1ccc(OCCOCCOCCOCCOCCOCCOC)cc1,223.14999999999998,train
698ddbe96c00d07d5428d546,[*]O[Si][*](C)CCCCCCCCCCCOC(=O)c1cc(OC(=O)c2ccc(OCCOCCOCCOCCOCCOCCOCCOCCOC)cc2)ccc1OC(=O)c1ccc(OCCOCCOCCOCCOCCOCCOCCOCCOC)cc1,217.14999999999998,train
698ddbe96c00d07d5428d547,[*]O[Si](C)(C)CC[Si][*](C)O[Si](C)(C)C,184.14999999999998,test
698ddbe96c00d07d5428d548,[*]O[Si][*](CCC)c1ccccc1,313.75,train
698ddbe96c00d07d5428d549,[*]O[Si][*](C)CCCOc1ccc(C(=O)OC2CCC3(C)C(=CCC4C3CCC3(C)C(C(C)CCCC(C)C)CCC43)C2)cc1,346.2,test
698ddbe96c00d07d5428d54a,[*]O[Si][*](C)CCCOc1ccc(C(=O)OC2CCC3(C)C(=CCC4C3CCC3(C)C(C(C)CCCC(C)C)CCC43)C2)cc1,346.2,train
698ddbe96c00d07d5428d54b,[*]O[Si][*](C)CCCOc1ccc(C(=O)OC2CCC3(C)C(=CCC4C3CCC3(C)C(C(C)CCCC(C)C)CCC43)C2)cc1S(=O)(=O)O[K],385.75,train
698ddbe96c00d07d5428d54c,[*]O[Si][*](C)CCCOCCOCCOCCOC,208.945,val
698ddbe96c00d07d5428d54d,[*]/C=C/c1ccc(/C=C/[Si](C)(C)c2ccc([Si][*](C)C)cc2)cc1,363.34999999999997,train
698ddbe96c00d07d5428d54e,[*]/C=C/c1ccc(/C=C/[Si](C)(C)c2ccc([Si][*](C)C)cc2)cc1,363.34999999999997,train
698ddbe96c00d07d5428d54f,[*]/C=C/c1ccc(/C=C/[Si](C)(C)c2cccc([Si][*](C)C)c2)cc1,312.34999999999997,test
698ddbe96c00d07d5428d550,[*]/C=C/c1ccc(/C=C/[Si](C)(C)c2cccc([Si][*](C)C)c2)cc1,312.34999999999997,train
698ddbe96c00d07d5428d551,[*]/C=C/c1cccc(/C=C/[Si](C)(C)c2ccc([Si][*](C)C)cc2)c1,314.84999999999997,val
698ddbe96c00d07d5428d552,[*]/C=C/c1cccc(/C=C/[Si](C)(C)c2ccc([Si][*](C)C)cc2)c1,314.84999999999997,train
698ddbe96c00d07d5428d553,[*]/C=C/c1cccc(/C=C/[Si](C)(C)c2cccc([Si][*](C)C)c2)c1,301.84999999999997,test
698ddbe96c00d07d5428d554,[*]/C=C/c1ccc(/C=C/[Si](C)(C)c2ccc([Si][*](C)C)cc2)cc1,336.15,train
698ddbe96c00d07d5428d555,[*]/C=C/c1ccc(/C=C/[Si](C)(C)c2ccc([Si][*](C)C)cc2)cc1,336.15,test
698ddbe96c00d07d5428d556,[*]/C=C/c1ccc(/C=C/[Si](C)(C)c2cccc([Si][*](C)C)c2)cc1,306.15,train
698ddbe96c00d07d5428d557,[*]/C=C/c1ccc(/C=C/[Si](C)(C)c2cccc([Si][*](C)C)c2)cc1,306.15,val
698ddbe96c00d07d5428d558,[*]/C=C/c1cccc(/C=C/[Si](C)(C)c2ccc([Si][*](C)C)cc2)c1,311.25,test
698ddbe96c00d07d5428d559,[*]/C=C/c1cccc(/C=C/[Si](C)(C)c2ccc([Si][*](C)C)cc2)c1,311.25,train
698ddbe96c00d07d5428d55a,[*]/C=C/c1ccc(/C=C/[Si](C)(CCC(F)(F)F)c2ccc([Si][*](C)CCC(F)(F)F)cc2)cc1,325.95,test
698ddbe96c00d07d5428d55b,[*]/C=C/c1ccc(/C=C/[Si](C)(CCC(F)(F)F)c2ccc([Si][*](C)CCC(F)(F)F)cc2)cc1,325.95,train
698ddbe96c00d07d5428d55c,[*]/C=C/c1ccc(/C=C/[Si](C)(CCC(F)(F)F)c2cccc([Si][*](C)CCC(F)(F)F)c2)cc1,296.54999999999995,test
698ddbe96c00d07d5428d55d,[*]/C=C/c1ccc(/C=C/[Si](C)(CCC(F)(F)F)c2cccc([Si][*](C)CCC(F)(F)F)c2)cc1,296.54999999999995,train
698ddbe96c00d07d5428d55e,[*]/C=C/c1cccc(/C=C/[Si](C)(CCC(F)(F)F)c2ccc([Si][*](C)CCC(F)(F)F)cc2)c1,312.34999999999997,train
698ddbe96c00d07d5428d55f,[*]/C=C/c1cccc(/C=C/[Si](C)(CCC(F)(F)F)c2ccc([Si][*](C)CCC(F)(F)F)cc2)c1,312.34999999999997,test
698ddbe96c00d07d5428d560,[*]/C=C/c1ccc(/C=C/[Si](C)(CCC(F)(F)F)c2ccc([Si][*](C)CCC(F)(F)F)cc2)cc1,328.84999999999997,train
698ddbe96c00d07d5428d561,[*]/C=C/c1ccc(/C=C/[Si](C)(CCC(F)(F)F)c2ccc([Si][*](C)CCC(F)(F)F)cc2)cc1,328.84999999999997,train
698ddbe96c00d07d5428d562,[*]/C=C/c1ccc(/C=C/[Si](C)(CCC(F)(F)F)c2cccc([Si][*](C)CCC(F)(F)F)c2)cc1,296.54999999999995,train
698ddbe96c00d07d5428d563,[*]/C=C/c1ccc(/C=C/[Si](C)(CCC(F)(F)F)c2cccc([Si][*](C)CCC(F)(F)F)c2)cc1,296.54999999999995,train
698ddbe96c00d07d5428d564,[*]/C=C/c1cccc(/C=C/[Si](C)(CCC(F)(F)F)c2ccc([Si][*](C)CCC(F)(F)F)cc2)c1,307.65,test
698ddbe96c00d07d5428d565,[*]/C=C/c1cccc(/C=C/[Si](C)(CCC(F)(F)F)c2ccc([Si][*](C)CCC(F)(F)F)cc2)c1,307.65,train
698ddbe96c00d07d5428d566,[*]/C=C/c1cccc(/C=C/[Si](C)(CCC(F)(F)F)c2cccc([Si][*](C)CCC(F)(F)F)c2)c1,282.65,test
698ddbe96c00d07d5428d567,[*]O[Si][*](C)OCCOCCOCCOC,153.04999999999998,train
698ddbe96c00d07d5428d568,[*]CCC[Si][*](C[Si](C)(C)c1ccccc1)C[Si](C)(C)c1ccccc1,237.14999999999998,train
698ddbe96c00d07d5428d569,[*]CCC[Si][*](C)C[Si](C)(C)C,222.14999999999998,train
698ddbe96c00d07d5428d56a,[*]CCC[Si][*](C)CCC[Si](C)(C)C,227.14999999999998,val
698ddbe96c00d07d5428d56b,[*]CCC[Si][*](C)c1cccc(C)c1,248.14999999999998,test
698ddbe96c00d07d5428d56c,[*]CCC[Si][*](c1cccc2ccccc12)C1CCCCC1,320.65,train
698ddbe96c00d07d5428d56d,[*]O[Si][*](C)CCCCCCCCCCC(=O)Oc1ccc(-c2ccc(OC(=O)c3ccc(OCC)cc3)cc2)cc1,376.54999999999995,test
698ddbe96c00d07d5428d56e,[*]O[Si][*](C)CCCOc1ccc(C(=O)Oc2ccc(-c3ccc(OC(=O)c4cc(OCC)c(OCC)c(OCC)c4)cc3)cc2)cc1,334.45,train
698ddbe96c00d07d5428d56f,[*]O[Si][*](C)CCCOc1ccc(C(=O)Oc2ccc(-c3ccc(OC(=O)c4cc(OCC)cc(OCC)c4)cc3)cc2)cc1,335.95,train
698ddbe96c00d07d5428d570,[*]O[Si][*](C)CCCOc1ccc(C(=O)Oc2ccc(-c3ccc(OC(=O)c4ccc(OCC)cc4)cc3)cc2)cc1,347.75,train
698ddbe96c00d07d5428d571,[*]O[Si](c1ccccc1)(c1ccccc1)c1ccc([Si][*](c2ccccc2)c2ccccc2)cc1,403.15,train
698ddbe96c00d07d5428d572,[*]O[Si](c1ccccc1)(c1ccccc1)c1ccc(-c2ccc([Si][*](c3ccccc3)c3ccccc3)cc2)cc1,367.15,train
698ddbe96c00d07d5428d573,[*]O[Si](C)(C)c1ccc(-c2ccc([Si][*](C)C)cc2)cc1,340.15,train
698ddbe96c00d07d5428d574,[*]O[Si][*](C)CCCCCCCCCCCOc1ccc(-c2ccc(C(=O)Oc3ccc(C(=O)OC(C)C(=O)OC(C)C(=O)OCC(C)CC)cc3)cc2)cc1,293.15,test
698ddbe96c00d07d5428d575,[*]O[Si][*](C)CCCCCCCCCCCOc1ccc(-c2ccc(C(=O)Oc3ccc(C(=O)OC(C)C(=O)OC(C)C(=O)OC(C)C(=O)OCC(C)CC)cc3)cc2)cc1,288.15,train
698ddbe96c00d07d5428d576,[*]O[Si][*](C)CCCCCCCCCCC(=O)Oc1ccc(C(=O)OCCOc2ccc(C(=O)OC3CCC4(C)C(=CCC5C4CCC4(C)C(C(C)CCCC(C)C)CCC54)C3)cc2)cc1,298.15,val
698ddbe96c00d07d5428d577,[*]O[Si][*](C)CCCCCCCCCCC(=O)Oc1ccc(OC(=O)c2ccc(OCC(C)CC)cc2)cc1,286.54999999999995,val
698ddbe96c00d07d5428d578,[*]O[Si][*](C)CCCCCCCCCCC(=O)Oc1ccc(-c2ccc(OC(=O)c3ccc(OCC(C)CC)cc3)cc2)cc1,302.34999999999997,train
698ddbe96c00d07d5428d579,[*]O[Si][*](C)CCCCCCCCCCC(=O)Oc1ccc(C(=O)Oc2ccc(OC(=O)c3ccc(OCC(C)CC)cc3)cc2)cc1,301.65,train
698ddbe96c00d07d5428d57a,[*]O[Si][*](C)CCCCCCCCCCC(=O)Oc1ccc(C(=O)Oc2ccc(-c3ccc(OC(=O)c4ccc(OCC(C)CC)cc4)cc3)cc2)cc1,347.45,val
698ddbe96c00d07d5428d57b,[*]O[Si][*](C)CCCCCCCCCCCOc1ccc(C(=O)OC/C=C(\C)CCC=C(C)C)cc1,298.15,train
698ddbe96c00d07d5428d57c,[*]O[Si](C)(C)c1ccc([Si][*](C)C)c2ccccc12,333.15,train
698ddbe96c00d07d5428d57d,[*]O[Si](C)(C)c1cccc2c([Si][*](C)C)cccc12,335.15,val
698ddbe96c00d07d5428d57e,[*]O[Si](C)(C)c1ccc2cc([Si][*](C)C)ccc2c1,302.15,test
698ddbe96c00d07d5428d57f,[*]O[Si](C)(C)c1ccc2ccc([Si][*](C)C)cc2c1,299.15,train
698ddbe96c00d07d5428d580,[*]O[Si][*](C)CCCCCCCCCCC(=O)Oc1ccc(-c2ccc(OC(=O)c3ccc(OCCCCCCC)cc3)cc2)cc1,334.25,test
698ddbe96c00d07d5428d581,[*]O[Si][*](C)CC[Si](OCCOC)(OCCOC)OCCOC,302.04999999999995,train
698ddbe96c00d07d5428d582,[*]O[Si][*](C)CCCCCCCCCCC(=O)Oc1ccc2cc(C(=O)OC3CCC4(C)C(=CCC5C4CCC4(C)C(C(C)CCCC(C)C)CCC54)C3)ccc2c1,300.15,train
698ddbe96c00d07d5428d583,[*]O[Si][*](C)CCCOc1ccc(C(=O)OCCOc2ccc(C(=O)OC3CCC4(C)C(=CCC5C4CCC4(C)C(C(C)CCCC(C)C)CCC54)C3)cc2)cc1,315.15,train
698ddbe96c00d07d5428d584,[*]O[Si][*](C)CCCOc1ccc2c(c1)c1cc(-c3ccc4c(c3)c3ccccc3n4CC(CC)CCCC)ccc1n2CC(CC)CCCC,402.15,train
698ddbe96c00d07d5428d585,[*]O[Si][*](C)CCCOc1ccc(N(c2ccc(C)cc2)c2ccc(-c3ccc(N(c4ccccc4)c4ccc(C)cc4)cc3)cc2)cc1,375.15,test
698ddbe96c00d07d5428d586,[*]O[Si][*](C)CCCOc1ccc(-c2ccc(OC(=O)CCCCC(=O)OC3CC(C)CCC3C(C)C)cc2)cc1,316.45,val
698ddbe96c00d07d5428d587,[*]O[Si][*](C)CCCOc1ccc(C(=O)Oc2ccc(OC(=O)CCCCC(=O)OC3CC(C)CCC3C(C)C)cc2)cc1,318.45,test
698ddbe96c00d07d5428d588,[*]O[Si][*](C)CCCOc1ccc(C(=O)Oc2ccc(-c3ccc(OC(=O)CCCCC(=O)OC4CC(C)CCC4C(C)C)cc3)cc2)cc1,329.95,test
698ddbe96c00d07d5428d589,[*]O[Si][*](C)CCCCCCCCCCC(=O)Oc1ccc(-c2ccc(OC(=O)CCCCC(=O)OC3CC(C)CCC3C(C)C)cc2)cc1,289.65,train
698ddbe96c00d07d5428d58a,[*]O[Si][*](C)CCCCCCCCCCC(=O)Oc1ccc(C(=O)Oc2ccc(OC(=O)CCCCC(=O)OC3CC(C)CCC3C(C)C)cc2)cc1,293.84999999999997,train
698ddbe96c00d07d5428d58b,[*]O[Si][*](C)CCCCCCCCCCC(=O)Oc1ccc(C(=O)Oc2ccc(-c3ccc(OC(=O)CCCCC(=O)OC4CC(C)CCC4C(C)C)cc3)cc2)cc1,305.54999999999995,test
698ddbe96c00d07d5428d58c,[*]O[Si](C)(C)c1cc(OCCOCc2ccccc2)c([Si][*](C)C)cc1OCCOCc1ccccc1,349.15,train
698ddbe96c00d07d5428d58d,[*]O[Si](C)(C)c1cc(OCCO)c([Si][*](C)C)cc1OCCO,346.15,train
698ddbe96c00d07d5428d58e,[*]O[Si](C)(C)c1ccc2cc3cc([Si][*](C)C)ccc3cc2c1,391.15,train
698ddbe96c00d07d5428d58f,[*]O[Si](C)(C)c1cccc2c1ccc1c([Si][*](C)C)cccc12,373.15,train
698ddbe96c00d07d5428d590,[*][Si][*](C)CCCOCC1COC(C)(C)O1,225.14999999999998,val
698ddbe96c00d07d5428d591,[*]O[Si][*](C)CCc1cc(C(=O)Oc2ccc(OC)cc2)ccc1C(=O)Oc1ccc(OC)cc1,384.15,train
698ddbe96c00d07d5428d592,[*]O[Si][*](C)CCc1cc(C(=O)Oc2ccc(OCCCC)cc2)ccc1C(=O)Oc1ccc(OCCCC)cc1,365.15,train
698ddbe96c00d07d5428d593,[*]O[Si][*](C)CCc1cc(-c2nnc(-c3ccc(OCCCCCCCCCCCC)cc3)o2)ccc1-c1nnc(-c2ccc(OCCCCCCCCCCCC)cc2)o1,429.15,train
698ddbe96c00d07d5428d594,[*]O[Si][*](C)CCc1cc(C(=O)Oc2ccc(OCCCC)cc2)ccc1-c1ccc(C(=O)Oc2ccc(OCCCC)cc2)cc1,369.15,train
698ddbe96c00d07d5428d595,[*]O[Si][*](C)CCc1cc(C(=O)Oc2ccc(OCCCCCCCCCCCC)cc2)ccc1-c1ccc(C(=O)Oc2ccc(OCCCCCCCCCCCC)cc2)cc1,349.15,test
698ddbe96c00d07d5428d596,[*]O[Si][*](C)CC[Si](C)(C)O[Si](C)(C)CCCOc1cc(OC(=O)c2ccc(OCCCC)cc2)ccc1/N=N/c1ccc(OCCCC)cc1,269.15,train
698ddbe96c00d07d5428d597,[*]C#Cc1cccc(C#C[Si][*](C)C)c1,323.15,test
698ddbe96c00d07d5428d598,[*]O[Si](C)(C)C#Cc1ccc(C#C[Si][*](C)C)cc1,399.15,train
698ddbe96c00d07d5428d599,[*]O[Si](C)(C)O[Si](C)(C)C#Cc1ccc(C#C[Si][*](C)C)cc1,377.15,test
698ddbe96c00d07d5428d59a,[*]O[Si](C)(C)O[Si](C)(C)O[Si](C)(C)C#Cc1ccc(C#C[Si][*](C)C)cc1,369.15,train
698ddbe96c00d07d5428d59b,[*]O[Si](C)(C)O[Si](C)(C)O[Si](C)(C)O[Si](C)(C)C#Cc1ccc(C#C[Si][*](C)C)cc1,357.15,train
698ddbe96c00d07d5428d59c,[*]O[Si](C)(C)O[Si](C)(C)O[Si](C)(C)O[Si](C)(C)O[Si](C)(C)C#Cc1ccc(C#C[Si][*](C)C)cc1,351.15,test
698ddbe96c00d07d5428d59d,[*]O[SiH][*]Nc1cccc(N[Si][*](C)O[*])c1,450.65,train
698ddbe96c00d07d5428d59e,[*]O[Si][*](C)C=C,144.14999999999998,train
698ddbe96c00d07d5428d59f,[*]O[Si][*](C)C=C,144.14999999999998,train
698ddbe96c00d07d5428d5a0,[*]O[Si][*](C)CCCCCCOc1ccc(C(=O)Oc2ccc(C(=O)Oc3ccc(C=C(C(=O)OCCCCCCCCC)C(=O)OCCCCCCCCC)cc3)cc2)cc1,268.15,val
698ddbe96c00d07d5428d5a1,[*]O[Si][*](C)CCCCCCOc1ccc(C(=O)Oc2ccc(C(=O)Oc3ccc(C=C(C(=O)OCCCCCCCCC)C(=O)OCCCCCCCCC)cc3)cc2)cc1,268.15,train
698ddbe96c00d07d5428d5a2,[*]O[Si][*](C)CCCOc1ccc(C(=O)OC2CCC3(C)C(=CCC4C3CCC3(C)C(C(C)CCCC(C)C)CCC43)C2)cc1,334.25,train
698ddbe96c00d07d5428d5a3,[*]O[Si][*](C)CCCOc1ccc(C(=O)OC2CCC3(C)C(=CCC4C3CCC3(C)C(C(C)CCCC(C)C)CCC43)C2)cc1,334.25,train
698ddbe96c00d07d5428d5a4,[*]O[Si][*](C)c1ccccc1,244.99999999999997,train
698ddbe96c00d07d5428d5a5,[*]O[Si](C)(C)c1ccc2ccc3c([Si][*](C)C)ccc4ccc1c2c43,338.15,train
698ddbe96c00d07d5428d5a6,[*]N=P[*](CCC)CCC,283.15,test
698ddbe96c00d07d5428d5a7,[*]N=P[*](NC(C)C(=O)OCC)NC(C)C(=O)OCC,256.4,train
698ddbe96c00d07d5428d5a8,[*]N=P[*](Cl)Oc1ccc(C)cc1,268.15,train
698ddbe96c00d07d5428d5a9,[*]N=P[*](Oc1ccc(C)cc1)n1cncn1,346.4,test
698ddbe96c00d07d5428d5aa,[*]CC(=O)C[*]c1ccccc1,383.15,train
698ddbe96c00d07d5428d5ab,[*]CC(=O)C[*]C,296.15,train
698ddbe96c00d07d5428d5ac,[*]CC(=O)C[*]c1ccc(C(C)(C)C)cc1,431.15,train
698ddbe96c00d07d5428d5ad,[*]c1ccc(C(=O)c2ccc(C(=O)c3ccc(S[*](=O)=O)cc3)cc2)cc1,486.65,train
698ddbe96c00d07d5428d5ae,[*]c1ccc(C(=O)c2cccc(C(=O)c3ccc(S[*](=O)=O)cc3)c2)cc1,471.15,val
698ddbe96c00d07d5428d5af,[*]OS(=O)(=O)c1cc(C)c[*]c(C)c1,426.15,test
698ddbe96c00d07d5428d5b0,[*]c1cccc(S(=O)(=O)NCCNS[*](=O)=O)c1,380.15,test
698ddbe96c00d07d5428d5b1,[*]c1cccc(S(=O)(=O)NCCCCCCNS[*](=O)=O)c1,340.15,val
698ddbe96c00d07d5428d5b2,[*]OS(=O)(=O)c1cc(S(=O)(=O)Oc2ccc(C3(c4ccc[*]cc4)CCCC3)cc2)ccc1C,407.15,train
698ddbe96c00d07d5428d5b3,[*]OS(=O)(=O)c1cccc(S(=O)(=O)Oc2ccc(C3(c4ccc[*]cc4)CCCCC3)cc2)c1,400.15,train
698ddbe96c00d07d5428d5b4,[*]OS(=O)(=O)c1cc(S(=O)(=O)Oc2ccc(C3(c4ccc[*]cc4)CCCCC3)cc2)ccc1C,415.15,val
698ddbe96c00d07d5428d5b5,[*]OS(=O)(=O)c1cccc(S(=O)(=O)Oc2ccc(C(C)(CC)c3ccc[*]cc3)cc2)c1,420.15,train
698ddbe96c00d07d5428d5b6,[*]OS(=O)(=O)c1cc(S(=O)(=O)Oc2ccc(C3(c4ccc[*]c(C)c4)CCCCC3)cc2C)ccc1C,414.15,train
698ddbe96c00d07d5428d5b7,[*]c1cccc(S(=O)(=O)NCCCNS[*](=O)=O)c1,365.15,train
698ddbe96c00d07d5428d5b8,[*]c1cccc(S(=O)(=O)NCCCCNS[*](=O)=O)c1,355.15,train
698ddbe96c00d07d5428d5b9,[*]c1cccc(S(=O)(=O)NCCCCCNS[*](=O)=O)c1,347.15,val
698ddbe96c00d07d5428d5ba,[*]C/C=C/C(CC)S[*](=O)=O,343.25,test
698ddbe96c00d07d5428d5bb,[*]C/C=C(\C)C(C)S[*](=O)=O,346.15,train
698ddbe96c00d07d5428d5bc,[*]C/C=C/C(C)S[*](=O)=O,344.15,train
698ddbe96c00d07d5428d5bd,[*]C/C(C)=C/C(C)S[*](=O)=O,356.15,val
698ddbe96c00d07d5428d5be,[*]C/C=C(\C)CS[*](=O)=O,361.34999999999997,test
698ddbe96c00d07d5428d5bf,[*]C/C=C/CS[*](=O)=O,359.15,train
698ddbe96c00d07d5428d5c0,[*]CC(CC(C)C)S[*](=O)=O,296.15,train
698ddbe96c00d07d5428d5c1,[*]C1C2CCC(C2)C1S[*](=O)=O,306.15,train
698ddbe96c00d07d5428d5c2,[*]c1ccc(S[*](=O)=O)cc1,492.65,train
698ddbe96c00d07d5428d5c3,[*]c1c(C)cc(C(C)(C)c2cc(C)c(S[*](=O)=O)c(C)c2)cc1C,503.15,test
698ddbe96c00d07d5428d5c4,[*]CCc1ccc[*]c(CCCC)c1,293.15,test
698ddbe96c00d07d5428d5c5,[*]c1ccc(C(C#N)(C(=O)OCCCC)C[*](C#N)C(=O)OCCCC)cc1,381.15,train
698ddbe96c00d07d5428d5c6,[*]c1ccc(C(C#N)(C(=O)OC)C[*](C#N)C(=O)OC)cc1,381.15,train
698ddbe96c00d07d5428d5c7,[*]c1ccc(C(C#N)(C(=O)OCC)C[*](C#N)C(=O)OCC)cc1,381.15,train
698ddbe96c00d07d5428d5c8,[*]c1ccc(C(C#N)(C(=O)OCC(C)C)C[*](C#N)C(=O)OCC(C)C)cc1,381.15,train
698ddbe96c00d07d5428d5c9,[*]c1ccc(C(C#N)(C(=O)O)C[*](C#N)C(=O)O)cc1,381.15,val
698ddbe96c00d07d5428d5ca,[*]c1cc[*]cc(-c2nc3ccccc3o2)c1,523.15,train
698ddbe96c00d07d5428d5cb,[*]c1ccc(-c2nc3ccccc3o2)c[*]c1,502.15,train
698ddbe96c00d07d5428d5cc,[*]c1ccc(-c2nc3cc(C)ccc3o2)c[*]c1,494.15,test
698ddbe96c00d07d5428d5cd,[*]c1cc(OCCCC)c[*]cc1OCCCC,310.15,train
698ddbe96c00d07d5428d5ce,[*]/C(=C(/c1ccc[*]cc1)c1ccc(Oc2ccccc2)cc1)c1ccc(Oc2ccccc2)cc1,436.15,test
698ddbe96c00d07d5428d5cf,[*]/C(=N\c1ccccc1)c1ccc(-c2ccc[*]cc2)cc1,498.15,test
698ddbe96c00d07d5428d5d0,[*]c1ccc[*]c(C(=O)c2ccccc2)c1,453.15,test
698ddbe96c00d07d5428d5d1,[*]c1ccc[*]c(C(=O)c2ccc(C)cc2)c1,475.15,train
698ddbe96c00d07d5428d5d2,[*]c1ccc[*]c(C(=O)c2ccc(F)cc2)c1,467.15,train
698ddbe96c00d07d5428d5d3,[*]/C=C/c1cc(OCC(CC)CCCC)c[*]cc1OC,352.15,test
698ddbe96c00d07d5428d5d4,[*]/C=C/c1cc(OCCCCCCC)c(/C=C/c2ccc[*]cc2)cc1OCCCCCCC,319.15,train
698ddbe96c00d07d5428d5d5,[*]/C=C/c1cc(OCCCCCCCCC)c(/C=C/c2ccc[*]cc2)cc1OCCCCCCCCC,317.15,train
698ddbe96c00d07d5428d5d6,[*]/C=C/c1cc(OCCCCCCCCCCCC)c(/C=C/c2ccc[*]cc2)cc1OCCCCCCCCCCCC,311.15,test
698ddbe96c00d07d5428d5d7,[*]/C=C/c1cc(OCCCCCCCCCCCCCCCC)c(/C=C/c2ccc[*]cc2)cc1OCCCCCCCCCCCCCCCC,306.15,train
698ddbe96c00d07d5428d5d8,[*]/C=C/c1cc(OCCCC)c[*]cc1OC,338.15,test
698ddbe96c00d07d5428d5d9,[*]c1ccc(-c2ccc(C[*](C(F)(F)F)C(F)(F)F)cc2)cc1,537.15,val
698ddbe96c00d07d5428d5da,[*]Oc1cc(Br)cc(Br)c1[*],443.15,test
698ddbe96c00d07d5428d5db,[*]Cc1cc(C(C)(C)C)cc[*]c1O,323.15,train
698ddbe96c00d07d5428d5dc,[*]c1cc(C(C)(C)c2ccc(O)cc2)cc[*]c1O,408.15,train
698ddbe96c00d07d5428d5dd,[*]c1ccc(-c2ccc3c(c2)C(CCCCCCCC)(CCCCCCCC)c2cc[*]ccc2-3)cc1,354.15,train
698ddbe96c00d07d5428d5de,[*]c1ccc(-c2ccc3c(c2)C(CCCCCCCC)(CCCCCCCC)c2cc[*]ccc2-3)c(F)c1,307.15,test
698ddbe96c00d07d5428d5df,[*]c1ccc2c(c1)C(CCCCCCCC)(CCCCCCCC)c1cc(-c3cc(F)c[*]cc3F)ccc1-2,307.15,test
698ddbe96c00d07d5428d5e0,[*]c1ccc2c(c1)C(CCCCCCCC)(CCCCCCCC)c1cc(-c3c(F)c(F)c[*]c(F)c3F)ccc1-2,302.15,test
698ddbe96c00d07d5428d5e1,[*]/C(C#N)=C/c1cc(OCCCCCCCC)c(/C=C(\C#N)c2cc(OCCCCCCCC)c[*]cc2OC)cc1OC,447.15,train
698ddbe96c00d07d5428d5e2,[*]/C(C#N)=C/c1cc(OCCCCCCCCCC)c(/C=C(\C#N)c2cc(OCCCCCCCCCC)c[*]cc2OC)cc1OC,471.15,train
698ddbe96c00d07d5428d5e3,[*]/C(C#N)=C/c1cc(OCCCCCCCCCCCC)c(/C=C(\C#N)c2cc(OCCCCCCCCCCCC)c[*]cc2OC)cc1OC,454.15,train
698ddbe96c00d07d5428d5e4,[*]/C(C#N)=C/c1cc(OCCCCCCCCCCCCCCCC)c(/C=C(\C#N)c2cc(OCCCCCCCCCCCCCCCC)c[*]cc2OC)cc1OC,463.15,train
698ddbe96c00d07d5428d5e5,[*]/C=C(/c1ccc[*]cc1)c1ccc(C(F)(F)F)cc1,472.15,train
698ddbe96c00d07d5428d5e6,[*]/C(=C/c1ccc(/C=C(\c2ccccc2)c2ccc(-c3ccc[*]cc3)cc2)cc1)c1ccccc1,493.15,train
698ddbe96c00d07d5428d5e7,[*]/C(=C/c1cc(OC)c(/C=C(\c2ccc(F)cc2)c2ccc(-c3ccc[*]cc3)cc2)cc1OC)c1ccc(F)cc1,474.15,train
698ddbe96c00d07d5428d5e8,[*]/C(=C/c1cc(OC)c(/C=C(\c2ccccc2)c2ccc(-c3ccc[*]cc3)cc2)cc1OC)c1ccccc1,496.15,train
698ddbe96c00d07d5428d5e9,[*]/C(=C/c1cc(OC)c(/C=C(\c2ccccc2)c2ccc3cc[*]ccc3c2)cc1OC)c1ccccc1,471.15,train
698ddbe96c00d07d5428d5ea,[*]/C(=C/c1cc(OC)c(/C=C(/c2ccc[*]cc2)c2ccc(C(F)(F)F)cc2)cc1OC)c1ccc(C(F)(F)F)cc1,481.15,train
698ddbe96c00d07d5428d5eb,[*]/C(=C/c1cc(OC)c(/C=C(/c2ccc[*]cc2)c2ccc(F)cc2)cc1OC)c1ccc(F)cc1,466.15,train
698ddbe96c00d07d5428d5ec,[*]/C(=C/c1cc(OC)c(/C=C(/c2ccc[*]cc2)c2ccc(OC)cc2)cc1OC)c1ccc(OC)cc1,443.15,val
698ddbe96c00d07d5428d5ed,[*]/C(=C/c1cc(OC)c(/C=C(\c2ccc(F)cc2)c2ccc3cc[*]ccc3c2)cc1OC)c1ccc(F)cc1,481.15,train
698ddbe96c00d07d5428d5ee,[*]/C=C/c1cc(OCC(CC)CCCC)c(/C=C/c2cc(OC)c[*]cc2OC)cc1OC,383.15,train
698ddbe96c00d07d5428d5ef,[*]/C=C/c1cc(OC)c(/C=C/c2ccc(/C=C(\Oc3ccccc3)c3ccc(/C(=C/c4ccc[*]cc4)c4ccc(Oc5ccccc5)cc4)cc3)cc2)cc1OC,448.15,train
698ddbe96c00d07d5428d5f0,[*]c1cc(/N=N/c2ccc(OC)cc2)cc[*]c1O,407.15,train
698ddbe96c00d07d5428d5f1,[*]c1cc(/N=N/c2ccc(C#N)cc2)cc[*]c1O,449.15,train
698ddbe96c00d07d5428d5f2,[*]/C=C/c1cc(OCCC(C)CCCC(C)C)c[*]cc1OC,327.65,test
698ddbe96c00d07d5428d5f3,[*]/C=C/c1cc(OCCCCCC)c[*]cc1OC,333.15,val
698ddbe96c00d07d5428d5f4,[*]/C=C/c1cc(OCCCCCC)c[*]cc1OC,333.15,train
698ddbe96c00d07d5428d5f5,[*]c1ccc(-c2cc(-c3ccc(OCCCCCC)cc3)cc(-c3ccc(-c4ccc5c(c4)C(CCCCCC)(CCCCCC)c4cc[*]ccc4-5)cc3)c2-c2ccc(OCCCCCC)cc2)cc1,391.15,train
698ddbe96c00d07d5428d5f6,[*]c1ccc(-c2cc(-c3ccc(OCC(CC)CCCC)cc3)cc(-c3ccc(-c4ccc5c(c4)C(CCCCCC)(CCCCCC)c4cc[*]ccc4-5)cc3)c2-c2ccc(OCC(CC)CCCC)cc2)cc1,383.15,test
698ddbe96c00d07d5428d5f7,[*]c1ccc(-c2cc(-c3ccc(OCCCCCCCCCCCC)cc3)cc(-c3ccc(-c4ccc5c(c4)C(CCCCCC)(CCCCCC)c4cc[*]ccc4-5)cc3)c2-c2ccc(OCCCCCCCCCCCC)cc2)cc1,352.15,train
698ddbe96c00d07d5428d5f8,[*]/C=C/c1ccc[*]c(-c2ccc(OCC(CC)CCCC)c3ccccc23)c1,408.15,train
698ddbe96c00d07d5428d5f9,[*]/C=C/c1ccc[*]c(-c2c(OCC(CC)CCCC)ccc3ccccc23)c1,391.15,train
698ddbe96c00d07d5428d5fa,[*]/C=C/c1ccc[*]c(-c2c(OCC(CC)CCCC)ccc3cc(-c4ccccc4)ccc23)c1,414.15,train
698ddbe96c00d07d5428d5fb,[*]/C=C/c1ccc[*]c(OCc2cc(OCCC(C)CCCC(C)C)cc(OCC(CC)CCCC)c2)c1,500.15,train
698ddbe96c00d07d5428d5fc,[*]/C=C/c1ccc[*]c(OCc2cc(OCc3cc(OCCC(C)CCCC(C)C)cc(OCCC(C)CCCC(C)C)c3)cc(OCc3cc(OCC(CC)CCCC)cc(OCC(CC)CCCC)c3)c2)c1,496.15,train
698ddbe96c00d07d5428d5fd,[*]c1ccc(-c2ccc3c(c2)C(CCCCCCBr)(CCCCCCBr)c2cc[*]ccc2-3)cc1,395.15,train
698ddbe96c00d07d5428d5fe,[*]c1ccc(-c2ccc3c(c2)C(CCCCCCC#N)(CCCCCCC#N)c2cc[*]ccc2-3)cc1,363.15,val
698ddbe96c00d07d5428d5ff,[*]/C=C/c1ccc[*]c(-c2cc(OCCC(C)C)c(OCCC(C)C)cc2-c2ccccc2)c1,437.15,train
698ddbe96c00d07d5428d600,[*]c1ccc(-c2ccc(C3[*]CCCCC3)cc2)cc1,560.15,train
698ddbe96c00d07d5428d601,[*]c1ccc(-c2ccc(C3[*]c4ccccc4-c4ccccc43)cc2)cc1,570.15,val
698ddbe96c00d07d5428d602,[*]/C=C/c1cc(OCC2CC3CC2C2CCCC32)c[*]cc1OC,447.15,train
698ddbe96c00d07d5428d603,[*]c1ccc(-c2ccc3c(c2)C(CCCCCC)(CCCCCC)c2cc[*]ccc2-3)cc1,379.34999999999997,train
698ddbe96c00d07d5428d604,[*]c1ccc2c(c1)C(CCCCCC)(CCCCCC)c1cc(-c3cc(CCCCCC)c[*]cc3CCCCCC)ccc1-2,351.95,train
698ddbe96c00d07d5428d605,[*]c1ccc2c(c1)C(CCCCCC)(CCCCCC)c1cc(-c3cc(CCCCCCCC)c[*]cc3CCCCCCCC)ccc1-2,347.65,val
698ddbe96c00d07d5428d606,[*]/C=C/c1cc(OCCCCCCCC)c[*]cc1OC,331.15,train
698ddbe96c00d07d5428d607,[*]/C=C/c1cc(OCCCCCCCCCCCC)c[*]cc1OC,309.15,train
698ddbe96c00d07d5428d608,[*]/C=C/c1cc(OCCCCCC)c[*]cc1OC,333.15,train
698ddbe96c00d07d5428d609,[*]/C=C/c1cc(OCCCCCC)c[*]cc1OC,333.15,train
698ddbe96c00d07d5428d60a,[*]/C=C/c1ccc(/C=C/c2ccc3c(c2)C(CCCCCCOc2ccc4ccc(=O)oc4c2)(CCCCCCOc2ccc4ccc(=O)oc4c2)c2cc[*]ccc2-3)cc1,377.15,test
698ddbe96c00d07d5428d60b,[*]c1ccc2c(c1)C(CCCCCC)(CCCCCC)c1cc(-c3cc(OCCCCCCCC)c[*]cc3OCCCCCCCC)ccc1-2,331.15,train
698ddbe96c00d07d5428d60c,[*]c1ccc2c(c1)C(CCCCCC)(CCCCCC)c1cc(-c3cc(OCc4ccccc4)c[*]cc3OCc3ccccc3)ccc1-2,346.15,train
698ddbe96c00d07d5428d60d,[*]/C=C/c1cc(OCC(CC)CCCC)c[*]cc1-c1ccc(N(c2ccc(OC)cc2)c2ccc(OC)cc2)cc1,436.15,train
698ddbe96c00d07d5428d60e,[*]/C=C/c1cc(OCC(CC)CCCC)c[*]cc1-c1ccc(F)c(C(F)(F)F)c1,395.15,train
698ddbe96c00d07d5428d60f,[*]/C(C#N)=C/c1cc(/C=C(\C#N)c2ccc3c(c2)C(CCCCCCCC)(CCCCCCCC)c2cc[*]ccc2-3)cc(N(c2ccccc2)c2ccccc2)c1,409.15,val
698ddbe96c00d07d5428d610,[*]/C=C/c1cc(OCCc2ccccc2)c[*]cc1OC,394.15,test
698ddbe96c00d07d5428d611,[*]c1cc(/C=N/c2ccc3c(c2)c2cc(/N=C/c4cc[*]c(O)c[*]c4)ccc2n3CCCC)ccc1O,579.15,train
698ddbe96c00d07d5428d612,[*]c1cc(/C=N/c2ccc3c(c2)c2cc(/N=C/c4cc[*]c(O)c[*]c4)ccc2n3CCCCCC)ccc1O,600.15,train
698ddbe96c00d07d5428d613,[*]c1cc(/C=N/c2ccc3c(c2)c2cc(/N=C/c4cc[*]c(O)c[*]c4)ccc2n3CCCCCCCCCCCC)ccc1O,583.15,train
698ddbe96c00d07d5428d614,[*]/C=C/[Ge][*](c1ccccc1)c1ccccc1,237.14999999999998,train
698ddbe96c00d07d5428d615,[*][Se]c1c(Cl)c(Cl)c[*]c(Cl)c1Cl,377.15,train
698ddbe96c00d07d5428d616,[*]CC[*](F)C(=O)OCC(F)(F)F,397.15,train
698ddbe96c00d07d5428d617,[*]CC[*](F)C(=O)OCC(F)(F)C(F)(F)F,372.15,test
698ddbe96c00d07d5428d618,[*]CC[*](F)C(=O)OCC(F)(F)C(F)F,363.65,val
698ddbe96c00d07d5428d619,[*]CC[*](F)C(=O)OCC(F)(F)C(F)(F)C(F)(F)C(F)F,333.15,train
698ddbe96c00d07d5428d61a,[*]CC[*](F)C(=O)OCCC(F)(F)C(F)(F)C(F)(F)C(F)(F)C(F)(F)C(F)(F)C(F)(F)C(F)(F)F,360.65,test
698ddbe96c00d07d5428d61b,[*]CC[*](F)C(=O)OCC(F)(F)C(F)(F)C(F)(F)F,348.15,val
698ddbe96c00d07d5428d61c,[*]CC[*](F)C(=O)OCC(F)(F)C(F)(F)C(F)(F)C(F)(F)F,336.15,train
698ddbe96c00d07d5428d61d,[*]CC[*](F)C(=O)OCCC(F)(F)C(F)(F)C(F)(F)C(F)(F)F,279.15,test
698ddbe96c00d07d5428d61e,[*]CC[*](F)C(=O)OCCC(F)(F)C(F)(F)C(F)(F)C(F)(F)C(F)(F)C(F)(F)F,326.15,train
698ddbe96c00d07d5428d61f,[*]CC[*](F)C(=O)OCCC(F)(F)C(F)(F)C(F)(F)C(F)(F)C(F)(F)C(F)(F)C(F)(F)C(F)(F)C(F)(F)C(F)(F)F,326.15,train
698ddbe96c00d07d5428d620,[*]CC[*](F)C(=O)OC(C(F)(F)F)C(F)(F)F,375.15,test
698ddbe96c00d07d5428d621,[*]CC[*](F)C(=O)OCC,367.15,train
698ddbe96c00d07d5428d622,[*]CC[*](F)C(=O)OCCC,335.15,train
698ddbe96c00d07d5428d623,[*]CC(F)(F)C1(F)C[*]CC(O)(C(F)(F)F)C1(F)F,425.15,train
698ddbe96c00d07d5428d624,[*]CC(F)(F)C1(F)CC(CC(O)(C(F)(F)F)C(F)(F)F)CC1[*],371.15,train
698ddbe96c00d07d5428d625,[*]CC(F)(F)C1(F)CC(C(O)(C(F)(F)F)C(F)(F)F)CC1[*],391.15,train
698ddbe96c00d07d5428d626,[*]CC[*](F)C(=O)OCC(Cl)(Cl)Cl,400.15,test
698ddbe96c00d07d5428d627,[*]/C=C/[*],605.8588378,train
698ddbe96c00d07d5428d628,[*]C[*],543.7733171,train
